document_number,posting_date,period,company_code,profit_center,cost_center,gl_account,amount,debit_credit,document_type,source
4900000001,2023-01-21,2023-01-01,1000,PC10,,400000,581098.36,C,RV,Billing
4900000002,2023-01-04,2023-01-01,2000,PC10,,400000,316962.74,C,RV,Billing
4900000003,2023-01-01,2023-01-01,3000,PC10,,400000,158481.37,C,RV,Billing
4900000004,2023-01-24,2023-01-01,1000,PC20,,400000,419284.47,C,RV,Billing
4900000005,2023-01-09,2023-01-01,2000,PC20,,400000,228700.62,C,RV,Billing
4900000006,2023-01-08,2023-01-01,3000,PC20,,400000,114350.31,C,RV,Billing
4900000007,2023-01-08,2023-01-01,1000,PC40,,400200,364522.43,C,RV,Billing
4900000008,2023-01-05,2023-01-01,2000,PC40,,400200,198830.42,C,RV,Billing
4900000009,2023-01-24,2023-01-01,3000,PC40,,400200,99415.21,C,RV,Billing
4900000010,2023-01-04,2023-01-01,1000,PC30,,400100,118183.63,C,RV,Billing
4900000011,2023-01-22,2023-01-01,2000,PC30,,400100,64463.8,C,RV,Billing
4900000012,2023-01-24,2023-01-01,3000,PC30,,400100,32231.9,C,RV,Billing
4900000013,2023-02-18,2023-02-01,1000,PC10,,400000,598367.32,C,RV,Billing
4900000014,2023-02-03,2023-02-01,2000,PC10,,400000,326382.18,C,RV,Billing
4900000015,2023-02-19,2023-02-01,3000,PC10,,400000,163191.09,C,RV,Billing
4900000016,2023-02-14,2023-02-01,1000,PC20,,400000,425411.78,C,RV,Billing
4900000017,2023-02-02,2023-02-01,2000,PC20,,400000,232042.79,C,RV,Billing
4900000018,2023-02-01,2023-02-01,3000,PC20,,400000,116021.39,C,RV,Billing
4900000019,2023-02-03,2023-02-01,1000,PC40,,400200,361332.92,C,RV,Billing
4900000020,2023-02-07,2023-02-01,2000,PC40,,400200,197090.68,C,RV,Billing
4900000021,2023-02-08,2023-02-01,3000,PC40,,400200,98545.34,C,RV,Billing
4900000022,2023-02-17,2023-02-01,1000,PC30,,400100,90927.4,C,RV,Billing
4900000023,2023-02-20,2023-02-01,2000,PC30,,400100,49596.76,C,RV,Billing
4900000024,2023-02-01,2023-02-01,3000,PC30,,400100,24798.38,C,RV,Billing
4900000025,2023-03-18,2023-03-01,1000,PC10,,400000,623627.32,C,RV,Billing
4900000026,2023-03-07,2023-03-01,2000,PC10,,400000,340160.36,C,RV,Billing
4900000027,2023-03-23,2023-03-01,3000,PC10,,400000,170080.18,C,RV,Billing
4900000028,2023-03-21,2023-03-01,1000,PC20,,400000,433276.24,C,RV,Billing
4900000029,2023-03-23,2023-03-01,2000,PC20,,400000,236332.49,C,RV,Billing
4900000030,2023-03-18,2023-03-01,3000,PC20,,400000,118166.25,C,RV,Billing
4900000031,2023-03-14,2023-03-01,1000,PC40,,400200,358479.3,C,RV,Billing
4900000032,2023-03-08,2023-03-01,2000,PC40,,400200,195534.17,C,RV,Billing
4900000033,2023-03-15,2023-03-01,3000,PC40,,400200,97767.08,C,RV,Billing
4900000034,2023-03-19,2023-03-01,1000,PC30,,400100,111635.01,C,RV,Billing
4900000035,2023-03-09,2023-03-01,2000,PC30,,400100,60891.82,C,RV,Billing
4900000036,2023-03-26,2023-03-01,3000,PC30,,400100,30445.91,C,RV,Billing
4900000037,2023-04-28,2023-04-01,1000,PC10,,400000,636412.91,C,RV,Billing
4900000038,2023-04-01,2023-04-01,2000,PC10,,400000,347134.32,C,RV,Billing
4900000039,2023-04-25,2023-04-01,3000,PC10,,400000,173567.16,C,RV,Billing
4900000040,2023-04-26,2023-04-01,1000,PC20,,400000,437911.01,C,RV,Billing
4900000041,2023-04-06,2023-04-01,2000,PC20,,400000,238860.55,C,RV,Billing
4900000042,2023-04-23,2023-04-01,3000,PC20,,400000,119430.28,C,RV,Billing
4900000043,2023-04-14,2023-04-01,1000,PC40,,400200,361393.43,C,RV,Billing
4900000044,2023-04-11,2023-04-01,2000,PC40,,400200,197123.69,C,RV,Billing
4900000045,2023-04-09,2023-04-01,3000,PC40,,400200,98561.84,C,RV,Billing
4900000046,2023-04-05,2023-04-01,1000,PC30,,400100,121348.02,C,RV,Billing
4900000047,2023-04-07,2023-04-01,2000,PC30,,400100,66189.83,C,RV,Billing
4900000048,2023-04-25,2023-04-01,3000,PC30,,400100,33094.92,C,RV,Billing
4900000049,2023-05-11,2023-05-01,1000,PC10,,400000,656592.97,C,RV,Billing
4900000050,2023-05-04,2023-05-01,2000,PC10,,400000,358141.62,C,RV,Billing
4900000051,2023-05-03,2023-05-01,3000,PC10,,400000,179070.81,C,RV,Billing
4900000052,2023-05-13,2023-05-01,1000,PC20,,400000,448293.95,C,RV,Billing
4900000053,2023-05-04,2023-05-01,2000,PC20,,400000,244523.97,C,RV,Billing
4900000054,2023-05-12,2023-05-01,3000,PC20,,400000,122261.99,C,RV,Billing
4900000055,2023-05-28,2023-05-01,1000,PC40,,400200,360855.85,C,RV,Billing
4900000056,2023-05-12,2023-05-01,2000,PC40,,400200,196830.47,C,RV,Billing
4900000057,2023-05-20,2023-05-01,3000,PC40,,400200,98415.23,C,RV,Billing
4900000058,2023-05-09,2023-05-01,1000,PC30,,400100,92318.16,C,RV,Billing
4900000059,2023-05-26,2023-05-01,2000,PC30,,400100,50355.36,C,RV,Billing
4900000060,2023-05-02,2023-05-01,3000,PC30,,400100,25177.68,C,RV,Billing
4900000061,2023-06-24,2023-06-01,1000,PC10,,400000,674632.02,C,RV,Billing
4900000062,2023-06-15,2023-06-01,2000,PC10,,400000,367981.1,C,RV,Billing
4900000063,2023-06-18,2023-06-01,3000,PC10,,400000,183990.55,C,RV,Billing
4900000064,2023-06-04,2023-06-01,1000,PC20,,400000,463533.45,C,RV,Billing
4900000065,2023-06-13,2023-06-01,2000,PC20,,400000,252836.43,C,RV,Billing
4900000066,2023-06-03,2023-06-01,3000,PC20,,400000,126418.21,C,RV,Billing
4900000067,2023-06-18,2023-06-01,1000,PC40,,400200,362350.24,C,RV,Billing
4900000068,2023-06-10,2023-06-01,2000,PC40,,400200,197645.59,C,RV,Billing
4900000069,2023-06-27,2023-06-01,3000,PC40,,400200,98822.79,C,RV,Billing
4900000070,2023-06-21,2023-06-01,1000,PC30,,400100,141853.18,C,RV,Billing
4900000071,2023-06-20,2023-06-01,2000,PC30,,400100,77374.46,C,RV,Billing
4900000072,2023-06-28,2023-06-01,3000,PC30,,400100,38687.23,C,RV,Billing
4900000073,2023-07-12,2023-07-01,1000,PC10,,400000,681156.94,C,RV,Billing
4900000074,2023-07-19,2023-07-01,2000,PC10,,400000,371540.15,C,RV,Billing
4900000075,2023-07-07,2023-07-01,3000,PC10,,400000,185770.07,C,RV,Billing
4900000076,2023-07-23,2023-07-01,1000,PC20,,400000,470700.92,C,RV,Billing
4900000077,2023-07-03,2023-07-01,2000,PC20,,400000,256745.95,C,RV,Billing
4900000078,2023-07-02,2023-07-01,3000,PC20,,400000,128372.98,C,RV,Billing
4900000079,2023-07-22,2023-07-01,1000,PC40,,400200,361013.15,C,RV,Billing
4900000080,2023-07-08,2023-07-01,2000,PC40,,400200,196916.26,C,RV,Billing
4900000081,2023-07-25,2023-07-01,3000,PC40,,400200,98458.13,C,RV,Billing
4900000082,2023-07-10,2023-07-01,1000,PC30,,400100,115558.07,C,RV,Billing
4900000083,2023-07-03,2023-07-01,2000,PC30,,400100,63031.67,C,RV,Billing
4900000084,2023-07-28,2023-07-01,3000,PC30,,400100,31515.84,C,RV,Billing
4900000085,2023-08-08,2023-08-01,1000,PC10,,400000,692735.96,C,RV,Billing
4900000086,2023-08-28,2023-08-01,2000,PC10,,400000,377855.98,C,RV,Billing
4900000087,2023-08-04,2023-08-01,3000,PC10,,400000,188927.99,C,RV,Billing
4900000088,2023-08-13,2023-08-01,1000,PC20,,400000,490519.42,C,RV,Billing
4900000089,2023-08-09,2023-08-01,2000,PC20,,400000,267556.05,C,RV,Billing
4900000090,2023-08-15,2023-08-01,3000,PC20,,400000,133778.02,C,RV,Billing
4900000091,2023-08-21,2023-08-01,1000,PC40,,400200,361633.31,C,RV,Billing
4900000092,2023-08-27,2023-08-01,2000,PC40,,400200,197254.53,C,RV,Billing
4900000093,2023-08-12,2023-08-01,3000,PC40,,400200,98627.27,C,RV,Billing
4900000094,2023-08-06,2023-08-01,1000,PC30,,400100,94881.07,C,RV,Billing
4900000095,2023-08-12,2023-08-01,2000,PC30,,400100,51753.31,C,RV,Billing
4900000096,2023-08-12,2023-08-01,3000,PC30,,400100,25876.65,C,RV,Billing
4900000097,2023-09-07,2023-09-01,1000,PC10,,400000,715351.66,C,RV,Billing
4900000098,2023-09-22,2023-09-01,2000,PC10,,400000,390191.81,C,RV,Billing
4900000099,2023-09-09,2023-09-01,3000,PC10,,400000,195095.91,C,RV,Billing
4900000100,2023-09-23,2023-09-01,1000,PC20,,400000,500574.87,C,RV,Billing
4900000101,2023-09-22,2023-09-01,2000,PC20,,400000,273040.84,C,RV,Billing
4900000102,2023-09-21,2023-09-01,3000,PC20,,400000,136520.42,C,RV,Billing
4900000103,2023-09-03,2023-09-01,1000,PC40,,400200,364078.05,C,RV,Billing
4900000104,2023-09-20,2023-09-01,2000,PC40,,400200,198588.03,C,RV,Billing
4900000105,2023-09-21,2023-09-01,3000,PC40,,400200,99294.01,C,RV,Billing
4900000106,2023-09-06,2023-09-01,1000,PC30,,400100,143113.35,C,RV,Billing
4900000107,2023-09-18,2023-09-01,2000,PC30,,400100,78061.83,C,RV,Billing
4900000108,2023-09-24,2023-09-01,3000,PC30,,400100,39030.91,C,RV,Billing
4900000109,2023-10-08,2023-10-01,1000,PC10,,400000,730317.95,C,RV,Billing
4900000110,2023-10-06,2023-10-01,2000,PC10,,400000,398355.24,C,RV,Billing
4900000111,2023-10-15,2023-10-01,3000,PC10,,400000,199177.62,C,RV,Billing
4900000112,2023-10-13,2023-10-01,1000,PC20,,400000,508500.93,C,RV,Billing
4900000113,2023-10-09,2023-10-01,2000,PC20,,400000,277364.15,C,RV,Billing
4900000114,2023-10-21,2023-10-01,3000,PC20,,400000,138682.07,C,RV,Billing
4900000115,2023-10-23,2023-10-01,1000,PC40,,400200,366959.24,C,RV,Billing
4900000116,2023-10-18,2023-10-01,2000,PC40,,400200,200159.58,C,RV,Billing
4900000117,2023-10-08,2023-10-01,3000,PC40,,400200,100079.79,C,RV,Billing
4900000118,2023-10-22,2023-10-01,1000,PC30,,400100,131910.91,C,RV,Billing
4900000119,2023-10-11,2023-10-01,2000,PC30,,400100,71951.41,C,RV,Billing
4900000120,2023-10-27,2023-10-01,3000,PC30,,400100,35975.7,C,RV,Billing
4900000121,2023-11-25,2023-11-01,1000,PC10,,400000,742028.34,C,RV,Billing
4900000122,2023-11-25,2023-11-01,2000,PC10,,400000,404742.73,C,RV,Billing
4900000123,2023-11-02,2023-11-01,3000,PC10,,400000,202371.37,C,RV,Billing
4900000124,2023-11-08,2023-11-01,1000,PC20,,400000,520039.13,C,RV,Billing
4900000125,2023-11-27,2023-11-01,2000,PC20,,400000,283657.71,C,RV,Billing
4900000126,2023-11-02,2023-11-01,3000,PC20,,400000,141828.85,C,RV,Billing
4900000127,2023-11-26,2023-11-01,1000,PC40,,400200,373920.68,C,RV,Billing
4900000128,2023-11-11,2023-11-01,2000,PC40,,400200,203956.73,C,RV,Billing
4900000129,2023-11-13,2023-11-01,3000,PC40,,400200,101978.37,C,RV,Billing
4900000130,2023-11-09,2023-11-01,1000,PC30,,400100,137418.09,C,RV,Billing
4900000131,2023-11-03,2023-11-01,2000,PC30,,400100,74955.32,C,RV,Billing
4900000132,2023-11-07,2023-11-01,3000,PC30,,400100,37477.66,C,RV,Billing
4900000133,2023-12-19,2023-12-01,1000,PC10,,400000,756230.02,C,RV,Billing
4900000134,2023-12-23,2023-12-01,2000,PC10,,400000,412489.1,C,RV,Billing
4900000135,2023-12-11,2023-12-01,3000,PC10,,400000,206244.55,C,RV,Billing
4900000136,2023-12-07,2023-12-01,1000,PC20,,400000,545098.29,C,RV,Billing
4900000137,2023-12-21,2023-12-01,2000,PC20,,400000,297326.34,C,RV,Billing
4900000138,2023-12-16,2023-12-01,3000,PC20,,400000,148663.17,C,RV,Billing
4900000139,2023-12-13,2023-12-01,1000,PC40,,400200,382645.86,C,RV,Billing
4900000140,2023-12-21,2023-12-01,2000,PC40,,400200,208715.92,C,RV,Billing
4900000141,2023-12-15,2023-12-01,3000,PC40,,400200,104357.96,C,RV,Billing
4900000142,2023-12-05,2023-12-01,1000,PC30,,400100,157823.79,C,RV,Billing
4900000143,2023-12-09,2023-12-01,2000,PC30,,400100,86085.7,C,RV,Billing
4900000144,2023-12-05,2023-12-01,3000,PC30,,400100,43042.85,C,RV,Billing
4900000145,2024-01-08,2024-01-01,1000,PC10,,400000,782098.26,C,RV,Billing
4900000146,2024-01-24,2024-01-01,2000,PC10,,400000,426599.05,C,RV,Billing
4900000147,2024-01-18,2024-01-01,3000,PC10,,400000,213299.53,C,RV,Billing
4900000148,2024-01-18,2024-01-01,1000,PC20,,400000,555250.39,C,RV,Billing
4900000149,2024-01-09,2024-01-01,2000,PC20,,400000,302863.85,C,RV,Billing
4900000150,2024-01-24,2024-01-01,3000,PC20,,400000,151431.92,C,RV,Billing
4900000151,2024-01-19,2024-01-01,1000,PC40,,400200,381518.69,C,RV,Billing
4900000152,2024-01-14,2024-01-01,2000,PC40,,400200,208101.1,C,RV,Billing
4900000153,2024-01-19,2024-01-01,3000,PC40,,400200,104050.55,C,RV,Billing
4900000154,2024-01-13,2024-01-01,1000,PC30,,400100,137008.51,C,RV,Billing
4900000155,2024-01-12,2024-01-01,2000,PC30,,400100,74731.92,C,RV,Billing
4900000156,2024-01-08,2024-01-01,3000,PC30,,400100,37365.96,C,RV,Billing
4900000157,2024-02-05,2024-02-01,1000,PC10,,400000,785632.75,C,RV,Billing
4900000158,2024-02-17,2024-02-01,2000,PC10,,400000,428526.95,C,RV,Billing
4900000159,2024-02-16,2024-02-01,3000,PC10,,400000,214263.48,C,RV,Billing
4900000160,2024-02-03,2024-02-01,1000,PC20,,400000,574451.7,C,RV,Billing
4900000161,2024-02-25,2024-02-01,2000,PC20,,400000,313337.29,C,RV,Billing
4900000162,2024-02-02,2024-02-01,3000,PC20,,400000,156668.65,C,RV,Billing
4900000163,2024-02-28,2024-02-01,1000,PC40,,400200,383320.62,C,RV,Billing
4900000164,2024-02-04,2024-02-01,2000,PC40,,400200,209083.98,C,RV,Billing
4900000165,2024-02-05,2024-02-01,3000,PC40,,400200,104541.99,C,RV,Billing
4900000166,2024-02-21,2024-02-01,1000,PC30,,400100,124498.1,C,RV,Billing
4900000167,2024-02-06,2024-02-01,2000,PC30,,400100,67908.05,C,RV,Billing
4900000168,2024-02-26,2024-02-01,3000,PC30,,400100,33954.03,C,RV,Billing
4900000169,2024-03-22,2024-03-01,1000,PC10,,400000,792492.75,C,RV,Billing
4900000170,2024-03-14,2024-03-01,2000,PC10,,400000,432268.77,C,RV,Billing
4900000171,2024-03-20,2024-03-01,3000,PC10,,400000,216134.39,C,RV,Billing
4900000172,2024-03-03,2024-03-01,1000,PC20,,400000,588126.3,C,RV,Billing
4900000173,2024-03-13,2024-03-01,2000,PC20,,400000,320796.17,C,RV,Billing
4900000174,2024-03-13,2024-03-01,3000,PC20,,400000,160398.08,C,RV,Billing
4900000175,2024-03-20,2024-03-01,1000,PC40,,400200,385198.91,C,RV,Billing
4900000176,2024-03-15,2024-03-01,2000,PC40,,400200,210108.5,C,RV,Billing
4900000177,2024-03-17,2024-03-01,3000,PC40,,400200,105054.25,C,RV,Billing
4900000178,2024-03-09,2024-03-01,1000,PC30,,400100,158018.44,C,RV,Billing
4900000179,2024-03-18,2024-03-01,2000,PC30,,400100,86191.87,C,RV,Billing
4900000180,2024-03-28,2024-03-01,3000,PC30,,400100,43095.94,C,RV,Billing
4900000181,2024-04-01,2024-04-01,1000,PC10,,400000,806997.69,C,RV,Billing
4900000182,2024-04-22,2024-04-01,2000,PC10,,400000,440180.56,C,RV,Billing
4900000183,2024-04-24,2024-04-01,3000,PC10,,400000,220090.28,C,RV,Billing
4900000184,2024-04-04,2024-04-01,1000,PC20,,400000,597576.03,C,RV,Billing
4900000185,2024-04-22,2024-04-01,2000,PC20,,400000,325950.56,C,RV,Billing
4900000186,2024-04-18,2024-04-01,3000,PC20,,400000,162975.28,C,RV,Billing
4900000187,2024-04-25,2024-04-01,1000,PC40,,400200,387458.48,C,RV,Billing
4900000188,2024-04-09,2024-04-01,2000,PC40,,400200,211340.99,C,RV,Billing
4900000189,2024-04-25,2024-04-01,3000,PC40,,400200,105670.49,C,RV,Billing
4900000190,2024-04-21,2024-04-01,1000,PC30,,400100,168335.78,C,RV,Billing
4900000191,2024-04-11,2024-04-01,2000,PC30,,400100,91819.52,C,RV,Billing
4900000192,2024-04-04,2024-04-01,3000,PC30,,400100,45909.76,C,RV,Billing
4900000193,2024-05-10,2024-05-01,1000,PC10,,400000,821928.25,C,RV,Billing
4900000194,2024-05-14,2024-05-01,2000,PC10,,400000,448324.5,C,RV,Billing
4900000195,2024-05-06,2024-05-01,3000,PC10,,400000,224162.25,C,RV,Billing
4900000196,2024-05-15,2024-05-01,1000,PC20,,400000,605028.77,C,RV,Billing
4900000197,2024-05-01,2024-05-01,2000,PC20,,400000,330015.69,C,RV,Billing
4900000198,2024-05-24,2024-05-01,3000,PC20,,400000,165007.85,C,RV,Billing
4900000199,2024-05-24,2024-05-01,1000,PC40,,400200,386368.16,C,RV,Billing
4900000200,2024-05-09,2024-05-01,2000,PC40,,400200,210746.27,C,RV,Billing
4900000201,2024-05-17,2024-05-01,3000,PC40,,400200,105373.13,C,RV,Billing
4900000202,2024-05-25,2024-05-01,1000,PC30,,400100,140832.04,C,RV,Billing
4900000203,2024-05-06,2024-05-01,2000,PC30,,400100,76817.47,C,RV,Billing
4900000204,2024-05-17,2024-05-01,3000,PC30,,400100,38408.74,C,RV,Billing
4900000205,2024-06-04,2024-06-01,1000,PC10,,400000,836186.54,C,RV,Billing
4900000206,2024-06-28,2024-06-01,2000,PC10,,400000,456101.75,C,RV,Billing
4900000207,2024-06-21,2024-06-01,3000,PC10,,400000,228050.87,C,RV,Billing
4900000208,2024-06-10,2024-06-01,1000,PC20,,400000,620409.44,C,RV,Billing
4900000209,2024-06-27,2024-06-01,2000,PC20,,400000,338405.15,C,RV,Billing
4900000210,2024-06-21,2024-06-01,3000,PC20,,400000,169202.57,C,RV,Billing
4900000211,2024-06-17,2024-06-01,1000,PC40,,400200,384872.44,C,RV,Billing
4900000212,2024-06-20,2024-06-01,2000,PC40,,400200,209930.42,C,RV,Billing
4900000213,2024-06-07,2024-06-01,3000,PC40,,400200,104965.21,C,RV,Billing
4900000214,2024-06-05,2024-06-01,1000,PC30,,400100,219658.37,C,RV,Billing
4900000215,2024-06-12,2024-06-01,2000,PC30,,400100,119813.66,C,RV,Billing
4900000216,2024-06-25,2024-06-01,3000,PC30,,400100,59906.83,C,RV,Billing
4900000217,2024-07-06,2024-07-01,1000,PC10,,400000,847383.9,C,RV,Billing
4900000218,2024-07-18,2024-07-01,2000,PC10,,400000,462209.4,C,RV,Billing
4900000219,2024-07-25,2024-07-01,3000,PC10,,400000,231104.7,C,RV,Billing
4900000220,2024-07-17,2024-07-01,1000,PC20,,400000,632851.43,C,RV,Billing
4900000221,2024-07-01,2024-07-01,2000,PC20,,400000,345191.69,C,RV,Billing
4900000222,2024-07-20,2024-07-01,3000,PC20,,400000,172595.85,C,RV,Billing
4900000223,2024-07-11,2024-07-01,1000,PC40,,400200,383293.6,C,RV,Billing
4900000224,2024-07-16,2024-07-01,2000,PC40,,400200,209069.24,C,RV,Billing
4900000225,2024-07-01,2024-07-01,3000,PC40,,400200,104534.62,C,RV,Billing
4900000226,2024-07-04,2024-07-01,1000,PC30,,400100,129190.93,C,RV,Billing
4900000227,2024-07-12,2024-07-01,2000,PC30,,400100,70467.78,C,RV,Billing
4900000228,2024-07-27,2024-07-01,3000,PC30,,400100,35233.89,C,RV,Billing
4900000229,2024-08-26,2024-08-01,1000,PC10,,400000,855704.84,C,RV,Billing
4900000230,2024-08-10,2024-08-01,2000,PC10,,400000,466748.1,C,RV,Billing
4900000231,2024-08-08,2024-08-01,3000,PC10,,400000,233374.05,C,RV,Billing
4900000232,2024-08-02,2024-08-01,1000,PC20,,400000,637037.71,C,RV,Billing
4900000233,2024-08-08,2024-08-01,2000,PC20,,400000,347475.11,C,RV,Billing
4900000234,2024-08-19,2024-08-01,3000,PC20,,400000,173737.56,C,RV,Billing
4900000235,2024-08-03,2024-08-01,1000,PC40,,400200,380438.76,C,RV,Billing
4900000236,2024-08-03,2024-08-01,2000,PC40,,400200,207512.05,C,RV,Billing
4900000237,2024-08-24,2024-08-01,3000,PC40,,400200,103756.03,C,RV,Billing
4900000238,2024-08-16,2024-08-01,1000,PC30,,400100,138609.27,C,RV,Billing
4900000239,2024-08-27,2024-08-01,2000,PC30,,400100,75605.06,C,RV,Billing
4900000240,2024-08-03,2024-08-01,3000,PC30,,400100,37802.53,C,RV,Billing
4900000241,2024-09-25,2024-09-01,1000,PC10,,400000,878755.22,C,RV,Billing
4900000242,2024-09-18,2024-09-01,2000,PC10,,400000,479321.03,C,RV,Billing
4900000243,2024-09-25,2024-09-01,3000,PC10,,400000,239660.52,C,RV,Billing
4900000244,2024-09-05,2024-09-01,1000,PC20,,400000,651561.14,C,RV,Billing
4900000245,2024-09-05,2024-09-01,2000,PC20,,400000,355396.98,C,RV,Billing
4900000246,2024-09-22,2024-09-01,3000,PC20,,400000,177698.49,C,RV,Billing
4900000247,2024-09-16,2024-09-01,1000,PC40,,400200,383614.64,C,RV,Billing
4900000248,2024-09-18,2024-09-01,2000,PC40,,400200,209244.35,C,RV,Billing
4900000249,2024-09-06,2024-09-01,3000,PC40,,400200,104622.17,C,RV,Billing
4900000250,2024-09-09,2024-09-01,1000,PC30,,400100,256773.27,C,RV,Billing
4900000251,2024-09-17,2024-09-01,2000,PC30,,400100,140058.15,C,RV,Billing
4900000252,2024-09-28,2024-09-01,3000,PC30,,400100,70029.07,C,RV,Billing
4900000253,2024-10-20,2024-10-01,1000,PC10,,400000,902326.85,C,RV,Billing
4900000254,2024-10-14,2024-10-01,2000,PC10,,400000,492178.28,C,RV,Billing
4900000255,2024-10-07,2024-10-01,3000,PC10,,400000,246089.14,C,RV,Billing
4900000256,2024-10-18,2024-10-01,1000,PC20,,400000,670058.7,C,RV,Billing
4900000257,2024-10-25,2024-10-01,2000,PC20,,400000,365486.56,C,RV,Billing
4900000258,2024-10-24,2024-10-01,3000,PC20,,400000,182743.28,C,RV,Billing
4900000259,2024-10-23,2024-10-01,1000,PC40,,400200,383521.44,C,RV,Billing
4900000260,2024-10-07,2024-10-01,2000,PC40,,400200,209193.51,C,RV,Billing
4900000261,2024-10-23,2024-10-01,3000,PC40,,400200,104596.76,C,RV,Billing
4900000262,2024-10-10,2024-10-01,1000,PC30,,400100,174893.48,C,RV,Billing
4900000263,2024-10-13,2024-10-01,2000,PC30,,400100,95396.44,C,RV,Billing
4900000264,2024-10-22,2024-10-01,3000,PC30,,400100,47698.22,C,RV,Billing
4900000265,2024-11-21,2024-11-01,1000,PC10,,400000,940726.9,C,RV,Billing
4900000266,2024-11-12,2024-11-01,2000,PC10,,400000,513123.77,C,RV,Billing
4900000267,2024-11-15,2024-11-01,3000,PC10,,400000,256561.88,C,RV,Billing
4900000268,2024-11-17,2024-11-01,1000,PC20,,400000,681882.19,C,RV,Billing
4900000269,2024-11-15,2024-11-01,2000,PC20,,400000,371935.74,C,RV,Billing
4900000270,2024-11-04,2024-11-01,3000,PC20,,400000,185967.87,C,RV,Billing
4900000271,2024-11-08,2024-11-01,1000,PC40,,400200,386156.84,C,RV,Billing
4900000272,2024-11-08,2024-11-01,2000,PC40,,400200,210631.0,C,RV,Billing
4900000273,2024-11-03,2024-11-01,3000,PC40,,400200,105315.5,C,RV,Billing
4900000274,2024-11-11,2024-11-01,1000,PC30,,400100,195027.82,C,RV,Billing
4900000275,2024-11-01,2024-11-01,2000,PC30,,400100,106378.81,C,RV,Billing
4900000276,2024-11-19,2024-11-01,3000,PC30,,400100,53189.41,C,RV,Billing
4900000277,2024-12-18,2024-12-01,1000,PC10,,400000,958936.35,C,RV,Billing
4900000278,2024-12-08,2024-12-01,2000,PC10,,400000,523056.19,C,RV,Billing
4900000279,2024-12-19,2024-12-01,3000,PC10,,400000,261528.1,C,RV,Billing
4900000280,2024-12-08,2024-12-01,1000,PC20,,400000,693258.32,C,RV,Billing
4900000281,2024-12-01,2024-12-01,2000,PC20,,400000,378140.9,C,RV,Billing
4900000282,2024-12-03,2024-12-01,3000,PC20,,400000,189070.45,C,RV,Billing
4900000283,2024-12-23,2024-12-01,1000,PC40,,400200,383867.8,C,RV,Billing
4900000284,2024-12-21,2024-12-01,2000,PC40,,400200,209382.44,C,RV,Billing
4900000285,2024-12-02,2024-12-01,3000,PC40,,400200,104691.22,C,RV,Billing
4900000286,2024-12-08,2024-12-01,1000,PC30,,400100,202867.2,C,RV,Billing
4900000287,2024-12-03,2024-12-01,2000,PC30,,400100,110654.84,C,RV,Billing
4900000288,2024-12-02,2024-12-01,3000,PC30,,400100,55327.42,C,RV,Billing
4900000289,2025-01-28,2025-01-01,1000,PC10,,400000,970241.13,C,RV,Billing
4900000290,2025-01-11,2025-01-01,2000,PC10,,400000,529222.43,C,RV,Billing
4900000291,2025-01-03,2025-01-01,3000,PC10,,400000,264611.22,C,RV,Billing
4900000292,2025-01-17,2025-01-01,1000,PC20,,400000,705952.68,C,RV,Billing
4900000293,2025-01-08,2025-01-01,2000,PC20,,400000,385065.1,C,RV,Billing
4900000294,2025-01-09,2025-01-01,3000,PC20,,400000,192532.55,C,RV,Billing
4900000295,2025-01-22,2025-01-01,1000,PC40,,400200,387795.83,C,RV,Billing
4900000296,2025-01-16,2025-01-01,2000,PC40,,400200,211525.0,C,RV,Billing
4900000297,2025-01-07,2025-01-01,3000,PC40,,400200,105762.5,C,RV,Billing
4900000298,2025-01-18,2025-01-01,1000,PC30,,400100,194563.74,C,RV,Billing
4900000299,2025-01-05,2025-01-01,2000,PC30,,400100,106125.67,C,RV,Billing
4900000300,2025-01-24,2025-01-01,3000,PC30,,400100,53062.84,C,RV,Billing
4900000301,2025-02-19,2025-02-01,1000,PC10,,400000,988739.7,C,RV,Billing
4900000302,2025-02-19,2025-02-01,2000,PC10,,400000,539312.56,C,RV,Billing
4900000303,2025-02-16,2025-02-01,3000,PC10,,400000,269656.28,C,RV,Billing
4900000304,2025-02-08,2025-02-01,1000,PC20,,400000,721293.05,C,RV,Billing
4900000305,2025-02-26,2025-02-01,2000,PC20,,400000,393432.57,C,RV,Billing
4900000306,2025-02-16,2025-02-01,3000,PC20,,400000,196716.29,C,RV,Billing
4900000307,2025-02-26,2025-02-01,1000,PC40,,400200,393890.16,C,RV,Billing
4900000308,2025-02-14,2025-02-01,2000,PC40,,400200,214849.18,C,RV,Billing
4900000309,2025-02-07,2025-02-01,3000,PC40,,400200,107424.59,C,RV,Billing
4900000310,2025-02-04,2025-02-01,1000,PC30,,400100,207973.35,C,RV,Billing
4900000311,2025-02-04,2025-02-01,2000,PC30,,400100,113440.01,C,RV,Billing
4900000312,2025-02-22,2025-02-01,3000,PC30,,400100,56720.0,C,RV,Billing
4900000313,2025-03-14,2025-03-01,1000,PC10,,400000,979937.83,C,RV,Billing
4900000314,2025-03-12,2025-03-01,2000,PC10,,400000,534511.54,C,RV,Billing
4900000315,2025-03-14,2025-03-01,3000,PC10,,400000,267255.77,C,RV,Billing
4900000316,2025-03-14,2025-03-01,1000,PC20,,400000,722659.57,C,RV,Billing
4900000317,2025-03-15,2025-03-01,2000,PC20,,400000,394177.95,C,RV,Billing
4900000318,2025-03-28,2025-03-01,3000,PC20,,400000,197088.97,C,RV,Billing
4900000319,2025-03-24,2025-03-01,1000,PC40,,400200,399871.85,C,RV,Billing
4900000320,2025-03-02,2025-03-01,2000,PC40,,400200,218111.92,C,RV,Billing
4900000321,2025-03-22,2025-03-01,3000,PC40,,400200,109055.96,C,RV,Billing
4900000322,2025-03-21,2025-03-01,1000,PC30,,400100,190624.69,C,RV,Billing
4900000323,2025-03-21,2025-03-01,2000,PC30,,400100,103977.11,C,RV,Billing
4900000324,2025-03-04,2025-03-01,3000,PC30,,400100,51988.55,C,RV,Billing
4900000325,2025-04-02,2025-04-01,1000,PC10,,400000,1014580.8,C,RV,Billing
4900000326,2025-04-13,2025-04-01,2000,PC10,,400000,553407.71,C,RV,Billing
4900000327,2025-04-24,2025-04-01,3000,PC10,,400000,276703.86,C,RV,Billing
4900000328,2025-04-11,2025-04-01,1000,PC20,,400000,737956.15,C,RV,Billing
4900000329,2025-04-26,2025-04-01,2000,PC20,,400000,402521.54,C,RV,Billing
4900000330,2025-04-28,2025-04-01,3000,PC20,,400000,201260.77,C,RV,Billing
4900000331,2025-04-04,2025-04-01,1000,PC40,,400200,402865.59,C,RV,Billing
4900000332,2025-04-08,2025-04-01,2000,PC40,,400200,219744.86,C,RV,Billing
4900000333,2025-04-07,2025-04-01,3000,PC40,,400200,109872.43,C,RV,Billing
4900000334,2025-04-07,2025-04-01,1000,PC30,,400100,182649.92,C,RV,Billing
4900000335,2025-04-18,2025-04-01,2000,PC30,,400100,99627.23,C,RV,Billing
4900000336,2025-04-15,2025-04-01,3000,PC30,,400100,49813.61,C,RV,Billing
4900000337,2025-05-05,2025-05-01,1000,PC10,,400000,1037861.95,C,RV,Billing
4900000338,2025-05-14,2025-05-01,2000,PC10,,400000,566106.52,C,RV,Billing
4900000339,2025-05-06,2025-05-01,3000,PC10,,400000,283053.26,C,RV,Billing
4900000340,2025-05-09,2025-05-01,1000,PC20,,400000,729872.33,C,RV,Billing
4900000341,2025-05-15,2025-05-01,2000,PC20,,400000,398112.18,C,RV,Billing
4900000342,2025-05-08,2025-05-01,3000,PC20,,400000,199056.09,C,RV,Billing
4900000343,2025-05-28,2025-05-01,1000,PC40,,400200,402757.94,C,RV,Billing
4900000344,2025-05-03,2025-05-01,2000,PC40,,400200,219686.15,C,RV,Billing
4900000345,2025-05-15,2025-05-01,3000,PC40,,400200,109843.07,C,RV,Billing
4900000346,2025-05-26,2025-05-01,1000,PC30,,400100,177939.26,C,RV,Billing
4900000347,2025-05-28,2025-05-01,2000,PC30,,400100,97057.78,C,RV,Billing
4900000348,2025-05-28,2025-05-01,3000,PC30,,400100,48528.89,C,RV,Billing
4900000349,2025-06-18,2025-06-01,1000,PC10,,400000,1050733.19,C,RV,Billing
4900000350,2025-06-04,2025-06-01,2000,PC10,,400000,573127.19,C,RV,Billing
4900000351,2025-06-02,2025-06-01,3000,PC10,,400000,286563.6,C,RV,Billing
4900000352,2025-06-21,2025-06-01,1000,PC20,,400000,740221.91,C,RV,Billing
4900000353,2025-06-18,2025-06-01,2000,PC20,,400000,403757.41,C,RV,Billing
4900000354,2025-06-27,2025-06-01,3000,PC20,,400000,201878.7,C,RV,Billing
4900000355,2025-06-01,2025-06-01,1000,PC40,,400200,407448.19,C,RV,Billing
4900000356,2025-06-03,2025-06-01,2000,PC40,,400200,222244.47,C,RV,Billing
4900000357,2025-06-25,2025-06-01,3000,PC40,,400200,111122.23,C,RV,Billing
4900000358,2025-06-28,2025-06-01,1000,PC30,,400100,213919.62,C,RV,Billing
4900000359,2025-06-08,2025-06-01,2000,PC30,,400100,116683.43,C,RV,Billing
4900000360,2025-06-06,2025-06-01,3000,PC30,,400100,58341.71,C,RV,Billing
4900000361,2025-07-14,2025-07-01,1000,PC10,,400000,1062904.8,C,RV,Billing
4900000362,2025-07-16,2025-07-01,2000,PC10,,400000,579766.26,C,RV,Billing
4900000363,2025-07-16,2025-07-01,3000,PC10,,400000,289883.13,C,RV,Billing
4900000364,2025-07-07,2025-07-01,1000,PC20,,400000,749765.96,C,RV,Billing
4900000365,2025-07-28,2025-07-01,2000,PC20,,400000,408963.25,C,RV,Billing
4900000366,2025-07-13,2025-07-01,3000,PC20,,400000,204481.63,C,RV,Billing
4900000367,2025-07-02,2025-07-01,1000,PC40,,400200,411464.01,C,RV,Billing
4900000368,2025-07-06,2025-07-01,2000,PC40,,400200,224434.92,C,RV,Billing
4900000369,2025-07-13,2025-07-01,3000,PC40,,400200,112217.46,C,RV,Billing
4900000370,2025-07-01,2025-07-01,1000,PC30,,400100,193896.15,C,RV,Billing
4900000371,2025-07-13,2025-07-01,2000,PC30,,400100,105761.54,C,RV,Billing
4900000372,2025-07-09,2025-07-01,3000,PC30,,400100,52880.77,C,RV,Billing
4900000373,2025-08-26,2025-08-01,1000,PC10,,400000,1074133.21,C,RV,Billing
4900000374,2025-08-26,2025-08-01,2000,PC10,,400000,585890.84,C,RV,Billing
4900000375,2025-08-15,2025-08-01,3000,PC10,,400000,292945.42,C,RV,Billing
4900000376,2025-08-10,2025-08-01,1000,PC20,,400000,756625.11,C,RV,Billing
4900000377,2025-08-14,2025-08-01,2000,PC20,,400000,412704.6,C,RV,Billing
4900000378,2025-08-23,2025-08-01,3000,PC20,,400000,206352.3,C,RV,Billing
4900000379,2025-08-24,2025-08-01,1000,PC40,,400200,413028.61,C,RV,Billing
4900000380,2025-08-26,2025-08-01,2000,PC40,,400200,225288.33,C,RV,Billing
4900000381,2025-08-18,2025-08-01,3000,PC40,,400200,112644.17,C,RV,Billing
4900000382,2025-08-22,2025-08-01,1000,PC30,,400100,197809.51,C,RV,Billing
4900000383,2025-08-23,2025-08-01,2000,PC30,,400100,107896.1,C,RV,Billing
4900000384,2025-08-16,2025-08-01,3000,PC30,,400100,53948.05,C,RV,Billing
4900000385,2025-09-05,2025-09-01,1000,PC10,,400000,1083943.25,C,RV,Billing
4900000386,2025-09-07,2025-09-01,2000,PC10,,400000,591241.77,C,RV,Billing
4900000387,2025-09-10,2025-09-01,3000,PC10,,400000,295620.89,C,RV,Billing
4900000388,2025-09-07,2025-09-01,1000,PC20,,400000,772130.71,C,RV,Billing
4900000389,2025-09-02,2025-09-01,2000,PC20,,400000,421162.2,C,RV,Billing
4900000390,2025-09-19,2025-09-01,3000,PC20,,400000,210581.1,C,RV,Billing
4900000391,2025-09-24,2025-09-01,1000,PC40,,400200,416862.46,C,RV,Billing
4900000392,2025-09-18,2025-09-01,2000,PC40,,400200,227379.52,C,RV,Billing
4900000393,2025-09-02,2025-09-01,3000,PC40,,400200,113689.76,C,RV,Billing
4900000394,2025-09-24,2025-09-01,1000,PC30,,400100,221661.97,C,RV,Billing
4900000395,2025-09-11,2025-09-01,2000,PC30,,400100,120906.53,C,RV,Billing
4900000396,2025-09-02,2025-09-01,3000,PC30,,400100,60453.26,C,RV,Billing
4900000397,2025-10-02,2025-10-01,1000,PC10,,400000,1104690.2,C,RV,Billing
4900000398,2025-10-19,2025-10-01,2000,PC10,,400000,602558.29,C,RV,Billing
4900000399,2025-10-16,2025-10-01,3000,PC10,,400000,301279.14,C,RV,Billing
4900000400,2025-10-17,2025-10-01,1000,PC20,,400000,778226.1,C,RV,Billing
4900000401,2025-10-28,2025-10-01,2000,PC20,,400000,424486.96,C,RV,Billing
4900000402,2025-10-17,2025-10-01,3000,PC20,,400000,212243.48,C,RV,Billing
4900000403,2025-10-06,2025-10-01,1000,PC40,,400200,418355.93,C,RV,Billing
4900000404,2025-10-02,2025-10-01,2000,PC40,,400200,228194.14,C,RV,Billing
4900000405,2025-10-17,2025-10-01,3000,PC40,,400200,114097.07,C,RV,Billing
4900000406,2025-10-03,2025-10-01,1000,PC30,,400100,191199.1,C,RV,Billing
4900000407,2025-10-28,2025-10-01,2000,PC30,,400100,104290.42,C,RV,Billing
4900000408,2025-10-06,2025-10-01,3000,PC30,,400100,52145.21,C,RV,Billing
4900000409,2025-11-03,2025-11-01,1000,PC10,,400000,1118676.51,C,RV,Billing
4900000410,2025-11-20,2025-11-01,2000,PC10,,400000,610187.19,C,RV,Billing
4900000411,2025-11-03,2025-11-01,3000,PC10,,400000,305093.59,C,RV,Billing
4900000412,2025-11-22,2025-11-01,1000,PC20,,400000,790118.31,C,RV,Billing
4900000413,2025-11-28,2025-11-01,2000,PC20,,400000,430973.62,C,RV,Billing
4900000414,2025-11-08,2025-11-01,3000,PC20,,400000,215486.81,C,RV,Billing
4900000415,2025-11-13,2025-11-01,1000,PC40,,400200,417643.78,C,RV,Billing
4900000416,2025-11-04,2025-11-01,2000,PC40,,400200,227805.7,C,RV,Billing
4900000417,2025-11-19,2025-11-01,3000,PC40,,400200,113902.85,C,RV,Billing
4900000418,2025-11-08,2025-11-01,1000,PC30,,400100,203856.03,C,RV,Billing
4900000419,2025-11-19,2025-11-01,2000,PC30,,400100,111194.2,C,RV,Billing
4900000420,2025-11-20,2025-11-01,3000,PC30,,400100,55597.1,C,RV,Billing
4900000421,2025-12-02,2025-12-01,1000,PC10,,400000,1143777.13,C,RV,Billing
4900000422,2025-12-20,2025-12-01,2000,PC10,,400000,623878.43,C,RV,Billing
4900000423,2025-12-03,2025-12-01,3000,PC10,,400000,311939.22,C,RV,Billing
4900000424,2025-12-14,2025-12-01,1000,PC20,,400000,799546.3,C,RV,Billing
4900000425,2025-12-22,2025-12-01,2000,PC20,,400000,436116.17,C,RV,Billing
4900000426,2025-12-19,2025-12-01,3000,PC20,,400000,218058.08,C,RV,Billing
4900000427,2025-12-19,2025-12-01,1000,PC40,,400200,422550.62,C,RV,Billing
4900000428,2025-12-17,2025-12-01,2000,PC40,,400200,230482.16,C,RV,Billing
4900000429,2025-12-11,2025-12-01,3000,PC40,,400200,115241.08,C,RV,Billing
4900000430,2025-12-09,2025-12-01,1000,PC30,,400100,189651.92,C,RV,Billing
4900000431,2025-12-07,2025-12-01,2000,PC30,,400100,103446.5,C,RV,Billing
4900000432,2025-12-22,2025-12-01,3000,PC30,,400100,51723.25,C,RV,Billing
4900000433,2026-01-23,2026-01-01,1000,PC10,,400000,1152491.42,C,RV,Billing
4900000434,2026-01-11,2026-01-01,2000,PC10,,400000,628631.69,C,RV,Billing
4900000435,2026-01-08,2026-01-01,3000,PC10,,400000,314315.84,C,RV,Billing
4900000436,2026-01-09,2026-01-01,1000,PC20,,400000,804658.8,C,RV,Billing
4900000437,2026-01-13,2026-01-01,2000,PC20,,400000,438904.8,C,RV,Billing
4900000438,2026-01-05,2026-01-01,3000,PC20,,400000,219452.4,C,RV,Billing
4900000439,2026-01-22,2026-01-01,1000,PC40,,400200,422363.09,C,RV,Billing
4900000440,2026-01-21,2026-01-01,2000,PC40,,400200,230379.87,C,RV,Billing
4900000441,2026-01-10,2026-01-01,3000,PC40,,400200,115189.93,C,RV,Billing
4900000442,2026-01-15,2026-01-01,1000,PC30,,400100,192593.08,C,RV,Billing
4900000443,2026-01-11,2026-01-01,2000,PC30,,400100,105050.77,C,RV,Billing
4900000444,2026-01-25,2026-01-01,3000,PC30,,400100,52525.39,C,RV,Billing
4900000445,2026-02-03,2026-02-01,1000,PC10,,400000,1175572.31,C,RV,Billing
4900000446,2026-02-01,2026-02-01,2000,PC10,,400000,641221.26,C,RV,Billing
4900000447,2026-02-15,2026-02-01,3000,PC10,,400000,320610.63,C,RV,Billing
4900000448,2026-02-20,2026-02-01,1000,PC20,,400000,808691.65,C,RV,Billing
4900000449,2026-02-19,2026-02-01,2000,PC20,,400000,441104.54,C,RV,Billing
4900000450,2026-02-04,2026-02-01,3000,PC20,,400000,220552.27,C,RV,Billing
4900000451,2026-02-03,2026-02-01,1000,PC40,,400200,429934.18,C,RV,Billing
4900000452,2026-02-18,2026-02-01,2000,PC40,,400200,234509.55,C,RV,Billing
4900000453,2026-02-07,2026-02-01,3000,PC40,,400200,117254.78,C,RV,Billing
4900000454,2026-02-17,2026-02-01,1000,PC30,,400100,194210.88,C,RV,Billing
4900000455,2026-02-09,2026-02-01,2000,PC30,,400100,105933.21,C,RV,Billing
4900000456,2026-02-05,2026-02-01,3000,PC30,,400100,52966.6,C,RV,Billing
4900000457,2026-03-12,2026-03-01,1000,PC10,,400000,1172185.94,C,RV,Billing
4900000458,2026-03-03,2026-03-01,2000,PC10,,400000,639374.15,C,RV,Billing
4900000459,2026-03-08,2026-03-01,3000,PC10,,400000,319687.08,C,RV,Billing
4900000460,2026-03-12,2026-03-01,1000,PC20,,400000,818473.99,C,RV,Billing
4900000461,2026-03-10,2026-03-01,2000,PC20,,400000,446440.36,C,RV,Billing
4900000462,2026-03-06,2026-03-01,3000,PC20,,400000,223220.18,C,RV,Billing
4900000463,2026-03-15,2026-03-01,1000,PC40,,400200,429849.19,C,RV,Billing
4900000464,2026-03-27,2026-03-01,2000,PC40,,400200,234463.19,C,RV,Billing
4900000465,2026-03-18,2026-03-01,3000,PC40,,400200,117231.6,C,RV,Billing
4900000466,2026-03-23,2026-03-01,1000,PC30,,400100,201746.31,C,RV,Billing
4900000467,2026-03-10,2026-03-01,2000,PC30,,400100,110043.44,C,RV,Billing
4900000468,2026-03-20,2026-03-01,3000,PC30,,400100,55021.72,C,RV,Billing
4900000469,2026-04-26,2026-04-01,1000,PC10,,400000,1172103.89,C,RV,Billing
4900000470,2026-04-21,2026-04-01,2000,PC10,,400000,639329.4,C,RV,Billing
4900000471,2026-04-17,2026-04-01,3000,PC10,,400000,319664.7,C,RV,Billing
4900000472,2026-04-01,2026-04-01,1000,PC20,,400000,830621.99,C,RV,Billing
4900000473,2026-04-22,2026-04-01,2000,PC20,,400000,453066.54,C,RV,Billing
4900000474,2026-04-27,2026-04-01,3000,PC20,,400000,226533.27,C,RV,Billing
4900000475,2026-04-18,2026-04-01,1000,PC40,,400200,424019.5,C,RV,Billing
4900000476,2026-04-10,2026-04-01,2000,PC40,,400200,231283.36,C,RV,Billing
4900000477,2026-04-22,2026-04-01,3000,PC40,,400200,115641.68,C,RV,Billing
4900000478,2026-04-04,2026-04-01,1000,PC30,,400100,257484.95,C,RV,Billing
4900000479,2026-04-05,2026-04-01,2000,PC30,,400100,140446.34,C,RV,Billing
4900000480,2026-04-09,2026-04-01,3000,PC30,,400100,70223.17,C,RV,Billing
4900000481,2026-05-04,2026-05-01,1000,PC10,,400000,1179376.33,C,RV,Billing
4900000482,2026-05-04,2026-05-01,2000,PC10,,400000,643296.18,C,RV,Billing
4900000483,2026-05-24,2026-05-01,3000,PC10,,400000,321648.09,C,RV,Billing
4900000484,2026-05-18,2026-05-01,1000,PC20,,400000,844127.52,C,RV,Billing
4900000485,2026-05-05,2026-05-01,2000,PC20,,400000,460433.19,C,RV,Billing
4900000486,2026-05-09,2026-05-01,3000,PC20,,400000,230216.6,C,RV,Billing
4900000487,2026-05-10,2026-05-01,1000,PC40,,400200,422704.97,C,RV,Billing
4900000488,2026-05-20,2026-05-01,2000,PC40,,400200,230566.35,C,RV,Billing
4900000489,2026-05-07,2026-05-01,3000,PC40,,400200,115283.17,C,RV,Billing
4900000490,2026-05-23,2026-05-01,1000,PC30,,400100,238199.96,C,RV,Billing
4900000491,2026-05-11,2026-05-01,2000,PC30,,400100,129927.25,C,RV,Billing
4900000492,2026-05-07,2026-05-01,3000,PC30,,400100,64963.62,C,RV,Billing
4900000493,2026-06-22,2026-06-01,1000,PC10,,400000,1191556.93,C,RV,Billing
4900000494,2026-06-21,2026-06-01,2000,PC10,,400000,649940.14,C,RV,Billing
4900000495,2026-06-28,2026-06-01,3000,PC10,,400000,324970.07,C,RV,Billing
4900000496,2026-06-09,2026-06-01,1000,PC20,,400000,854602.56,C,RV,Billing
4900000497,2026-06-17,2026-06-01,2000,PC20,,400000,466146.85,C,RV,Billing
4900000498,2026-06-16,2026-06-01,3000,PC20,,400000,233073.42,C,RV,Billing
4900000499,2026-06-09,2026-06-01,1000,PC40,,400200,430406.43,C,RV,Billing
4900000500,2026-06-28,2026-06-01,2000,PC40,,400200,234767.14,C,RV,Billing
4900000501,2026-06-02,2026-06-01,3000,PC40,,400200,117383.57,C,RV,Billing
4900000502,2026-06-03,2026-06-01,1000,PC30,,400100,227149.85,C,RV,Billing
4900000503,2026-06-21,2026-06-01,2000,PC30,,400100,123899.92,C,RV,Billing
4900000504,2026-06-14,2026-06-01,3000,PC30,,400100,61949.96,C,RV,Billing
4900000505,2026-07-27,2026-07-01,1000,PC10,,400000,1204652.45,C,RV,Billing
4900000506,2026-07-09,2026-07-01,2000,PC10,,400000,657083.15,C,RV,Billing
4900000507,2026-07-02,2026-07-01,3000,PC10,,400000,328541.58,C,RV,Billing
4900000508,2026-07-01,2026-07-01,1000,PC20,,400000,869435.11,C,RV,Billing
4900000509,2026-07-11,2026-07-01,2000,PC20,,400000,474237.33,C,RV,Billing
4900000510,2026-07-25,2026-07-01,3000,PC20,,400000,237118.67,C,RV,Billing
4900000511,2026-07-05,2026-07-01,1000,PC40,,400200,428088.12,C,RV,Billing
4900000512,2026-07-21,2026-07-01,2000,PC40,,400200,233502.61,C,RV,Billing
4900000513,2026-07-09,2026-07-01,3000,PC40,,400200,116751.31,C,RV,Billing
4900000514,2026-07-06,2026-07-01,1000,PC30,,400100,173432.94,C,RV,Billing
4900000515,2026-07-24,2026-07-01,2000,PC30,,400100,94599.78,C,RV,Billing
4900000516,2026-07-15,2026-07-01,3000,PC30,,400100,47299.89,C,RV,Billing
4900000517,2026-08-18,2026-08-01,1000,PC10,,400000,1211929.88,C,RV,Billing
4900000518,2026-08-23,2026-08-01,2000,PC10,,400000,661052.66,C,RV,Billing
4900000519,2026-08-14,2026-08-01,3000,PC10,,400000,330526.33,C,RV,Billing
4900000520,2026-08-18,2026-08-01,1000,PC20,,400000,874393.34,C,RV,Billing
4900000521,2026-08-01,2026-08-01,2000,PC20,,400000,476941.82,C,RV,Billing
4900000522,2026-08-04,2026-08-01,3000,PC20,,400000,238470.91,C,RV,Billing
4900000523,2026-08-03,2026-08-01,1000,PC40,,400200,428894.62,C,RV,Billing
4900000524,2026-08-23,2026-08-01,2000,PC40,,400200,233942.52,C,RV,Billing
4900000525,2026-08-05,2026-08-01,3000,PC40,,400200,116971.26,C,RV,Billing
4900000526,2026-08-18,2026-08-01,1000,PC30,,400100,227757.2,C,RV,Billing
4900000527,2026-08-02,2026-08-01,2000,PC30,,400100,124231.2,C,RV,Billing
4900000528,2026-08-27,2026-08-01,3000,PC30,,400100,62115.6,C,RV,Billing
4900000529,2026-09-12,2026-09-01,1000,PC10,,400000,1214176.95,C,RV,Billing
4900000530,2026-09-19,2026-09-01,2000,PC10,,400000,662278.34,C,RV,Billing
4900000531,2026-09-18,2026-09-01,3000,PC10,,400000,331139.17,C,RV,Billing
4900000532,2026-09-05,2026-09-01,1000,PC20,,400000,891151.36,C,RV,Billing
4900000533,2026-09-14,2026-09-01,2000,PC20,,400000,486082.56,C,RV,Billing
4900000534,2026-09-05,2026-09-01,3000,PC20,,400000,243041.28,C,RV,Billing
4900000535,2026-09-02,2026-09-01,1000,PC40,,400200,431432.15,C,RV,Billing
4900000536,2026-09-10,2026-09-01,2000,PC40,,400200,235326.63,C,RV,Billing
4900000537,2026-09-12,2026-09-01,3000,PC40,,400200,117663.31,C,RV,Billing
4900000538,2026-09-26,2026-09-01,1000,PC30,,400100,198136.23,C,RV,Billing
4900000539,2026-09-28,2026-09-01,2000,PC30,,400100,108074.31,C,RV,Billing
4900000540,2026-09-02,2026-09-01,3000,PC30,,400100,54037.15,C,RV,Billing
4900000541,2026-10-12,2026-10-01,1000,PC10,,400000,1219886.13,C,RV,Billing
4900000542,2026-10-07,2026-10-01,2000,PC10,,400000,665392.44,C,RV,Billing
4900000543,2026-10-22,2026-10-01,3000,PC10,,400000,332696.22,C,RV,Billing
4900000544,2026-10-08,2026-10-01,1000,PC20,,400000,901527.56,C,RV,Billing
4900000545,2026-10-22,2026-10-01,2000,PC20,,400000,491742.3,C,RV,Billing
4900000546,2026-10-04,2026-10-01,3000,PC20,,400000,245871.15,C,RV,Billing
4900000547,2026-10-12,2026-10-01,1000,PC40,,400200,433494.2,C,RV,Billing
4900000548,2026-10-25,2026-10-01,2000,PC40,,400200,236451.38,C,RV,Billing
4900000549,2026-10-18,2026-10-01,3000,PC40,,400200,118225.69,C,RV,Billing
4900000550,2026-10-28,2026-10-01,1000,PC30,,400100,195237.59,C,RV,Billing
4900000551,2026-10-14,2026-10-01,2000,PC30,,400100,106493.23,C,RV,Billing
4900000552,2026-10-20,2026-10-01,3000,PC30,,400100,53246.61,C,RV,Billing
4900000553,2026-11-24,2026-11-01,1000,PC10,,400000,1241589.93,C,RV,Billing
4900000554,2026-11-05,2026-11-01,2000,PC10,,400000,677230.87,C,RV,Billing
4900000555,2026-11-08,2026-11-01,3000,PC10,,400000,338615.43,C,RV,Billing
4900000556,2026-11-28,2026-11-01,1000,PC20,,400000,912545.61,C,RV,Billing
4900000557,2026-11-06,2026-11-01,2000,PC20,,400000,497752.15,C,RV,Billing
4900000558,2026-11-26,2026-11-01,3000,PC20,,400000,248876.08,C,RV,Billing
4900000559,2026-11-26,2026-11-01,1000,PC40,,400200,433712.54,C,RV,Billing
4900000560,2026-11-06,2026-11-01,2000,PC40,,400200,236570.48,C,RV,Billing
4900000561,2026-11-14,2026-11-01,3000,PC40,,400200,118285.24,C,RV,Billing
4900000562,2026-11-01,2026-11-01,1000,PC30,,400100,218349.05,C,RV,Billing
4900000563,2026-11-06,2026-11-01,2000,PC30,,400100,119099.48,C,RV,Billing
4900000564,2026-11-24,2026-11-01,3000,PC30,,400100,59549.74,C,RV,Billing
4900000565,2026-12-11,2026-12-01,1000,PC10,,400000,1256876.32,C,RV,Billing
4900000566,2026-12-26,2026-12-01,2000,PC10,,400000,685568.9,C,RV,Billing
4900000567,2026-12-14,2026-12-01,3000,PC10,,400000,342784.45,C,RV,Billing
4900000568,2026-12-26,2026-12-01,1000,PC20,,400000,926532.64,C,RV,Billing
4900000569,2026-12-22,2026-12-01,2000,PC20,,400000,505381.44,C,RV,Billing
4900000570,2026-12-28,2026-12-01,3000,PC20,,400000,252690.72,C,RV,Billing
4900000571,2026-12-24,2026-12-01,1000,PC40,,400200,446077.53,C,RV,Billing
4900000572,2026-12-26,2026-12-01,2000,PC40,,400200,243315.02,C,RV,Billing
4900000573,2026-12-08,2026-12-01,3000,PC40,,400200,121657.51,C,RV,Billing
4900000574,2026-12-09,2026-12-01,1000,PC30,,400100,276842.33,C,RV,Billing
4900000575,2026-12-06,2026-12-01,2000,PC30,,400100,151004.91,C,RV,Billing
4900000576,2026-12-26,2026-12-01,3000,PC30,,400100,75502.45,C,RV,Billing
4900000577,2023-01-23,2023-01-01,1000,,CC100,600000,180230.71,D,SA,Payroll/AP
4900000578,2023-01-04,2023-01-01,1000,,CC100,600100,35487.43,D,SA,Payroll/AP
4900000579,2023-01-13,2023-01-01,1000,,CC100,600200,13407.54,D,SA,Payroll/AP
4900000580,2023-01-28,2023-01-01,1000,,CC100,610000,86352.15,D,SA,Payroll/AP
4900000581,2023-01-02,2023-01-01,1000,,CC100,620000,11678.76,D,SA,Payroll/AP
4900000582,2023-01-28,2023-01-01,1000,,CC100,630000,9017.04,D,SA,Payroll/AP
4900000583,2023-01-16,2023-01-01,1000,,CC100,640000,6902.24,D,SA,Payroll/AP
4900000584,2023-01-08,2023-01-01,2000,,CC100,600000,98315.02,D,SA,Payroll/AP
4900000585,2023-01-07,2023-01-01,2000,,CC100,600100,19811.75,D,SA,Payroll/AP
4900000586,2023-01-27,2023-01-01,2000,,CC100,600200,7393.57,D,SA,Payroll/AP
4900000587,2023-01-15,2023-01-01,2000,,CC100,610000,44669.18,D,SA,Payroll/AP
4900000588,2023-01-12,2023-01-01,2000,,CC100,620000,5646.4,D,SA,Payroll/AP
4900000589,2023-01-10,2023-01-01,2000,,CC100,630000,5211.4,D,SA,Payroll/AP
4900000590,2023-01-27,2023-01-01,2000,,CC100,640000,3115.88,D,SA,Payroll/AP
4900000591,2023-01-26,2023-01-01,3000,,CC100,600000,50215.28,D,SA,Payroll/AP
4900000592,2023-01-28,2023-01-01,3000,,CC100,600100,10188.23,D,SA,Payroll/AP
4900000593,2023-01-08,2023-01-01,3000,,CC100,600200,3804.19,D,SA,Payroll/AP
4900000594,2023-01-08,2023-01-01,3000,,CC100,610000,24247.65,D,SA,Payroll/AP
4900000595,2023-01-01,2023-01-01,3000,,CC100,620000,3679.3,D,SA,Payroll/AP
4900000596,2023-01-22,2023-01-01,3000,,CC100,630000,2779.15,D,SA,Payroll/AP
4900000597,2023-01-07,2023-01-01,3000,,CC100,640000,1544.04,D,SA,Payroll/AP
4900000598,2023-01-13,2023-01-01,1000,,CC200,600000,309752.77,D,SA,Payroll/AP
4900000599,2023-01-11,2023-01-01,1000,,CC200,600100,64392.94,D,SA,Payroll/AP
4900000600,2023-01-09,2023-01-01,1000,,CC200,600200,24465.68,D,SA,Payroll/AP
4900000601,2023-01-28,2023-01-01,1000,,CC200,630000,30005.21,D,SA,Payroll/AP
4900000602,2023-01-03,2023-01-01,1000,,CC200,640000,11339.13,D,SA,Payroll/AP
4900000603,2023-01-25,2023-01-01,1000,,CC200,620000,6227.41,D,SA,Payroll/AP
4900000604,2023-01-09,2023-01-01,1000,,CC200,660000,11764.68,D,SA,Payroll/AP
4900000605,2023-01-12,2023-01-01,2000,,CC200,600000,171183.87,D,SA,Payroll/AP
4900000606,2023-01-21,2023-01-01,2000,,CC200,600100,34549.3,D,SA,Payroll/AP
4900000607,2023-01-17,2023-01-01,2000,,CC200,600200,13084.88,D,SA,Payroll/AP
4900000608,2023-01-13,2023-01-01,2000,,CC200,630000,13450.61,D,SA,Payroll/AP
4900000609,2023-01-22,2023-01-01,2000,,CC200,640000,6015.05,D,SA,Payroll/AP
4900000610,2023-01-27,2023-01-01,2000,,CC200,620000,3683.91,D,SA,Payroll/AP
4900000611,2023-01-18,2023-01-01,2000,,CC200,660000,6349.1,D,SA,Payroll/AP
4900000612,2023-01-11,2023-01-01,3000,,CC200,600000,91734.95,D,SA,Payroll/AP
4900000613,2023-01-01,2023-01-01,3000,,CC200,600100,18052.65,D,SA,Payroll/AP
4900000614,2023-01-04,2023-01-01,3000,,CC200,600200,6728.39,D,SA,Payroll/AP
4900000615,2023-01-09,2023-01-01,3000,,CC200,630000,7149.56,D,SA,Payroll/AP
4900000616,2023-01-06,2023-01-01,3000,,CC200,640000,3586.53,D,SA,Payroll/AP
4900000617,2023-01-19,2023-01-01,3000,,CC200,620000,1579.43,D,SA,Payroll/AP
4900000618,2023-01-09,2023-01-01,3000,,CC200,660000,3372.25,D,SA,Payroll/AP
4900000619,2023-01-02,2023-01-01,1000,,CC300,600000,74788.4,D,SA,Payroll/AP
4900000620,2023-01-04,2023-01-01,1000,,CC300,600100,14565.94,D,SA,Payroll/AP
4900000621,2023-01-20,2023-01-01,1000,,CC300,600200,5598.53,D,SA,Payroll/AP
4900000622,2023-01-14,2023-01-01,1000,,CC300,650000,12719.77,D,SA,Payroll/AP
4900000623,2023-01-12,2023-01-01,1000,,CC300,630000,3635.73,D,SA,Payroll/AP
4900000624,2023-01-24,2023-01-01,1000,,CC300,640000,3220.93,D,SA,Payroll/AP
4900000625,2023-01-26,2023-01-01,1000,,CC300,660000,2650.59,D,SA,Payroll/AP
4900000626,2023-01-11,2023-01-01,2000,,CC300,600000,40406.74,D,SA,Payroll/AP
4900000627,2023-01-14,2023-01-01,2000,,CC300,600100,8111.84,D,SA,Payroll/AP
4900000628,2023-01-20,2023-01-01,2000,,CC300,600200,2965.74,D,SA,Payroll/AP
4900000629,2023-01-17,2023-01-01,2000,,CC300,650000,7972.93,D,SA,Payroll/AP
4900000630,2023-01-04,2023-01-01,2000,,CC300,630000,2194.13,D,SA,Payroll/AP
4900000631,2023-01-13,2023-01-01,2000,,CC300,640000,1593.0,D,SA,Payroll/AP
4900000632,2023-01-19,2023-01-01,2000,,CC300,660000,1381.99,D,SA,Payroll/AP
4900000633,2023-01-07,2023-01-01,3000,,CC300,600000,18876.03,D,SA,Payroll/AP
4900000634,2023-01-09,2023-01-01,3000,,CC300,600100,3909.7,D,SA,Payroll/AP
4900000635,2023-01-02,2023-01-01,3000,,CC300,600200,1471.24,D,SA,Payroll/AP
4900000636,2023-01-23,2023-01-01,3000,,CC300,650000,3912.2,D,SA,Payroll/AP
4900000637,2023-01-14,2023-01-01,3000,,CC300,630000,999.74,D,SA,Payroll/AP
4900000638,2023-01-01,2023-01-01,3000,,CC300,640000,638.34,D,SA,Payroll/AP
4900000639,2023-01-17,2023-01-01,3000,,CC300,660000,750.72,D,SA,Payroll/AP
4900000640,2023-01-26,2023-01-01,1000,,CC400,600000,93711.09,D,SA,Payroll/AP
4900000641,2023-01-18,2023-01-01,1000,,CC400,600100,19203.49,D,SA,Payroll/AP
4900000642,2023-01-22,2023-01-01,1000,,CC400,600200,7275.52,D,SA,Payroll/AP
4900000643,2023-01-24,2023-01-01,1000,,CC400,630000,6429.55,D,SA,Payroll/AP
4900000644,2023-01-24,2023-01-01,1000,,CC400,620000,2482.86,D,SA,Payroll/AP
4900000645,2023-01-24,2023-01-01,1000,,CC400,640000,3535.8,D,SA,Payroll/AP
4900000646,2023-01-22,2023-01-01,2000,,CC400,600000,48764.83,D,SA,Payroll/AP
4900000647,2023-01-07,2023-01-01,2000,,CC400,600100,10435.66,D,SA,Payroll/AP
4900000648,2023-01-12,2023-01-01,2000,,CC400,600200,3896.15,D,SA,Payroll/AP
4900000649,2023-01-14,2023-01-01,2000,,CC400,630000,3321.17,D,SA,Payroll/AP
4900000650,2023-01-03,2023-01-01,2000,,CC400,620000,1128.22,D,SA,Payroll/AP
4900000651,2023-01-22,2023-01-01,2000,,CC400,640000,1730.29,D,SA,Payroll/AP
4900000652,2023-01-11,2023-01-01,3000,,CC400,600000,25425.46,D,SA,Payroll/AP
4900000653,2023-01-20,2023-01-01,3000,,CC400,600100,5103.85,D,SA,Payroll/AP
4900000654,2023-01-11,2023-01-01,3000,,CC400,600200,1941.57,D,SA,Payroll/AP
4900000655,2023-01-22,2023-01-01,3000,,CC400,630000,1600.74,D,SA,Payroll/AP
4900000656,2023-01-28,2023-01-01,3000,,CC400,620000,640.39,D,SA,Payroll/AP
4900000657,2023-01-04,2023-01-01,3000,,CC400,640000,1047.59,D,SA,Payroll/AP
4900000658,2023-01-24,2023-01-01,1000,,CC500,600000,60571.8,D,SA,Payroll/AP
4900000659,2023-01-10,2023-01-01,1000,,CC500,600100,12578.69,D,SA,Payroll/AP
4900000660,2023-01-17,2023-01-01,1000,,CC500,600200,4664.43,D,SA,Payroll/AP
4900000661,2023-01-10,2023-01-01,1000,,CC500,500000,262698.37,D,SA,Payroll/AP
4900000662,2023-01-22,2023-01-01,1000,,CC500,500100,114060.07,D,SA,Payroll/AP
4900000663,2023-01-14,2023-01-01,2000,,CC500,600000,33532.03,D,SA,Payroll/AP
4900000664,2023-01-11,2023-01-01,2000,,CC500,600100,6782.37,D,SA,Payroll/AP
4900000665,2023-01-13,2023-01-01,2000,,CC500,600200,2632.47,D,SA,Payroll/AP
4900000666,2023-01-23,2023-01-01,2000,,CC500,500000,136397.61,D,SA,Payroll/AP
4900000667,2023-01-10,2023-01-01,2000,,CC500,500100,62999.74,D,SA,Payroll/AP
4900000668,2023-01-18,2023-01-01,3000,,CC500,600000,16545.06,D,SA,Payroll/AP
4900000669,2023-01-05,2023-01-01,3000,,CC500,600100,3523.06,D,SA,Payroll/AP
4900000670,2023-01-07,2023-01-01,3000,,CC500,600200,1289.04,D,SA,Payroll/AP
4900000671,2023-01-14,2023-01-01,3000,,CC500,500000,82627.81,D,SA,Payroll/AP
4900000672,2023-01-22,2023-01-01,3000,,CC500,500100,27331.12,D,SA,Payroll/AP
4900000673,2023-02-13,2023-02-01,1000,,CC100,600000,180503.94,D,SA,Payroll/AP
4900000674,2023-02-22,2023-02-01,1000,,CC100,600100,37485.04,D,SA,Payroll/AP
4900000675,2023-02-24,2023-02-01,1000,,CC100,600200,13833.88,D,SA,Payroll/AP
4900000676,2023-02-06,2023-02-01,1000,,CC100,610000,89149.11,D,SA,Payroll/AP
4900000677,2023-02-20,2023-02-01,1000,,CC100,620000,10913.93,D,SA,Payroll/AP
4900000678,2023-02-19,2023-02-01,1000,,CC100,630000,10505.08,D,SA,Payroll/AP
4900000679,2023-02-10,2023-02-01,1000,,CC100,640000,8493.1,D,SA,Payroll/AP
4900000680,2023-02-13,2023-02-01,2000,,CC100,600000,97153.4,D,SA,Payroll/AP
4900000681,2023-02-18,2023-02-01,2000,,CC100,600100,19895.71,D,SA,Payroll/AP
4900000682,2023-02-27,2023-02-01,2000,,CC100,600200,7746.79,D,SA,Payroll/AP
4900000683,2023-02-01,2023-02-01,2000,,CC100,610000,50849.54,D,SA,Payroll/AP
4900000684,2023-02-10,2023-02-01,2000,,CC100,620000,5945.3,D,SA,Payroll/AP
4900000685,2023-02-10,2023-02-01,2000,,CC100,630000,4807.77,D,SA,Payroll/AP
4900000686,2023-02-07,2023-02-01,2000,,CC100,640000,3657.92,D,SA,Payroll/AP
4900000687,2023-02-14,2023-02-01,3000,,CC100,600000,47990.99,D,SA,Payroll/AP
4900000688,2023-02-26,2023-02-01,3000,,CC100,600100,9930.46,D,SA,Payroll/AP
4900000689,2023-02-19,2023-02-01,3000,,CC100,600200,3717.43,D,SA,Payroll/AP
4900000690,2023-02-20,2023-02-01,3000,,CC100,610000,20430.36,D,SA,Payroll/AP
4900000691,2023-02-21,2023-02-01,3000,,CC100,620000,3150.39,D,SA,Payroll/AP
4900000692,2023-02-11,2023-02-01,3000,,CC100,630000,2588.32,D,SA,Payroll/AP
4900000693,2023-02-15,2023-02-01,3000,,CC100,640000,2190.91,D,SA,Payroll/AP
4900000694,2023-02-15,2023-02-01,1000,,CC200,600000,315184.33,D,SA,Payroll/AP
4900000695,2023-02-15,2023-02-01,1000,,CC200,600100,67269.16,D,SA,Payroll/AP
4900000696,2023-02-22,2023-02-01,1000,,CC200,600200,24633.03,D,SA,Payroll/AP
4900000697,2023-02-07,2023-02-01,1000,,CC200,630000,28719.3,D,SA,Payroll/AP
4900000698,2023-02-17,2023-02-01,1000,,CC200,640000,13204.17,D,SA,Payroll/AP
4900000699,2023-02-16,2023-02-01,1000,,CC200,620000,5490.35,D,SA,Payroll/AP
4900000700,2023-02-26,2023-02-01,1000,,CC200,660000,12605.97,D,SA,Payroll/AP
4900000701,2023-02-26,2023-02-01,2000,,CC200,600000,176276.97,D,SA,Payroll/AP
4900000702,2023-02-24,2023-02-01,2000,,CC200,600100,36394.36,D,SA,Payroll/AP
4900000703,2023-02-06,2023-02-01,2000,,CC200,600200,13592.94,D,SA,Payroll/AP
4900000704,2023-02-22,2023-02-01,2000,,CC200,630000,19638.57,D,SA,Payroll/AP
4900000705,2023-02-03,2023-02-01,2000,,CC200,640000,6326.44,D,SA,Payroll/AP
4900000706,2023-02-10,2023-02-01,2000,,CC200,620000,3199.29,D,SA,Payroll/AP
4900000707,2023-02-17,2023-02-01,2000,,CC200,660000,6546.85,D,SA,Payroll/AP
4900000708,2023-02-22,2023-02-01,3000,,CC200,600000,86379.32,D,SA,Payroll/AP
4900000709,2023-02-21,2023-02-01,3000,,CC200,600100,17689.48,D,SA,Payroll/AP
4900000710,2023-02-20,2023-02-01,3000,,CC200,600200,6879.0,D,SA,Payroll/AP
4900000711,2023-02-11,2023-02-01,3000,,CC200,630000,8952.62,D,SA,Payroll/AP
4900000712,2023-02-03,2023-02-01,3000,,CC200,640000,3167.86,D,SA,Payroll/AP
4900000713,2023-02-27,2023-02-01,3000,,CC200,620000,1539.98,D,SA,Payroll/AP
4900000714,2023-02-25,2023-02-01,3000,,CC200,660000,3438.79,D,SA,Payroll/AP
4900000715,2023-02-08,2023-02-01,1000,,CC300,600000,69845.53,D,SA,Payroll/AP
4900000716,2023-02-22,2023-02-01,1000,,CC300,600100,14670.68,D,SA,Payroll/AP
4900000717,2023-02-10,2023-02-01,1000,,CC300,600200,5454.78,D,SA,Payroll/AP
4900000718,2023-02-08,2023-02-01,1000,,CC300,650000,11523.18,D,SA,Payroll/AP
4900000719,2023-02-26,2023-02-01,1000,,CC300,630000,4182.3,D,SA,Payroll/AP
4900000720,2023-02-07,2023-02-01,1000,,CC300,640000,3204.19,D,SA,Payroll/AP
4900000721,2023-02-05,2023-02-01,1000,,CC300,660000,2633.14,D,SA,Payroll/AP
4900000722,2023-02-01,2023-02-01,2000,,CC300,600000,38100.62,D,SA,Payroll/AP
4900000723,2023-02-02,2023-02-01,2000,,CC300,600100,7921.62,D,SA,Payroll/AP
4900000724,2023-02-08,2023-02-01,2000,,CC300,600200,2973.48,D,SA,Payroll/AP
4900000725,2023-02-16,2023-02-01,2000,,CC300,650000,7870.59,D,SA,Payroll/AP
4900000726,2023-02-20,2023-02-01,2000,,CC300,630000,2364.99,D,SA,Payroll/AP
4900000727,2023-02-28,2023-02-01,2000,,CC300,640000,1450.73,D,SA,Payroll/AP
4900000728,2023-02-25,2023-02-01,2000,,CC300,660000,1417.91,D,SA,Payroll/AP
4900000729,2023-02-03,2023-02-01,3000,,CC300,600000,18669.54,D,SA,Payroll/AP
4900000730,2023-02-15,2023-02-01,3000,,CC300,600100,3880.72,D,SA,Payroll/AP
4900000731,2023-02-14,2023-02-01,3000,,CC300,600200,1475.88,D,SA,Payroll/AP
4900000732,2023-02-21,2023-02-01,3000,,CC300,650000,4354.73,D,SA,Payroll/AP
4900000733,2023-02-19,2023-02-01,3000,,CC300,630000,933.61,D,SA,Payroll/AP
4900000734,2023-02-07,2023-02-01,3000,,CC300,640000,754.96,D,SA,Payroll/AP
4900000735,2023-02-23,2023-02-01,3000,,CC300,660000,737.82,D,SA,Payroll/AP
4900000736,2023-02-23,2023-02-01,1000,,CC400,600000,96967.15,D,SA,Payroll/AP
4900000737,2023-02-13,2023-02-01,1000,,CC400,600100,20410.82,D,SA,Payroll/AP
4900000738,2023-02-16,2023-02-01,1000,,CC400,600200,7208.49,D,SA,Payroll/AP
4900000739,2023-02-13,2023-02-01,1000,,CC400,630000,5774.37,D,SA,Payroll/AP
4900000740,2023-02-08,2023-02-01,1000,,CC400,620000,2682.2,D,SA,Payroll/AP
4900000741,2023-02-05,2023-02-01,1000,,CC400,640000,3891.33,D,SA,Payroll/AP
4900000742,2023-02-21,2023-02-01,2000,,CC400,600000,53752.37,D,SA,Payroll/AP
4900000743,2023-02-23,2023-02-01,2000,,CC400,600100,10757.57,D,SA,Payroll/AP
4900000744,2023-02-01,2023-02-01,2000,,CC400,600200,3958.87,D,SA,Payroll/AP
4900000745,2023-02-25,2023-02-01,2000,,CC400,630000,3519.21,D,SA,Payroll/AP
4900000746,2023-02-28,2023-02-01,2000,,CC400,620000,1476.54,D,SA,Payroll/AP
4900000747,2023-02-25,2023-02-01,2000,,CC400,640000,2157.35,D,SA,Payroll/AP
4900000748,2023-02-04,2023-02-01,3000,,CC400,600000,25858.62,D,SA,Payroll/AP
4900000749,2023-02-25,2023-02-01,3000,,CC400,600100,5363.08,D,SA,Payroll/AP
4900000750,2023-02-14,2023-02-01,3000,,CC400,600200,2015.2,D,SA,Payroll/AP
4900000751,2023-02-08,2023-02-01,3000,,CC400,630000,1867.76,D,SA,Payroll/AP
4900000752,2023-02-06,2023-02-01,3000,,CC400,620000,698.96,D,SA,Payroll/AP
4900000753,2023-02-26,2023-02-01,3000,,CC400,640000,968.12,D,SA,Payroll/AP
4900000754,2023-02-23,2023-02-01,1000,,CC500,600000,63124.03,D,SA,Payroll/AP
4900000755,2023-02-17,2023-02-01,1000,,CC500,600100,13222.17,D,SA,Payroll/AP
4900000756,2023-02-15,2023-02-01,1000,,CC500,600200,4762.38,D,SA,Payroll/AP
4900000757,2023-02-02,2023-02-01,1000,,CC500,500000,292832.25,D,SA,Payroll/AP
4900000758,2023-02-18,2023-02-01,1000,,CC500,500100,116276.35,D,SA,Payroll/AP
4900000759,2023-02-08,2023-02-01,2000,,CC500,600000,34277.82,D,SA,Payroll/AP
4900000760,2023-02-28,2023-02-01,2000,,CC500,600100,7206.99,D,SA,Payroll/AP
4900000761,2023-02-04,2023-02-01,2000,,CC500,600200,2645.31,D,SA,Payroll/AP
4900000762,2023-02-15,2023-02-01,2000,,CC500,500000,154436.21,D,SA,Payroll/AP
4900000763,2023-02-05,2023-02-01,2000,,CC500,500100,56922.15,D,SA,Payroll/AP
4900000764,2023-02-26,2023-02-01,3000,,CC500,600000,16980.42,D,SA,Payroll/AP
4900000765,2023-02-15,2023-02-01,3000,,CC500,600100,3476.25,D,SA,Payroll/AP
4900000766,2023-02-22,2023-02-01,3000,,CC500,600200,1342.66,D,SA,Payroll/AP
4900000767,2023-02-17,2023-02-01,3000,,CC500,500000,72763.11,D,SA,Payroll/AP
4900000768,2023-02-18,2023-02-01,3000,,CC500,500100,32879.55,D,SA,Payroll/AP
4900000769,2023-03-20,2023-03-01,1000,,CC100,600000,182412.01,D,SA,Payroll/AP
4900000770,2023-03-11,2023-03-01,1000,,CC100,600100,38406.79,D,SA,Payroll/AP
4900000771,2023-03-25,2023-03-01,1000,,CC100,600200,13935.44,D,SA,Payroll/AP
4900000772,2023-03-15,2023-03-01,1000,,CC100,610000,83717.82,D,SA,Payroll/AP
4900000773,2023-03-20,2023-03-01,1000,,CC100,620000,12342.34,D,SA,Payroll/AP
4900000774,2023-03-27,2023-03-01,1000,,CC100,630000,9481.73,D,SA,Payroll/AP
4900000775,2023-03-24,2023-03-01,1000,,CC100,640000,6669.37,D,SA,Payroll/AP
4900000776,2023-03-17,2023-03-01,2000,,CC100,600000,99247.0,D,SA,Payroll/AP
4900000777,2023-03-14,2023-03-01,2000,,CC100,600100,20715.09,D,SA,Payroll/AP
4900000778,2023-03-27,2023-03-01,2000,,CC100,600200,7448.73,D,SA,Payroll/AP
4900000779,2023-03-18,2023-03-01,2000,,CC100,610000,44951.58,D,SA,Payroll/AP
4900000780,2023-03-15,2023-03-01,2000,,CC100,620000,5893.69,D,SA,Payroll/AP
4900000781,2023-03-06,2023-03-01,2000,,CC100,630000,5675.79,D,SA,Payroll/AP
4900000782,2023-03-24,2023-03-01,2000,,CC100,640000,3223.25,D,SA,Payroll/AP
4900000783,2023-03-28,2023-03-01,3000,,CC100,600000,48879.05,D,SA,Payroll/AP
4900000784,2023-03-16,2023-03-01,3000,,CC100,600100,10216.32,D,SA,Payroll/AP
4900000785,2023-03-15,2023-03-01,3000,,CC100,600200,3921.49,D,SA,Payroll/AP
4900000786,2023-03-09,2023-03-01,3000,,CC100,610000,22035.01,D,SA,Payroll/AP
4900000787,2023-03-25,2023-03-01,3000,,CC100,620000,2992.77,D,SA,Payroll/AP
4900000788,2023-03-08,2023-03-01,3000,,CC100,630000,3011.82,D,SA,Payroll/AP
4900000789,2023-03-27,2023-03-01,3000,,CC100,640000,1625.92,D,SA,Payroll/AP
4900000790,2023-03-21,2023-03-01,1000,,CC200,600000,313883.94,D,SA,Payroll/AP
4900000791,2023-03-09,2023-03-01,1000,,CC200,600100,67940.84,D,SA,Payroll/AP
4900000792,2023-03-25,2023-03-01,1000,,CC200,600200,25001.97,D,SA,Payroll/AP
4900000793,2023-03-25,2023-03-01,1000,,CC200,630000,26455.78,D,SA,Payroll/AP
4900000794,2023-03-17,2023-03-01,1000,,CC200,640000,13522.28,D,SA,Payroll/AP
4900000795,2023-03-16,2023-03-01,1000,,CC200,620000,6467.82,D,SA,Payroll/AP
4900000796,2023-03-21,2023-03-01,1000,,CC200,660000,12271.63,D,SA,Payroll/AP
4900000797,2023-03-08,2023-03-01,2000,,CC200,600000,174499.22,D,SA,Payroll/AP
4900000798,2023-03-09,2023-03-01,2000,,CC200,600100,37376.36,D,SA,Payroll/AP
4900000799,2023-03-15,2023-03-01,2000,,CC200,600200,13954.9,D,SA,Payroll/AP
4900000800,2023-03-03,2023-03-01,2000,,CC200,630000,15912.33,D,SA,Payroll/AP
4900000801,2023-03-23,2023-03-01,2000,,CC200,640000,8159.82,D,SA,Payroll/AP
4900000802,2023-03-10,2023-03-01,2000,,CC200,620000,3075.41,D,SA,Payroll/AP
4900000803,2023-03-08,2023-03-01,2000,,CC200,660000,6362.5,D,SA,Payroll/AP
4900000804,2023-03-09,2023-03-01,3000,,CC200,600000,88303.34,D,SA,Payroll/AP
4900000805,2023-03-11,2023-03-01,3000,,CC200,600100,18350.93,D,SA,Payroll/AP
4900000806,2023-03-11,2023-03-01,3000,,CC200,600200,6921.4,D,SA,Payroll/AP
4900000807,2023-03-18,2023-03-01,3000,,CC200,630000,7842.01,D,SA,Payroll/AP
4900000808,2023-03-03,2023-03-01,3000,,CC200,640000,3565.19,D,SA,Payroll/AP
4900000809,2023-03-05,2023-03-01,3000,,CC200,620000,1506.46,D,SA,Payroll/AP
4900000810,2023-03-05,2023-03-01,3000,,CC200,660000,3692.55,D,SA,Payroll/AP
4900000811,2023-03-08,2023-03-01,1000,,CC300,600000,71359.42,D,SA,Payroll/AP
4900000812,2023-03-13,2023-03-01,1000,,CC300,600100,14989.55,D,SA,Payroll/AP
4900000813,2023-03-23,2023-03-01,1000,,CC300,600200,5535.91,D,SA,Payroll/AP
4900000814,2023-03-05,2023-03-01,1000,,CC300,650000,14373.38,D,SA,Payroll/AP
4900000815,2023-03-23,2023-03-01,1000,,CC300,630000,3874.33,D,SA,Payroll/AP
4900000816,2023-03-07,2023-03-01,1000,,CC300,640000,2872.19,D,SA,Payroll/AP
4900000817,2023-03-03,2023-03-01,1000,,CC300,660000,2837.46,D,SA,Payroll/AP
4900000818,2023-03-14,2023-03-01,2000,,CC300,600000,40216.2,D,SA,Payroll/AP
4900000819,2023-03-14,2023-03-01,2000,,CC300,600100,8067.44,D,SA,Payroll/AP
4900000820,2023-03-11,2023-03-01,2000,,CC300,600200,3056.18,D,SA,Payroll/AP
4900000821,2023-03-18,2023-03-01,2000,,CC300,650000,7466.02,D,SA,Payroll/AP
4900000822,2023-03-15,2023-03-01,2000,,CC300,630000,2298.28,D,SA,Payroll/AP
4900000823,2023-03-14,2023-03-01,2000,,CC300,640000,1404.81,D,SA,Payroll/AP
4900000824,2023-03-02,2023-03-01,2000,,CC300,660000,1642.4,D,SA,Payroll/AP
4900000825,2023-03-07,2023-03-01,3000,,CC300,600000,19228.31,D,SA,Payroll/AP
4900000826,2023-03-27,2023-03-01,3000,,CC300,600100,3834.48,D,SA,Payroll/AP
4900000827,2023-03-14,2023-03-01,3000,,CC300,600200,1484.08,D,SA,Payroll/AP
4900000828,2023-03-13,2023-03-01,3000,,CC300,650000,3448.69,D,SA,Payroll/AP
4900000829,2023-03-25,2023-03-01,3000,,CC300,630000,1069.82,D,SA,Payroll/AP
4900000830,2023-03-19,2023-03-01,3000,,CC300,640000,691.84,D,SA,Payroll/AP
4900000831,2023-03-23,2023-03-01,3000,,CC300,660000,723.63,D,SA,Payroll/AP
4900000832,2023-03-01,2023-03-01,1000,,CC400,600000,91965.44,D,SA,Payroll/AP
4900000833,2023-03-28,2023-03-01,1000,,CC400,600100,19428.26,D,SA,Payroll/AP
4900000834,2023-03-25,2023-03-01,1000,,CC400,600200,6995.69,D,SA,Payroll/AP
4900000835,2023-03-19,2023-03-01,1000,,CC400,630000,5156.34,D,SA,Payroll/AP
4900000836,2023-03-13,2023-03-01,1000,,CC400,620000,2637.06,D,SA,Payroll/AP
4900000837,2023-03-16,2023-03-01,1000,,CC400,640000,3964.92,D,SA,Payroll/AP
4900000838,2023-03-01,2023-03-01,2000,,CC400,600000,52400.3,D,SA,Payroll/AP
4900000839,2023-03-12,2023-03-01,2000,,CC400,600100,10451.97,D,SA,Payroll/AP
4900000840,2023-03-10,2023-03-01,2000,,CC400,600200,3992.97,D,SA,Payroll/AP
4900000841,2023-03-25,2023-03-01,2000,,CC400,630000,3329.45,D,SA,Payroll/AP
4900000842,2023-03-13,2023-03-01,2000,,CC400,620000,1177.94,D,SA,Payroll/AP
4900000843,2023-03-28,2023-03-01,2000,,CC400,640000,2298.83,D,SA,Payroll/AP
4900000844,2023-03-27,2023-03-01,3000,,CC400,600000,26761.31,D,SA,Payroll/AP
4900000845,2023-03-14,2023-03-01,3000,,CC400,600100,5370.99,D,SA,Payroll/AP
4900000846,2023-03-18,2023-03-01,3000,,CC400,600200,2024.15,D,SA,Payroll/AP
4900000847,2023-03-24,2023-03-01,3000,,CC400,630000,1721.02,D,SA,Payroll/AP
4900000848,2023-03-24,2023-03-01,3000,,CC400,620000,536.67,D,SA,Payroll/AP
4900000849,2023-03-18,2023-03-01,3000,,CC400,640000,986.53,D,SA,Payroll/AP
4900000850,2023-03-26,2023-03-01,1000,,CC500,600000,63012.72,D,SA,Payroll/AP
4900000851,2023-03-20,2023-03-01,1000,,CC500,600100,12841.91,D,SA,Payroll/AP
4900000852,2023-03-08,2023-03-01,1000,,CC500,600200,4886.53,D,SA,Payroll/AP
4900000853,2023-03-16,2023-03-01,1000,,CC500,500000,338191.7,D,SA,Payroll/AP
4900000854,2023-03-08,2023-03-01,1000,,CC500,500100,130727.01,D,SA,Payroll/AP
4900000855,2023-03-09,2023-03-01,2000,,CC500,600000,34734.86,D,SA,Payroll/AP
4900000856,2023-03-14,2023-03-01,2000,,CC500,600100,7289.97,D,SA,Payroll/AP
4900000857,2023-03-16,2023-03-01,2000,,CC500,600200,2778.43,D,SA,Payroll/AP
4900000858,2023-03-01,2023-03-01,2000,,CC500,500000,172240.65,D,SA,Payroll/AP
4900000859,2023-03-13,2023-03-01,2000,,CC500,500100,67972.62,D,SA,Payroll/AP
4900000860,2023-03-11,2023-03-01,3000,,CC500,600000,17340.81,D,SA,Payroll/AP
4900000861,2023-03-22,2023-03-01,3000,,CC500,600100,3654.04,D,SA,Payroll/AP
4900000862,2023-03-22,2023-03-01,3000,,CC500,600200,1362.03,D,SA,Payroll/AP
4900000863,2023-03-26,2023-03-01,3000,,CC500,500000,85888.24,D,SA,Payroll/AP
4900000864,2023-03-13,2023-03-01,3000,,CC500,500100,35930.77,D,SA,Payroll/AP
4900000865,2023-04-24,2023-04-01,1000,,CC100,600000,188117.36,D,SA,Payroll/AP
4900000866,2023-04-06,2023-04-01,1000,,CC100,600100,37390.24,D,SA,Payroll/AP
4900000867,2023-04-27,2023-04-01,1000,,CC100,600200,14546.49,D,SA,Payroll/AP
4900000868,2023-04-15,2023-04-01,1000,,CC100,610000,84309.85,D,SA,Payroll/AP
4900000869,2023-04-05,2023-04-01,1000,,CC100,620000,14261.95,D,SA,Payroll/AP
4900000870,2023-04-20,2023-04-01,1000,,CC100,630000,8797.51,D,SA,Payroll/AP
4900000871,2023-04-18,2023-04-01,1000,,CC100,640000,8316.73,D,SA,Payroll/AP
4900000872,2023-04-01,2023-04-01,2000,,CC100,600000,101038.98,D,SA,Payroll/AP
4900000873,2023-04-13,2023-04-01,2000,,CC100,600100,20375.27,D,SA,Payroll/AP
4900000874,2023-04-19,2023-04-01,2000,,CC100,600200,7666.67,D,SA,Payroll/AP
4900000875,2023-04-19,2023-04-01,2000,,CC100,610000,43712.59,D,SA,Payroll/AP
4900000876,2023-04-22,2023-04-01,2000,,CC100,620000,6724.97,D,SA,Payroll/AP
4900000877,2023-04-01,2023-04-01,2000,,CC100,630000,5430.9,D,SA,Payroll/AP
4900000878,2023-04-03,2023-04-01,2000,,CC100,640000,3648.73,D,SA,Payroll/AP
4900000879,2023-04-21,2023-04-01,3000,,CC100,600000,50295.8,D,SA,Payroll/AP
4900000880,2023-04-14,2023-04-01,3000,,CC100,600100,10764.37,D,SA,Payroll/AP
4900000881,2023-04-05,2023-04-01,3000,,CC100,600200,4004.53,D,SA,Payroll/AP
4900000882,2023-04-28,2023-04-01,3000,,CC100,610000,23564.83,D,SA,Payroll/AP
4900000883,2023-04-15,2023-04-01,3000,,CC100,620000,3237.92,D,SA,Payroll/AP
4900000884,2023-04-06,2023-04-01,3000,,CC100,630000,2611.5,D,SA,Payroll/AP
4900000885,2023-04-02,2023-04-01,3000,,CC100,640000,2054.14,D,SA,Payroll/AP
4900000886,2023-04-09,2023-04-01,1000,,CC200,600000,324305.01,D,SA,Payroll/AP
4900000887,2023-04-13,2023-04-01,1000,,CC200,600100,67563.74,D,SA,Payroll/AP
4900000888,2023-04-11,2023-04-01,1000,,CC200,600200,24617.61,D,SA,Payroll/AP
4900000889,2023-04-07,2023-04-01,1000,,CC200,630000,30898.26,D,SA,Payroll/AP
4900000890,2023-04-15,2023-04-01,1000,,CC200,640000,13557.87,D,SA,Payroll/AP
4900000891,2023-04-11,2023-04-01,1000,,CC200,620000,6059.24,D,SA,Payroll/AP
4900000892,2023-04-11,2023-04-01,1000,,CC200,660000,13735.89,D,SA,Payroll/AP
4900000893,2023-04-25,2023-04-01,2000,,CC200,600000,176072.12,D,SA,Payroll/AP
4900000894,2023-04-13,2023-04-01,2000,,CC200,600100,35940.67,D,SA,Payroll/AP
4900000895,2023-04-09,2023-04-01,2000,,CC200,600200,13946.72,D,SA,Payroll/AP
4900000896,2023-04-25,2023-04-01,2000,,CC200,630000,17894.59,D,SA,Payroll/AP
4900000897,2023-04-27,2023-04-01,2000,,CC200,640000,8111.21,D,SA,Payroll/AP
4900000898,2023-04-14,2023-04-01,2000,,CC200,620000,3311.81,D,SA,Payroll/AP
4900000899,2023-04-09,2023-04-01,2000,,CC200,660000,7316.62,D,SA,Payroll/AP
4900000900,2023-04-27,2023-04-01,3000,,CC200,600000,90677.25,D,SA,Payroll/AP
4900000901,2023-04-03,2023-04-01,3000,,CC200,600100,18550.53,D,SA,Payroll/AP
4900000902,2023-04-16,2023-04-01,3000,,CC200,600200,7103.92,D,SA,Payroll/AP
4900000903,2023-04-01,2023-04-01,3000,,CC200,630000,8675.22,D,SA,Payroll/AP
4900000904,2023-04-24,2023-04-01,3000,,CC200,640000,2940.07,D,SA,Payroll/AP
4900000905,2023-04-18,2023-04-01,3000,,CC200,620000,2002.81,D,SA,Payroll/AP
4900000906,2023-04-02,2023-04-01,3000,,CC200,660000,3731.12,D,SA,Payroll/AP
4900000907,2023-04-12,2023-04-01,1000,,CC300,600000,70746.14,D,SA,Payroll/AP
4900000908,2023-04-08,2023-04-01,1000,,CC300,600100,14812.23,D,SA,Payroll/AP
4900000909,2023-04-21,2023-04-01,1000,,CC300,600200,5565.41,D,SA,Payroll/AP
4900000910,2023-04-03,2023-04-01,1000,,CC300,650000,14136.54,D,SA,Payroll/AP
4900000911,2023-04-25,2023-04-01,1000,,CC300,630000,3471.79,D,SA,Payroll/AP
4900000912,2023-04-21,2023-04-01,1000,,CC300,640000,2570.42,D,SA,Payroll/AP
4900000913,2023-04-02,2023-04-01,1000,,CC300,660000,2751.96,D,SA,Payroll/AP
4900000914,2023-04-25,2023-04-01,2000,,CC300,600000,40186.55,D,SA,Payroll/AP
4900000915,2023-04-01,2023-04-01,2000,,CC300,600100,8142.05,D,SA,Payroll/AP
4900000916,2023-04-08,2023-04-01,2000,,CC300,600200,2998.04,D,SA,Payroll/AP
4900000917,2023-04-07,2023-04-01,2000,,CC300,650000,8133.79,D,SA,Payroll/AP
4900000918,2023-04-27,2023-04-01,2000,,CC300,630000,1440.03,D,SA,Payroll/AP
4900000919,2023-04-01,2023-04-01,2000,,CC300,640000,1683.7,D,SA,Payroll/AP
4900000920,2023-04-20,2023-04-01,2000,,CC300,660000,1378.85,D,SA,Payroll/AP
4900000921,2023-04-05,2023-04-01,3000,,CC300,600000,19148.54,D,SA,Payroll/AP
4900000922,2023-04-08,2023-04-01,3000,,CC300,600100,3867.99,D,SA,Payroll/AP
4900000923,2023-04-05,2023-04-01,3000,,CC300,600200,1445.3,D,SA,Payroll/AP
4900000924,2023-04-16,2023-04-01,3000,,CC300,650000,4139.89,D,SA,Payroll/AP
4900000925,2023-04-22,2023-04-01,3000,,CC300,630000,942.88,D,SA,Payroll/AP
4900000926,2023-04-04,2023-04-01,3000,,CC300,640000,767.57,D,SA,Payroll/AP
4900000927,2023-04-19,2023-04-01,3000,,CC300,660000,740.12,D,SA,Payroll/AP
4900000928,2023-04-07,2023-04-01,1000,,CC400,600000,97361.93,D,SA,Payroll/AP
4900000929,2023-04-15,2023-04-01,1000,,CC400,600100,19813.33,D,SA,Payroll/AP
4900000930,2023-04-23,2023-04-01,1000,,CC400,600200,7228.24,D,SA,Payroll/AP
4900000931,2023-04-09,2023-04-01,1000,,CC400,630000,6798.08,D,SA,Payroll/AP
4900000932,2023-04-25,2023-04-01,1000,,CC400,620000,2350.77,D,SA,Payroll/AP
4900000933,2023-04-12,2023-04-01,1000,,CC400,640000,3131.92,D,SA,Payroll/AP
4900000934,2023-04-06,2023-04-01,2000,,CC400,600000,52270.1,D,SA,Payroll/AP
4900000935,2023-04-20,2023-04-01,2000,,CC400,600100,11139.27,D,SA,Payroll/AP
4900000936,2023-04-20,2023-04-01,2000,,CC400,600200,4124.46,D,SA,Payroll/AP
4900000937,2023-04-24,2023-04-01,2000,,CC400,630000,3261.75,D,SA,Payroll/AP
4900000938,2023-04-23,2023-04-01,2000,,CC400,620000,1304.62,D,SA,Payroll/AP
4900000939,2023-04-04,2023-04-01,2000,,CC400,640000,1962.53,D,SA,Payroll/AP
4900000940,2023-04-25,2023-04-01,3000,,CC400,600000,27455.65,D,SA,Payroll/AP
4900000941,2023-04-27,2023-04-01,3000,,CC400,600100,5448.64,D,SA,Payroll/AP
4900000942,2023-04-06,2023-04-01,3000,,CC400,600200,2045.19,D,SA,Payroll/AP
4900000943,2023-04-10,2023-04-01,3000,,CC400,630000,1863.89,D,SA,Payroll/AP
4900000944,2023-04-04,2023-04-01,3000,,CC400,620000,692.06,D,SA,Payroll/AP
4900000945,2023-04-19,2023-04-01,3000,,CC400,640000,987.61,D,SA,Payroll/AP
4900000946,2023-04-01,2023-04-01,1000,,CC500,600000,63780.65,D,SA,Payroll/AP
4900000947,2023-04-10,2023-04-01,1000,,CC500,600100,13115.98,D,SA,Payroll/AP
4900000948,2023-04-19,2023-04-01,1000,,CC500,600200,4921.88,D,SA,Payroll/AP
4900000949,2023-04-22,2023-04-01,1000,,CC500,500000,308230.07,D,SA,Payroll/AP
4900000950,2023-04-13,2023-04-01,1000,,CC500,500100,123778.32,D,SA,Payroll/AP
4900000951,2023-04-13,2023-04-01,2000,,CC500,600000,35733.7,D,SA,Payroll/AP
4900000952,2023-04-23,2023-04-01,2000,,CC500,600100,7212.47,D,SA,Payroll/AP
4900000953,2023-04-07,2023-04-01,2000,,CC500,600200,2713.31,D,SA,Payroll/AP
4900000954,2023-04-03,2023-04-01,2000,,CC500,500000,126450.8,D,SA,Payroll/AP
4900000955,2023-04-19,2023-04-01,2000,,CC500,500100,73932.21,D,SA,Payroll/AP
4900000956,2023-04-23,2023-04-01,3000,,CC500,600000,17730.85,D,SA,Payroll/AP
4900000957,2023-04-27,2023-04-01,3000,,CC500,600100,3684.17,D,SA,Payroll/AP
4900000958,2023-04-21,2023-04-01,3000,,CC500,600200,1276.06,D,SA,Payroll/AP
4900000959,2023-04-08,2023-04-01,3000,,CC500,500000,95515.06,D,SA,Payroll/AP
4900000960,2023-04-04,2023-04-01,3000,,CC500,500100,33390.44,D,SA,Payroll/AP
4900000961,2023-05-23,2023-05-01,1000,,CC100,600000,191148.23,D,SA,Payroll/AP
4900000962,2023-05-25,2023-05-01,1000,,CC100,600100,37561.89,D,SA,Payroll/AP
4900000963,2023-05-10,2023-05-01,1000,,CC100,600200,14561.18,D,SA,Payroll/AP
4900000964,2023-05-28,2023-05-01,1000,,CC100,610000,75072.44,D,SA,Payroll/AP
4900000965,2023-05-22,2023-05-01,1000,,CC100,620000,11239.67,D,SA,Payroll/AP
4900000966,2023-05-20,2023-05-01,1000,,CC100,630000,11425.47,D,SA,Payroll/AP
4900000967,2023-05-26,2023-05-01,1000,,CC100,640000,7055.3,D,SA,Payroll/AP
4900000968,2023-05-04,2023-05-01,2000,,CC100,600000,102870.59,D,SA,Payroll/AP
4900000969,2023-05-26,2023-05-01,2000,,CC100,600100,21375.9,D,SA,Payroll/AP
4900000970,2023-05-19,2023-05-01,2000,,CC100,600200,7956.97,D,SA,Payroll/AP
4900000971,2023-05-26,2023-05-01,2000,,CC100,610000,46651.34,D,SA,Payroll/AP
4900000972,2023-05-02,2023-05-01,2000,,CC100,620000,6805.34,D,SA,Payroll/AP
4900000973,2023-05-12,2023-05-01,2000,,CC100,630000,6514.98,D,SA,Payroll/AP
4900000974,2023-05-18,2023-05-01,2000,,CC100,640000,3916.73,D,SA,Payroll/AP
4900000975,2023-05-14,2023-05-01,3000,,CC100,600000,51418.57,D,SA,Payroll/AP
4900000976,2023-05-22,2023-05-01,3000,,CC100,600100,10725.89,D,SA,Payroll/AP
4900000977,2023-05-12,2023-05-01,3000,,CC100,600200,4026.53,D,SA,Payroll/AP
4900000978,2023-05-03,2023-05-01,3000,,CC100,610000,25707.8,D,SA,Payroll/AP
4900000979,2023-05-17,2023-05-01,3000,,CC100,620000,3492.54,D,SA,Payroll/AP
4900000980,2023-05-21,2023-05-01,3000,,CC100,630000,2326.1,D,SA,Payroll/AP
4900000981,2023-05-11,2023-05-01,3000,,CC100,640000,2291.45,D,SA,Payroll/AP
4900000982,2023-05-01,2023-05-01,1000,,CC200,600000,332047.61,D,SA,Payroll/AP
4900000983,2023-05-28,2023-05-01,1000,,CC200,600100,70132.52,D,SA,Payroll/AP
4900000984,2023-05-14,2023-05-01,1000,,CC200,600200,25747.11,D,SA,Payroll/AP
4900000985,2023-05-27,2023-05-01,1000,,CC200,630000,30302.77,D,SA,Payroll/AP
4900000986,2023-05-16,2023-05-01,1000,,CC200,640000,13500.45,D,SA,Payroll/AP
4900000987,2023-05-04,2023-05-01,1000,,CC200,620000,6745.39,D,SA,Payroll/AP
4900000988,2023-05-14,2023-05-01,1000,,CC200,660000,13346.47,D,SA,Payroll/AP
4900000989,2023-05-12,2023-05-01,2000,,CC200,600000,190880.34,D,SA,Payroll/AP
4900000990,2023-05-21,2023-05-01,2000,,CC200,600100,38274.81,D,SA,Payroll/AP
4900000991,2023-05-27,2023-05-01,2000,,CC200,600200,14154.58,D,SA,Payroll/AP
4900000992,2023-05-15,2023-05-01,2000,,CC200,630000,18194.58,D,SA,Payroll/AP
4900000993,2023-05-23,2023-05-01,2000,,CC200,640000,7957.97,D,SA,Payroll/AP
4900000994,2023-05-05,2023-05-01,2000,,CC200,620000,3119.47,D,SA,Payroll/AP
4900000995,2023-05-14,2023-05-01,2000,,CC200,660000,7324.45,D,SA,Payroll/AP
4900000996,2023-05-06,2023-05-01,3000,,CC200,600000,94259.54,D,SA,Payroll/AP
4900000997,2023-05-24,2023-05-01,3000,,CC200,600100,18954.42,D,SA,Payroll/AP
4900000998,2023-05-17,2023-05-01,3000,,CC200,600200,7347.2,D,SA,Payroll/AP
4900000999,2023-05-21,2023-05-01,3000,,CC200,630000,8217.02,D,SA,Payroll/AP
4900001000,2023-05-09,2023-05-01,3000,,CC200,640000,3620.13,D,SA,Payroll/AP
4900001001,2023-05-20,2023-05-01,3000,,CC200,620000,1756.68,D,SA,Payroll/AP
4900001002,2023-05-26,2023-05-01,3000,,CC200,660000,3578.01,D,SA,Payroll/AP
4900001003,2023-05-18,2023-05-01,1000,,CC300,600000,69558.35,D,SA,Payroll/AP
4900001004,2023-05-25,2023-05-01,1000,,CC300,600100,14168.08,D,SA,Payroll/AP
4900001005,2023-05-16,2023-05-01,1000,,CC300,600200,5645.05,D,SA,Payroll/AP
4900001006,2023-05-15,2023-05-01,1000,,CC300,650000,12518.12,D,SA,Payroll/AP
4900001007,2023-05-14,2023-05-01,1000,,CC300,630000,3285.49,D,SA,Payroll/AP
4900001008,2023-05-27,2023-05-01,1000,,CC300,640000,2146.28,D,SA,Payroll/AP
4900001009,2023-05-24,2023-05-01,1000,,CC300,660000,2647.91,D,SA,Payroll/AP
4900001010,2023-05-19,2023-05-01,2000,,CC300,600000,37642.73,D,SA,Payroll/AP
4900001011,2023-05-09,2023-05-01,2000,,CC300,600100,8191.94,D,SA,Payroll/AP
4900001012,2023-05-11,2023-05-01,2000,,CC300,600200,3034.37,D,SA,Payroll/AP
4900001013,2023-05-28,2023-05-01,2000,,CC300,650000,6924.06,D,SA,Payroll/AP
4900001014,2023-05-08,2023-05-01,2000,,CC300,630000,2429.49,D,SA,Payroll/AP
4900001015,2023-05-27,2023-05-01,2000,,CC300,640000,1633.15,D,SA,Payroll/AP
4900001016,2023-05-03,2023-05-01,2000,,CC300,660000,1463.0,D,SA,Payroll/AP
4900001017,2023-05-09,2023-05-01,3000,,CC300,600000,18366.53,D,SA,Payroll/AP
4900001018,2023-05-15,2023-05-01,3000,,CC300,600100,4147.44,D,SA,Payroll/AP
4900001019,2023-05-08,2023-05-01,3000,,CC300,600200,1445.82,D,SA,Payroll/AP
4900001020,2023-05-25,2023-05-01,3000,,CC300,650000,3106.14,D,SA,Payroll/AP
4900001021,2023-05-15,2023-05-01,3000,,CC300,630000,1092.81,D,SA,Payroll/AP
4900001022,2023-05-19,2023-05-01,3000,,CC300,640000,924.99,D,SA,Payroll/AP
4900001023,2023-05-20,2023-05-01,3000,,CC300,660000,795.04,D,SA,Payroll/AP
4900001024,2023-05-22,2023-05-01,1000,,CC400,600000,99058.35,D,SA,Payroll/AP
4900001025,2023-05-13,2023-05-01,1000,,CC400,600100,20332.06,D,SA,Payroll/AP
4900001026,2023-05-11,2023-05-01,1000,,CC400,600200,7663.5,D,SA,Payroll/AP
4900001027,2023-05-01,2023-05-01,1000,,CC400,630000,6755.61,D,SA,Payroll/AP
4900001028,2023-05-16,2023-05-01,1000,,CC400,620000,2582.26,D,SA,Payroll/AP
4900001029,2023-05-28,2023-05-01,1000,,CC400,640000,3806.7,D,SA,Payroll/AP
4900001030,2023-05-11,2023-05-01,2000,,CC400,600000,53420.87,D,SA,Payroll/AP
4900001031,2023-05-06,2023-05-01,2000,,CC400,600100,10806.41,D,SA,Payroll/AP
4900001032,2023-05-16,2023-05-01,2000,,CC400,600200,4091.35,D,SA,Payroll/AP
4900001033,2023-05-07,2023-05-01,2000,,CC400,630000,2848.24,D,SA,Payroll/AP
4900001034,2023-05-12,2023-05-01,2000,,CC400,620000,1358.0,D,SA,Payroll/AP
4900001035,2023-05-26,2023-05-01,2000,,CC400,640000,1853.85,D,SA,Payroll/AP
4900001036,2023-05-09,2023-05-01,3000,,CC400,600000,25838.52,D,SA,Payroll/AP
4900001037,2023-05-11,2023-05-01,3000,,CC400,600100,5439.34,D,SA,Payroll/AP
4900001038,2023-05-09,2023-05-01,3000,,CC400,600200,2089.02,D,SA,Payroll/AP
4900001039,2023-05-20,2023-05-01,3000,,CC400,630000,1849.23,D,SA,Payroll/AP
4900001040,2023-05-23,2023-05-01,3000,,CC400,620000,571.08,D,SA,Payroll/AP
4900001041,2023-05-09,2023-05-01,3000,,CC400,640000,915.65,D,SA,Payroll/AP
4900001042,2023-05-18,2023-05-01,1000,,CC500,600000,66205.06,D,SA,Payroll/AP
4900001043,2023-05-01,2023-05-01,1000,,CC500,600100,13067.79,D,SA,Payroll/AP
4900001044,2023-05-17,2023-05-01,1000,,CC500,600200,4976.19,D,SA,Payroll/AP
4900001045,2023-05-07,2023-05-01,1000,,CC500,500000,307626.46,D,SA,Payroll/AP
4900001046,2023-05-03,2023-05-01,1000,,CC500,500100,112865.1,D,SA,Payroll/AP
4900001047,2023-05-08,2023-05-01,2000,,CC500,600000,35373.47,D,SA,Payroll/AP
4900001048,2023-05-24,2023-05-01,2000,,CC500,600100,7047.65,D,SA,Payroll/AP
4900001049,2023-05-14,2023-05-01,2000,,CC500,600200,2682.66,D,SA,Payroll/AP
4900001050,2023-05-16,2023-05-01,2000,,CC500,500000,163458.41,D,SA,Payroll/AP
4900001051,2023-05-18,2023-05-01,2000,,CC500,500100,57069.14,D,SA,Payroll/AP
4900001052,2023-05-25,2023-05-01,3000,,CC500,600000,17805.02,D,SA,Payroll/AP
4900001053,2023-05-08,2023-05-01,3000,,CC500,600100,3619.0,D,SA,Payroll/AP
4900001054,2023-05-23,2023-05-01,3000,,CC500,600200,1372.66,D,SA,Payroll/AP
4900001055,2023-05-16,2023-05-01,3000,,CC500,500000,80969.96,D,SA,Payroll/AP
4900001056,2023-05-21,2023-05-01,3000,,CC500,500100,38571.5,D,SA,Payroll/AP
4900001057,2023-06-23,2023-06-01,1000,,CC100,600000,189463.66,D,SA,Payroll/AP
4900001058,2023-06-16,2023-06-01,1000,,CC100,600100,38434.31,D,SA,Payroll/AP
4900001059,2023-06-15,2023-06-01,1000,,CC100,600200,14573.28,D,SA,Payroll/AP
4900001060,2023-06-26,2023-06-01,1000,,CC100,610000,89410.7,D,SA,Payroll/AP
4900001061,2023-06-01,2023-06-01,1000,,CC100,620000,12173.96,D,SA,Payroll/AP
4900001062,2023-06-03,2023-06-01,1000,,CC100,630000,9731.15,D,SA,Payroll/AP
4900001063,2023-06-10,2023-06-01,1000,,CC100,640000,6758.59,D,SA,Payroll/AP
4900001064,2023-06-08,2023-06-01,2000,,CC100,600000,101300.33,D,SA,Payroll/AP
4900001065,2023-06-13,2023-06-01,2000,,CC100,600100,20468.01,D,SA,Payroll/AP
4900001066,2023-06-23,2023-06-01,2000,,CC100,600200,8173.36,D,SA,Payroll/AP
4900001067,2023-06-08,2023-06-01,2000,,CC100,610000,40336.04,D,SA,Payroll/AP
4900001068,2023-06-10,2023-06-01,2000,,CC100,620000,6124.87,D,SA,Payroll/AP
4900001069,2023-06-22,2023-06-01,2000,,CC100,630000,4886.47,D,SA,Payroll/AP
4900001070,2023-06-19,2023-06-01,2000,,CC100,640000,4301.88,D,SA,Payroll/AP
4900001071,2023-06-12,2023-06-01,3000,,CC100,600000,51027.91,D,SA,Payroll/AP
4900001072,2023-06-16,2023-06-01,3000,,CC100,600100,10792.13,D,SA,Payroll/AP
4900001073,2023-06-18,2023-06-01,3000,,CC100,600200,3895.33,D,SA,Payroll/AP
4900001074,2023-06-17,2023-06-01,3000,,CC100,610000,23675.62,D,SA,Payroll/AP
4900001075,2023-06-12,2023-06-01,3000,,CC100,620000,3015.56,D,SA,Payroll/AP
4900001076,2023-06-14,2023-06-01,3000,,CC100,630000,3197.02,D,SA,Payroll/AP
4900001077,2023-06-24,2023-06-01,3000,,CC100,640000,1739.8,D,SA,Payroll/AP
4900001078,2023-06-18,2023-06-01,1000,,CC200,600000,345757.64,D,SA,Payroll/AP
4900001079,2023-06-11,2023-06-01,1000,,CC200,600100,71381.34,D,SA,Payroll/AP
4900001080,2023-06-12,2023-06-01,1000,,CC200,600200,26651.71,D,SA,Payroll/AP
4900001081,2023-06-23,2023-06-01,1000,,CC200,630000,30267.05,D,SA,Payroll/AP
4900001082,2023-06-15,2023-06-01,1000,,CC200,640000,13044.9,D,SA,Payroll/AP
4900001083,2023-06-09,2023-06-01,1000,,CC200,620000,6637.19,D,SA,Payroll/AP
4900001084,2023-06-10,2023-06-01,1000,,CC200,660000,13119.33,D,SA,Payroll/AP
4900001085,2023-06-09,2023-06-01,2000,,CC200,600000,190954.1,D,SA,Payroll/AP
4900001086,2023-06-08,2023-06-01,2000,,CC200,600100,40128.22,D,SA,Payroll/AP
4900001087,2023-06-04,2023-06-01,2000,,CC200,600200,14250.29,D,SA,Payroll/AP
4900001088,2023-06-24,2023-06-01,2000,,CC200,630000,14509.77,D,SA,Payroll/AP
4900001089,2023-06-07,2023-06-01,2000,,CC200,640000,7141.87,D,SA,Payroll/AP
4900001090,2023-06-11,2023-06-01,2000,,CC200,620000,4532.14,D,SA,Payroll/AP
4900001091,2023-06-04,2023-06-01,2000,,CC200,660000,6915.94,D,SA,Payroll/AP
4900001092,2023-06-24,2023-06-01,3000,,CC200,600000,97259.39,D,SA,Payroll/AP
4900001093,2023-06-18,2023-06-01,3000,,CC200,600100,19965.55,D,SA,Payroll/AP
4900001094,2023-06-25,2023-06-01,3000,,CC200,600200,7163.81,D,SA,Payroll/AP
4900001095,2023-06-23,2023-06-01,3000,,CC200,630000,8932.22,D,SA,Payroll/AP
4900001096,2023-06-06,2023-06-01,3000,,CC200,640000,4211.81,D,SA,Payroll/AP
4900001097,2023-06-07,2023-06-01,3000,,CC200,620000,1742.34,D,SA,Payroll/AP
4900001098,2023-06-07,2023-06-01,3000,,CC200,660000,3585.14,D,SA,Payroll/AP
4900001099,2023-06-24,2023-06-01,1000,,CC300,600000,70452.4,D,SA,Payroll/AP
4900001100,2023-06-16,2023-06-01,1000,,CC300,600100,14325.13,D,SA,Payroll/AP
4900001101,2023-06-09,2023-06-01,1000,,CC300,600200,5412.0,D,SA,Payroll/AP
4900001102,2023-06-24,2023-06-01,1000,,CC300,650000,12030.23,D,SA,Payroll/AP
4900001103,2023-06-19,2023-06-01,1000,,CC300,630000,3667.93,D,SA,Payroll/AP
4900001104,2023-06-25,2023-06-01,1000,,CC300,640000,2530.51,D,SA,Payroll/AP
4900001105,2023-06-17,2023-06-01,1000,,CC300,660000,2773.65,D,SA,Payroll/AP
4900001106,2023-06-20,2023-06-01,2000,,CC300,600000,37549.1,D,SA,Payroll/AP
4900001107,2023-06-10,2023-06-01,2000,,CC300,600100,8002.37,D,SA,Payroll/AP
4900001108,2023-06-04,2023-06-01,2000,,CC300,600200,3030.86,D,SA,Payroll/AP
4900001109,2023-06-27,2023-06-01,2000,,CC300,650000,5966.99,D,SA,Payroll/AP
4900001110,2023-06-07,2023-06-01,2000,,CC300,630000,2061.78,D,SA,Payroll/AP
4900001111,2023-06-10,2023-06-01,2000,,CC300,640000,1673.57,D,SA,Payroll/AP
4900001112,2023-06-08,2023-06-01,2000,,CC300,660000,1400.43,D,SA,Payroll/AP
4900001113,2023-06-12,2023-06-01,3000,,CC300,600000,20025.75,D,SA,Payroll/AP
4900001114,2023-06-06,2023-06-01,3000,,CC300,600100,4008.19,D,SA,Payroll/AP
4900001115,2023-06-10,2023-06-01,3000,,CC300,600200,1469.56,D,SA,Payroll/AP
4900001116,2023-06-01,2023-06-01,3000,,CC300,650000,3705.67,D,SA,Payroll/AP
4900001117,2023-06-23,2023-06-01,3000,,CC300,630000,1049.2,D,SA,Payroll/AP
4900001118,2023-06-18,2023-06-01,3000,,CC300,640000,750.95,D,SA,Payroll/AP
4900001119,2023-06-05,2023-06-01,3000,,CC300,660000,765.37,D,SA,Payroll/AP
4900001120,2023-06-09,2023-06-01,1000,,CC400,600000,97005.73,D,SA,Payroll/AP
4900001121,2023-06-02,2023-06-01,1000,,CC400,600100,20340.55,D,SA,Payroll/AP
4900001122,2023-06-02,2023-06-01,1000,,CC400,600200,7387.02,D,SA,Payroll/AP
4900001123,2023-06-18,2023-06-01,1000,,CC400,630000,6264.5,D,SA,Payroll/AP
4900001124,2023-06-10,2023-06-01,1000,,CC400,620000,2304.94,D,SA,Payroll/AP
4900001125,2023-06-23,2023-06-01,1000,,CC400,640000,3521.41,D,SA,Payroll/AP
4900001126,2023-06-05,2023-06-01,2000,,CC400,600000,55598.45,D,SA,Payroll/AP
4900001127,2023-06-21,2023-06-01,2000,,CC400,600100,11372.58,D,SA,Payroll/AP
4900001128,2023-06-28,2023-06-01,2000,,CC400,600200,4224.47,D,SA,Payroll/AP
4900001129,2023-06-25,2023-06-01,2000,,CC400,630000,3098.11,D,SA,Payroll/AP
4900001130,2023-06-16,2023-06-01,2000,,CC400,620000,1347.19,D,SA,Payroll/AP
4900001131,2023-06-04,2023-06-01,2000,,CC400,640000,2339.96,D,SA,Payroll/AP
4900001132,2023-06-28,2023-06-01,3000,,CC400,600000,27205.45,D,SA,Payroll/AP
4900001133,2023-06-01,2023-06-01,3000,,CC400,600100,5822.97,D,SA,Payroll/AP
4900001134,2023-06-19,2023-06-01,3000,,CC400,600200,2103.23,D,SA,Payroll/AP
4900001135,2023-06-10,2023-06-01,3000,,CC400,630000,1772.41,D,SA,Payroll/AP
4900001136,2023-06-16,2023-06-01,3000,,CC400,620000,674.1,D,SA,Payroll/AP
4900001137,2023-06-16,2023-06-01,3000,,CC400,640000,1057.34,D,SA,Payroll/AP
4900001138,2023-06-15,2023-06-01,1000,,CC500,600000,64933.65,D,SA,Payroll/AP
4900001139,2023-06-11,2023-06-01,1000,,CC500,600100,13549.68,D,SA,Payroll/AP
4900001140,2023-06-06,2023-06-01,1000,,CC500,600200,5106.04,D,SA,Payroll/AP
4900001141,2023-06-02,2023-06-01,1000,,CC500,500000,269288.81,D,SA,Payroll/AP
4900001142,2023-06-09,2023-06-01,1000,,CC500,500100,108580.08,D,SA,Payroll/AP
4900001143,2023-06-28,2023-06-01,2000,,CC500,600000,34081.17,D,SA,Payroll/AP
4900001144,2023-06-16,2023-06-01,2000,,CC500,600100,7331.27,D,SA,Payroll/AP
4900001145,2023-06-04,2023-06-01,2000,,CC500,600200,2661.52,D,SA,Payroll/AP
4900001146,2023-06-27,2023-06-01,2000,,CC500,500000,124579.61,D,SA,Payroll/AP
4900001147,2023-06-03,2023-06-01,2000,,CC500,500100,70683.27,D,SA,Payroll/AP
4900001148,2023-06-13,2023-06-01,3000,,CC500,600000,18572.28,D,SA,Payroll/AP
4900001149,2023-06-16,2023-06-01,3000,,CC500,600100,3628.33,D,SA,Payroll/AP
4900001150,2023-06-03,2023-06-01,3000,,CC500,600200,1383.61,D,SA,Payroll/AP
4900001151,2023-06-19,2023-06-01,3000,,CC500,500000,80028.86,D,SA,Payroll/AP
4900001152,2023-06-21,2023-06-01,3000,,CC500,500100,33683.28,D,SA,Payroll/AP
4900001153,2023-07-22,2023-07-01,1000,,CC100,600000,194494.86,D,SA,Payroll/AP
4900001154,2023-07-02,2023-07-01,1000,,CC100,600100,38948.82,D,SA,Payroll/AP
4900001155,2023-07-05,2023-07-01,1000,,CC100,600200,14769.66,D,SA,Payroll/AP
4900001156,2023-07-05,2023-07-01,1000,,CC100,610000,88454.96,D,SA,Payroll/AP
4900001157,2023-07-26,2023-07-01,1000,,CC100,620000,11424.67,D,SA,Payroll/AP
4900001158,2023-07-19,2023-07-01,1000,,CC100,630000,10765.68,D,SA,Payroll/AP
4900001159,2023-07-10,2023-07-01,1000,,CC100,640000,7217.03,D,SA,Payroll/AP
4900001160,2023-07-03,2023-07-01,2000,,CC100,600000,102877.85,D,SA,Payroll/AP
4900001161,2023-07-08,2023-07-01,2000,,CC100,600100,21656.93,D,SA,Payroll/AP
4900001162,2023-07-04,2023-07-01,2000,,CC100,600200,7890.75,D,SA,Payroll/AP
4900001163,2023-07-18,2023-07-01,2000,,CC100,610000,47003.69,D,SA,Payroll/AP
4900001164,2023-07-25,2023-07-01,2000,,CC100,620000,6689.84,D,SA,Payroll/AP
4900001165,2023-07-14,2023-07-01,2000,,CC100,630000,5938.44,D,SA,Payroll/AP
4900001166,2023-07-20,2023-07-01,2000,,CC100,640000,4208.28,D,SA,Payroll/AP
4900001167,2023-07-20,2023-07-01,3000,,CC100,600000,52202.21,D,SA,Payroll/AP
4900001168,2023-07-26,2023-07-01,3000,,CC100,600100,10888.73,D,SA,Payroll/AP
4900001169,2023-07-20,2023-07-01,3000,,CC100,600200,4129.27,D,SA,Payroll/AP
4900001170,2023-07-08,2023-07-01,3000,,CC100,610000,24743.07,D,SA,Payroll/AP
4900001171,2023-07-25,2023-07-01,3000,,CC100,620000,3351.44,D,SA,Payroll/AP
4900001172,2023-07-17,2023-07-01,3000,,CC100,630000,2327.02,D,SA,Payroll/AP
4900001173,2023-07-13,2023-07-01,3000,,CC100,640000,1794.82,D,SA,Payroll/AP
4900001174,2023-07-15,2023-07-01,1000,,CC200,600000,346308.63,D,SA,Payroll/AP
4900001175,2023-07-15,2023-07-01,1000,,CC200,600100,70602.7,D,SA,Payroll/AP
4900001176,2023-07-10,2023-07-01,1000,,CC200,600200,26702.52,D,SA,Payroll/AP
4900001177,2023-07-28,2023-07-01,1000,,CC200,630000,31447.01,D,SA,Payroll/AP
4900001178,2023-07-19,2023-07-01,1000,,CC200,640000,14111.23,D,SA,Payroll/AP
4900001179,2023-07-14,2023-07-01,1000,,CC200,620000,6653.45,D,SA,Payroll/AP
4900001180,2023-07-10,2023-07-01,1000,,CC200,660000,13727.36,D,SA,Payroll/AP
4900001181,2023-07-19,2023-07-01,2000,,CC200,600000,190026.68,D,SA,Payroll/AP
4900001182,2023-07-20,2023-07-01,2000,,CC200,600100,37391.55,D,SA,Payroll/AP
4900001183,2023-07-02,2023-07-01,2000,,CC200,600200,14324.35,D,SA,Payroll/AP
4900001184,2023-07-20,2023-07-01,2000,,CC200,630000,16786.31,D,SA,Payroll/AP
4900001185,2023-07-24,2023-07-01,2000,,CC200,640000,6416.31,D,SA,Payroll/AP
4900001186,2023-07-04,2023-07-01,2000,,CC200,620000,3868.61,D,SA,Payroll/AP
4900001187,2023-07-25,2023-07-01,2000,,CC200,660000,7857.98,D,SA,Payroll/AP
4900001188,2023-07-07,2023-07-01,3000,,CC200,600000,97718.27,D,SA,Payroll/AP
4900001189,2023-07-21,2023-07-01,3000,,CC200,600100,19484.27,D,SA,Payroll/AP
4900001190,2023-07-07,2023-07-01,3000,,CC200,600200,7556.7,D,SA,Payroll/AP
4900001191,2023-07-09,2023-07-01,3000,,CC200,630000,8688.19,D,SA,Payroll/AP
4900001192,2023-07-22,2023-07-01,3000,,CC200,640000,3545.29,D,SA,Payroll/AP
4900001193,2023-07-03,2023-07-01,3000,,CC200,620000,1721.95,D,SA,Payroll/AP
4900001194,2023-07-06,2023-07-01,3000,,CC200,660000,3613.48,D,SA,Payroll/AP
4900001195,2023-07-08,2023-07-01,1000,,CC300,600000,70891.02,D,SA,Payroll/AP
4900001196,2023-07-06,2023-07-01,1000,,CC300,600100,14705.48,D,SA,Payroll/AP
4900001197,2023-07-18,2023-07-01,1000,,CC300,600200,5513.47,D,SA,Payroll/AP
4900001198,2023-07-03,2023-07-01,1000,,CC300,650000,13743.74,D,SA,Payroll/AP
4900001199,2023-07-06,2023-07-01,1000,,CC300,630000,3823.97,D,SA,Payroll/AP
4900001200,2023-07-01,2023-07-01,1000,,CC300,640000,3075.09,D,SA,Payroll/AP
4900001201,2023-07-14,2023-07-01,1000,,CC300,660000,2878.38,D,SA,Payroll/AP
4900001202,2023-07-15,2023-07-01,2000,,CC300,600000,37690.66,D,SA,Payroll/AP
4900001203,2023-07-23,2023-07-01,2000,,CC300,600100,7561.06,D,SA,Payroll/AP
4900001204,2023-07-20,2023-07-01,2000,,CC300,600200,3043.86,D,SA,Payroll/AP
4900001205,2023-07-16,2023-07-01,2000,,CC300,650000,6448.98,D,SA,Payroll/AP
4900001206,2023-07-10,2023-07-01,2000,,CC300,630000,1947.24,D,SA,Payroll/AP
4900001207,2023-07-02,2023-07-01,2000,,CC300,640000,1319.19,D,SA,Payroll/AP
4900001208,2023-07-08,2023-07-01,2000,,CC300,660000,1359.4,D,SA,Payroll/AP
4900001209,2023-07-10,2023-07-01,3000,,CC300,600000,19632.46,D,SA,Payroll/AP
4900001210,2023-07-23,2023-07-01,3000,,CC300,600100,4044.52,D,SA,Payroll/AP
4900001211,2023-07-10,2023-07-01,3000,,CC300,600200,1476.78,D,SA,Payroll/AP
4900001212,2023-07-23,2023-07-01,3000,,CC300,650000,2767.26,D,SA,Payroll/AP
4900001213,2023-07-28,2023-07-01,3000,,CC300,630000,941.6,D,SA,Payroll/AP
4900001214,2023-07-15,2023-07-01,3000,,CC300,640000,776.27,D,SA,Payroll/AP
4900001215,2023-07-03,2023-07-01,3000,,CC300,660000,691.77,D,SA,Payroll/AP
4900001216,2023-07-22,2023-07-01,1000,,CC400,600000,100065.89,D,SA,Payroll/AP
4900001217,2023-07-08,2023-07-01,1000,,CC400,600100,20445.07,D,SA,Payroll/AP
4900001218,2023-07-09,2023-07-01,1000,,CC400,600200,7758.11,D,SA,Payroll/AP
4900001219,2023-07-26,2023-07-01,1000,,CC400,630000,6467.47,D,SA,Payroll/AP
4900001220,2023-07-26,2023-07-01,1000,,CC400,620000,2307.66,D,SA,Payroll/AP
4900001221,2023-07-21,2023-07-01,1000,,CC400,640000,4293.47,D,SA,Payroll/AP
4900001222,2023-07-19,2023-07-01,2000,,CC400,600000,54209.54,D,SA,Payroll/AP
4900001223,2023-07-22,2023-07-01,2000,,CC400,600100,11149.18,D,SA,Payroll/AP
4900001224,2023-07-26,2023-07-01,2000,,CC400,600200,4105.15,D,SA,Payroll/AP
4900001225,2023-07-07,2023-07-01,2000,,CC400,630000,3331.49,D,SA,Payroll/AP
4900001226,2023-07-14,2023-07-01,2000,,CC400,620000,1271.03,D,SA,Payroll/AP
4900001227,2023-07-04,2023-07-01,2000,,CC400,640000,2055.44,D,SA,Payroll/AP
4900001228,2023-07-18,2023-07-01,3000,,CC400,600000,28121.84,D,SA,Payroll/AP
4900001229,2023-07-08,2023-07-01,3000,,CC400,600100,5424.6,D,SA,Payroll/AP
4900001230,2023-07-21,2023-07-01,3000,,CC400,600200,2024.12,D,SA,Payroll/AP
4900001231,2023-07-05,2023-07-01,3000,,CC400,630000,1999.44,D,SA,Payroll/AP
4900001232,2023-07-09,2023-07-01,3000,,CC400,620000,682.61,D,SA,Payroll/AP
4900001233,2023-07-27,2023-07-01,3000,,CC400,640000,975.83,D,SA,Payroll/AP
4900001234,2023-07-05,2023-07-01,1000,,CC500,600000,67462.6,D,SA,Payroll/AP
4900001235,2023-07-03,2023-07-01,1000,,CC500,600100,13392.33,D,SA,Payroll/AP
4900001236,2023-07-02,2023-07-01,1000,,CC500,600200,5269.36,D,SA,Payroll/AP
4900001237,2023-07-06,2023-07-01,1000,,CC500,500000,316652.96,D,SA,Payroll/AP
4900001238,2023-07-26,2023-07-01,1000,,CC500,500100,120891.5,D,SA,Payroll/AP
4900001239,2023-07-10,2023-07-01,2000,,CC500,600000,37832.67,D,SA,Payroll/AP
4900001240,2023-07-20,2023-07-01,2000,,CC500,600100,7349.43,D,SA,Payroll/AP
4900001241,2023-07-24,2023-07-01,2000,,CC500,600200,2831.24,D,SA,Payroll/AP
4900001242,2023-07-27,2023-07-01,2000,,CC500,500000,167611.07,D,SA,Payroll/AP
4900001243,2023-07-19,2023-07-01,2000,,CC500,500100,78824.98,D,SA,Payroll/AP
4900001244,2023-07-10,2023-07-01,3000,,CC500,600000,18284.69,D,SA,Payroll/AP
4900001245,2023-07-15,2023-07-01,3000,,CC500,600100,3639.45,D,SA,Payroll/AP
4900001246,2023-07-04,2023-07-01,3000,,CC500,600200,1343.37,D,SA,Payroll/AP
4900001247,2023-07-15,2023-07-01,3000,,CC500,500000,83221.59,D,SA,Payroll/AP
4900001248,2023-07-23,2023-07-01,3000,,CC500,500100,31787.11,D,SA,Payroll/AP
4900001249,2023-08-10,2023-08-01,1000,,CC100,600000,202382.03,D,SA,Payroll/AP
4900001250,2023-08-23,2023-08-01,1000,,CC100,600100,40016.26,D,SA,Payroll/AP
4900001251,2023-08-13,2023-08-01,1000,,CC100,600200,14855.89,D,SA,Payroll/AP
4900001252,2023-08-09,2023-08-01,1000,,CC100,610000,88909.39,D,SA,Payroll/AP
4900001253,2023-08-17,2023-08-01,1000,,CC100,620000,10791.02,D,SA,Payroll/AP
4900001254,2023-08-18,2023-08-01,1000,,CC100,630000,9007.46,D,SA,Payroll/AP
4900001255,2023-08-16,2023-08-01,1000,,CC100,640000,8380.84,D,SA,Payroll/AP
4900001256,2023-08-15,2023-08-01,2000,,CC100,600000,104863.14,D,SA,Payroll/AP
4900001257,2023-08-03,2023-08-01,2000,,CC100,600100,21340.37,D,SA,Payroll/AP
4900001258,2023-08-20,2023-08-01,2000,,CC100,600200,8261.51,D,SA,Payroll/AP
4900001259,2023-08-02,2023-08-01,2000,,CC100,610000,53333.87,D,SA,Payroll/AP
4900001260,2023-08-14,2023-08-01,2000,,CC100,620000,7301.2,D,SA,Payroll/AP
4900001261,2023-08-24,2023-08-01,2000,,CC100,630000,5991.95,D,SA,Payroll/AP
4900001262,2023-08-11,2023-08-01,2000,,CC100,640000,3777.6,D,SA,Payroll/AP
4900001263,2023-08-20,2023-08-01,3000,,CC100,600000,51618.77,D,SA,Payroll/AP
4900001264,2023-08-09,2023-08-01,3000,,CC100,600100,11225.62,D,SA,Payroll/AP
4900001265,2023-08-01,2023-08-01,3000,,CC100,600200,4060.52,D,SA,Payroll/AP
4900001266,2023-08-03,2023-08-01,3000,,CC100,610000,23242.2,D,SA,Payroll/AP
4900001267,2023-08-08,2023-08-01,3000,,CC100,620000,3858.09,D,SA,Payroll/AP
4900001268,2023-08-22,2023-08-01,3000,,CC100,630000,2876.14,D,SA,Payroll/AP
4900001269,2023-08-27,2023-08-01,3000,,CC100,640000,2136.6,D,SA,Payroll/AP
4900001270,2023-08-28,2023-08-01,1000,,CC200,600000,369607.63,D,SA,Payroll/AP
4900001271,2023-08-19,2023-08-01,1000,,CC200,600100,71735.03,D,SA,Payroll/AP
4900001272,2023-08-19,2023-08-01,1000,,CC200,600200,27757.07,D,SA,Payroll/AP
4900001273,2023-08-01,2023-08-01,1000,,CC200,630000,31974.53,D,SA,Payroll/AP
4900001274,2023-08-25,2023-08-01,1000,,CC200,640000,13991.66,D,SA,Payroll/AP
4900001275,2023-08-22,2023-08-01,1000,,CC200,620000,7854.16,D,SA,Payroll/AP
4900001276,2023-08-27,2023-08-01,1000,,CC200,660000,13971.67,D,SA,Payroll/AP
4900001277,2023-08-09,2023-08-01,2000,,CC200,600000,195317.37,D,SA,Payroll/AP
4900001278,2023-08-19,2023-08-01,2000,,CC200,600100,40488.61,D,SA,Payroll/AP
4900001279,2023-08-02,2023-08-01,2000,,CC200,600200,14755.89,D,SA,Payroll/AP
4900001280,2023-08-25,2023-08-01,2000,,CC200,630000,15886.44,D,SA,Payroll/AP
4900001281,2023-08-25,2023-08-01,2000,,CC200,640000,6655.67,D,SA,Payroll/AP
4900001282,2023-08-06,2023-08-01,2000,,CC200,620000,2985.38,D,SA,Payroll/AP
4900001283,2023-08-16,2023-08-01,2000,,CC200,660000,8196.3,D,SA,Payroll/AP
4900001284,2023-08-17,2023-08-01,3000,,CC200,600000,94486.69,D,SA,Payroll/AP
4900001285,2023-08-21,2023-08-01,3000,,CC200,600100,19731.48,D,SA,Payroll/AP
4900001286,2023-08-15,2023-08-01,3000,,CC200,600200,7391.05,D,SA,Payroll/AP
4900001287,2023-08-09,2023-08-01,3000,,CC200,630000,8937.44,D,SA,Payroll/AP
4900001288,2023-08-06,2023-08-01,3000,,CC200,640000,4019.23,D,SA,Payroll/AP
4900001289,2023-08-19,2023-08-01,3000,,CC200,620000,2017.93,D,SA,Payroll/AP
4900001290,2023-08-14,2023-08-01,3000,,CC200,660000,3607.76,D,SA,Payroll/AP
4900001291,2023-08-21,2023-08-01,1000,,CC300,600000,71370.37,D,SA,Payroll/AP
4900001292,2023-08-27,2023-08-01,1000,,CC300,600100,14772.19,D,SA,Payroll/AP
4900001293,2023-08-16,2023-08-01,1000,,CC300,600200,5481.04,D,SA,Payroll/AP
4900001294,2023-08-03,2023-08-01,1000,,CC300,650000,15984.59,D,SA,Payroll/AP
4900001295,2023-08-16,2023-08-01,1000,,CC300,630000,3852.59,D,SA,Payroll/AP
4900001296,2023-08-12,2023-08-01,1000,,CC300,640000,2956.62,D,SA,Payroll/AP
4900001297,2023-08-14,2023-08-01,1000,,CC300,660000,2845.51,D,SA,Payroll/AP
4900001298,2023-08-11,2023-08-01,2000,,CC300,600000,39847.19,D,SA,Payroll/AP
4900001299,2023-08-11,2023-08-01,2000,,CC300,600100,8015.26,D,SA,Payroll/AP
4900001300,2023-08-22,2023-08-01,2000,,CC300,600200,2917.2,D,SA,Payroll/AP
4900001301,2023-08-04,2023-08-01,2000,,CC300,650000,7786.45,D,SA,Payroll/AP
4900001302,2023-08-28,2023-08-01,2000,,CC300,630000,1866.54,D,SA,Payroll/AP
4900001303,2023-08-06,2023-08-01,2000,,CC300,640000,1418.28,D,SA,Payroll/AP
4900001304,2023-08-11,2023-08-01,2000,,CC300,660000,1541.34,D,SA,Payroll/AP
4900001305,2023-08-14,2023-08-01,3000,,CC300,600000,19948.83,D,SA,Payroll/AP
4900001306,2023-08-23,2023-08-01,3000,,CC300,600100,3994.87,D,SA,Payroll/AP
4900001307,2023-08-16,2023-08-01,3000,,CC300,600200,1506.69,D,SA,Payroll/AP
4900001308,2023-08-10,2023-08-01,3000,,CC300,650000,4380.84,D,SA,Payroll/AP
4900001309,2023-08-22,2023-08-01,3000,,CC300,630000,1022.33,D,SA,Payroll/AP
4900001310,2023-08-13,2023-08-01,3000,,CC300,640000,943.51,D,SA,Payroll/AP
4900001311,2023-08-27,2023-08-01,3000,,CC300,660000,769.89,D,SA,Payroll/AP
4900001312,2023-08-25,2023-08-01,1000,,CC400,600000,97662.21,D,SA,Payroll/AP
4900001313,2023-08-18,2023-08-01,1000,,CC400,600100,21077.36,D,SA,Payroll/AP
4900001314,2023-08-02,2023-08-01,1000,,CC400,600200,7846.05,D,SA,Payroll/AP
4900001315,2023-08-15,2023-08-01,1000,,CC400,630000,7325.82,D,SA,Payroll/AP
4900001316,2023-08-03,2023-08-01,1000,,CC400,620000,2770.29,D,SA,Payroll/AP
4900001317,2023-08-11,2023-08-01,1000,,CC400,640000,3839.44,D,SA,Payroll/AP
4900001318,2023-08-09,2023-08-01,2000,,CC400,600000,53805.17,D,SA,Payroll/AP
4900001319,2023-08-11,2023-08-01,2000,,CC400,600100,11266.69,D,SA,Payroll/AP
4900001320,2023-08-04,2023-08-01,2000,,CC400,600200,4170.58,D,SA,Payroll/AP
4900001321,2023-08-25,2023-08-01,2000,,CC400,630000,3330.37,D,SA,Payroll/AP
4900001322,2023-08-13,2023-08-01,2000,,CC400,620000,1497.49,D,SA,Payroll/AP
4900001323,2023-08-28,2023-08-01,2000,,CC400,640000,2475.62,D,SA,Payroll/AP
4900001324,2023-08-17,2023-08-01,3000,,CC400,600000,28122.54,D,SA,Payroll/AP
4900001325,2023-08-27,2023-08-01,3000,,CC400,600100,5586.65,D,SA,Payroll/AP
4900001326,2023-08-01,2023-08-01,3000,,CC400,600200,2165.42,D,SA,Payroll/AP
4900001327,2023-08-22,2023-08-01,3000,,CC400,630000,2002.64,D,SA,Payroll/AP
4900001328,2023-08-28,2023-08-01,3000,,CC400,620000,671.82,D,SA,Payroll/AP
4900001329,2023-08-18,2023-08-01,3000,,CC400,640000,1058.78,D,SA,Payroll/AP
4900001330,2023-08-15,2023-08-01,1000,,CC500,600000,67067.32,D,SA,Payroll/AP
4900001331,2023-08-14,2023-08-01,1000,,CC500,600100,13537.46,D,SA,Payroll/AP
4900001332,2023-08-02,2023-08-01,1000,,CC500,600200,5224.38,D,SA,Payroll/AP
4900001333,2023-08-07,2023-08-01,1000,,CC500,500000,297215.93,D,SA,Payroll/AP
4900001334,2023-08-17,2023-08-01,1000,,CC500,500100,134347.09,D,SA,Payroll/AP
4900001335,2023-08-12,2023-08-01,2000,,CC500,600000,35705.89,D,SA,Payroll/AP
4900001336,2023-08-20,2023-08-01,2000,,CC500,600100,7391.4,D,SA,Payroll/AP
4900001337,2023-08-25,2023-08-01,2000,,CC500,600200,2836.64,D,SA,Payroll/AP
4900001338,2023-08-16,2023-08-01,2000,,CC500,500000,157032.57,D,SA,Payroll/AP
4900001339,2023-08-21,2023-08-01,2000,,CC500,500100,81978.51,D,SA,Payroll/AP
4900001340,2023-08-15,2023-08-01,3000,,CC500,600000,18430.96,D,SA,Payroll/AP
4900001341,2023-08-25,2023-08-01,3000,,CC500,600100,3828.3,D,SA,Payroll/AP
4900001342,2023-08-02,2023-08-01,3000,,CC500,600200,1455.85,D,SA,Payroll/AP
4900001343,2023-08-07,2023-08-01,3000,,CC500,500000,71544.55,D,SA,Payroll/AP
4900001344,2023-08-09,2023-08-01,3000,,CC500,500100,29438.41,D,SA,Payroll/AP
4900001345,2023-09-18,2023-09-01,1000,,CC100,600000,189043.78,D,SA,Payroll/AP
4900001346,2023-09-05,2023-09-01,1000,,CC100,600100,41008.73,D,SA,Payroll/AP
4900001347,2023-09-10,2023-09-01,1000,,CC100,600200,14833.96,D,SA,Payroll/AP
4900001348,2023-09-15,2023-09-01,1000,,CC100,610000,109880.66,D,SA,Payroll/AP
4900001349,2023-09-23,2023-09-01,1000,,CC100,620000,11794.31,D,SA,Payroll/AP
4900001350,2023-09-16,2023-09-01,1000,,CC100,630000,10184.22,D,SA,Payroll/AP
4900001351,2023-09-04,2023-09-01,1000,,CC100,640000,8656.3,D,SA,Payroll/AP
4900001352,2023-09-01,2023-09-01,2000,,CC100,600000,110775.63,D,SA,Payroll/AP
4900001353,2023-09-21,2023-09-01,2000,,CC100,600100,22747.42,D,SA,Payroll/AP
4900001354,2023-09-20,2023-09-01,2000,,CC100,600200,8390.49,D,SA,Payroll/AP
4900001355,2023-09-26,2023-09-01,2000,,CC100,610000,52683.56,D,SA,Payroll/AP
4900001356,2023-09-08,2023-09-01,2000,,CC100,620000,7231.61,D,SA,Payroll/AP
4900001357,2023-09-23,2023-09-01,2000,,CC100,630000,5886.78,D,SA,Payroll/AP
4900001358,2023-09-06,2023-09-01,2000,,CC100,640000,3870.47,D,SA,Payroll/AP
4900001359,2023-09-10,2023-09-01,3000,,CC100,600000,52379.87,D,SA,Payroll/AP
4900001360,2023-09-18,2023-09-01,3000,,CC100,600100,10922.6,D,SA,Payroll/AP
4900001361,2023-09-01,2023-09-01,3000,,CC100,600200,4082.31,D,SA,Payroll/AP
4900001362,2023-09-18,2023-09-01,3000,,CC100,610000,22811.82,D,SA,Payroll/AP
4900001363,2023-09-14,2023-09-01,3000,,CC100,620000,3651.26,D,SA,Payroll/AP
4900001364,2023-09-03,2023-09-01,3000,,CC100,630000,2991.71,D,SA,Payroll/AP
4900001365,2023-09-08,2023-09-01,3000,,CC100,640000,2066.23,D,SA,Payroll/AP
4900001366,2023-09-27,2023-09-01,1000,,CC200,600000,371803.45,D,SA,Payroll/AP
4900001367,2023-09-04,2023-09-01,1000,,CC200,600100,72386.83,D,SA,Payroll/AP
4900001368,2023-09-15,2023-09-01,1000,,CC200,600200,27671.77,D,SA,Payroll/AP
4900001369,2023-09-04,2023-09-01,1000,,CC200,630000,30086.09,D,SA,Payroll/AP
4900001370,2023-09-21,2023-09-01,1000,,CC200,640000,11297.12,D,SA,Payroll/AP
4900001371,2023-09-27,2023-09-01,1000,,CC200,620000,6887.42,D,SA,Payroll/AP
4900001372,2023-09-05,2023-09-01,1000,,CC200,660000,13805.13,D,SA,Payroll/AP
4900001373,2023-09-16,2023-09-01,2000,,CC200,600000,202659.95,D,SA,Payroll/AP
4900001374,2023-09-23,2023-09-01,2000,,CC200,600100,40858.98,D,SA,Payroll/AP
4900001375,2023-09-10,2023-09-01,2000,,CC200,600200,14821.28,D,SA,Payroll/AP
4900001376,2023-09-17,2023-09-01,2000,,CC200,630000,20926.14,D,SA,Payroll/AP
4900001377,2023-09-23,2023-09-01,2000,,CC200,640000,8489.4,D,SA,Payroll/AP
4900001378,2023-09-09,2023-09-01,2000,,CC200,620000,4003.0,D,SA,Payroll/AP
4900001379,2023-09-14,2023-09-01,2000,,CC200,660000,7479.94,D,SA,Payroll/AP
4900001380,2023-09-27,2023-09-01,3000,,CC200,600000,96960.35,D,SA,Payroll/AP
4900001381,2023-09-16,2023-09-01,3000,,CC200,600100,20127.47,D,SA,Payroll/AP
4900001382,2023-09-16,2023-09-01,3000,,CC200,600200,7769.99,D,SA,Payroll/AP
4900001383,2023-09-08,2023-09-01,3000,,CC200,630000,10543.78,D,SA,Payroll/AP
4900001384,2023-09-15,2023-09-01,3000,,CC200,640000,4388.98,D,SA,Payroll/AP
4900001385,2023-09-18,2023-09-01,3000,,CC200,620000,1808.17,D,SA,Payroll/AP
4900001386,2023-09-05,2023-09-01,3000,,CC200,660000,3589.35,D,SA,Payroll/AP
4900001387,2023-09-13,2023-09-01,1000,,CC300,600000,71975.99,D,SA,Payroll/AP
4900001388,2023-09-07,2023-09-01,1000,,CC300,600100,14202.09,D,SA,Payroll/AP
4900001389,2023-09-20,2023-09-01,1000,,CC300,600200,5556.74,D,SA,Payroll/AP
4900001390,2023-09-17,2023-09-01,1000,,CC300,650000,13598.91,D,SA,Payroll/AP
4900001391,2023-09-24,2023-09-01,1000,,CC300,630000,3509.17,D,SA,Payroll/AP
4900001392,2023-09-05,2023-09-01,1000,,CC300,640000,2320.31,D,SA,Payroll/AP
4900001393,2023-09-28,2023-09-01,1000,,CC300,660000,2831.42,D,SA,Payroll/AP
4900001394,2023-09-03,2023-09-01,2000,,CC300,600000,38606.87,D,SA,Payroll/AP
4900001395,2023-09-09,2023-09-01,2000,,CC300,600100,7817.34,D,SA,Payroll/AP
4900001396,2023-09-25,2023-09-01,2000,,CC300,600200,2829.3,D,SA,Payroll/AP
4900001397,2023-09-26,2023-09-01,2000,,CC300,650000,7483.7,D,SA,Payroll/AP
4900001398,2023-09-28,2023-09-01,2000,,CC300,630000,2355.82,D,SA,Payroll/AP
4900001399,2023-09-14,2023-09-01,2000,,CC300,640000,1750.2,D,SA,Payroll/AP
4900001400,2023-09-11,2023-09-01,2000,,CC300,660000,1466.57,D,SA,Payroll/AP
4900001401,2023-09-26,2023-09-01,3000,,CC300,600000,19276.31,D,SA,Payroll/AP
4900001402,2023-09-17,2023-09-01,3000,,CC300,600100,4039.84,D,SA,Payroll/AP
4900001403,2023-09-09,2023-09-01,3000,,CC300,600200,1470.9,D,SA,Payroll/AP
4900001404,2023-09-27,2023-09-01,3000,,CC300,650000,3865.41,D,SA,Payroll/AP
4900001405,2023-09-01,2023-09-01,3000,,CC300,630000,1077.23,D,SA,Payroll/AP
4900001406,2023-09-10,2023-09-01,3000,,CC300,640000,842.51,D,SA,Payroll/AP
4900001407,2023-09-24,2023-09-01,3000,,CC300,660000,746.68,D,SA,Payroll/AP
4900001408,2023-09-10,2023-09-01,1000,,CC400,600000,102340.98,D,SA,Payroll/AP
4900001409,2023-09-27,2023-09-01,1000,,CC400,600100,20708.75,D,SA,Payroll/AP
4900001410,2023-09-19,2023-09-01,1000,,CC400,600200,7773.86,D,SA,Payroll/AP
4900001411,2023-09-19,2023-09-01,1000,,CC400,630000,6437.97,D,SA,Payroll/AP
4900001412,2023-09-22,2023-09-01,1000,,CC400,620000,2731.66,D,SA,Payroll/AP
4900001413,2023-09-16,2023-09-01,1000,,CC400,640000,4313.37,D,SA,Payroll/AP
4900001414,2023-09-28,2023-09-01,2000,,CC400,600000,55033.95,D,SA,Payroll/AP
4900001415,2023-09-05,2023-09-01,2000,,CC400,600100,11815.84,D,SA,Payroll/AP
4900001416,2023-09-15,2023-09-01,2000,,CC400,600200,4279.16,D,SA,Payroll/AP
4900001417,2023-09-18,2023-09-01,2000,,CC400,630000,3577.75,D,SA,Payroll/AP
4900001418,2023-09-16,2023-09-01,2000,,CC400,620000,1327.0,D,SA,Payroll/AP
4900001419,2023-09-12,2023-09-01,2000,,CC400,640000,1629.73,D,SA,Payroll/AP
4900001420,2023-09-11,2023-09-01,3000,,CC400,600000,28460.68,D,SA,Payroll/AP
4900001421,2023-09-18,2023-09-01,3000,,CC400,600100,5821.2,D,SA,Payroll/AP
4900001422,2023-09-25,2023-09-01,3000,,CC400,600200,2139.14,D,SA,Payroll/AP
4900001423,2023-09-18,2023-09-01,3000,,CC400,630000,1804.72,D,SA,Payroll/AP
4900001424,2023-09-13,2023-09-01,3000,,CC400,620000,754.08,D,SA,Payroll/AP
4900001425,2023-09-15,2023-09-01,3000,,CC400,640000,907.55,D,SA,Payroll/AP
4900001426,2023-09-11,2023-09-01,1000,,CC500,600000,66490.14,D,SA,Payroll/AP
4900001427,2023-09-28,2023-09-01,1000,,CC500,600100,14003.84,D,SA,Payroll/AP
4900001428,2023-09-07,2023-09-01,1000,,CC500,600200,5039.65,D,SA,Payroll/AP
4900001429,2023-09-23,2023-09-01,1000,,CC500,500000,310395.9,D,SA,Payroll/AP
4900001430,2023-09-08,2023-09-01,1000,,CC500,500100,111701.55,D,SA,Payroll/AP
4900001431,2023-09-19,2023-09-01,2000,,CC500,600000,36774.27,D,SA,Payroll/AP
4900001432,2023-09-13,2023-09-01,2000,,CC500,600100,7468.39,D,SA,Payroll/AP
4900001433,2023-09-08,2023-09-01,2000,,CC500,600200,2712.11,D,SA,Payroll/AP
4900001434,2023-09-28,2023-09-01,2000,,CC500,500000,182529.67,D,SA,Payroll/AP
4900001435,2023-09-25,2023-09-01,2000,,CC500,500100,64919.13,D,SA,Payroll/AP
4900001436,2023-09-14,2023-09-01,3000,,CC500,600000,18320.25,D,SA,Payroll/AP
4900001437,2023-09-02,2023-09-01,3000,,CC500,600100,3835.22,D,SA,Payroll/AP
4900001438,2023-09-11,2023-09-01,3000,,CC500,600200,1465.37,D,SA,Payroll/AP
4900001439,2023-09-24,2023-09-01,3000,,CC500,500000,75072.1,D,SA,Payroll/AP
4900001440,2023-09-16,2023-09-01,3000,,CC500,500100,36032.46,D,SA,Payroll/AP
4900001441,2023-10-23,2023-10-01,1000,,CC100,600000,196323.79,D,SA,Payroll/AP
4900001442,2023-10-26,2023-10-01,1000,,CC100,600100,40482.6,D,SA,Payroll/AP
4900001443,2023-10-13,2023-10-01,1000,,CC100,600200,15026.25,D,SA,Payroll/AP
4900001444,2023-10-13,2023-10-01,1000,,CC100,610000,84139.11,D,SA,Payroll/AP
4900001445,2023-10-22,2023-10-01,1000,,CC100,620000,11445.19,D,SA,Payroll/AP
4900001446,2023-10-26,2023-10-01,1000,,CC100,630000,10068.27,D,SA,Payroll/AP
4900001447,2023-10-27,2023-10-01,1000,,CC100,640000,6684.03,D,SA,Payroll/AP
4900001448,2023-10-21,2023-10-01,2000,,CC100,600000,99770.06,D,SA,Payroll/AP
4900001449,2023-10-05,2023-10-01,2000,,CC100,600100,21925.38,D,SA,Payroll/AP
4900001450,2023-10-16,2023-10-01,2000,,CC100,600200,8298.21,D,SA,Payroll/AP
4900001451,2023-10-02,2023-10-01,2000,,CC100,610000,36311.68,D,SA,Payroll/AP
4900001452,2023-10-05,2023-10-01,2000,,CC100,620000,6106.53,D,SA,Payroll/AP
4900001453,2023-10-17,2023-10-01,2000,,CC100,630000,5770.34,D,SA,Payroll/AP
4900001454,2023-10-19,2023-10-01,2000,,CC100,640000,4913.94,D,SA,Payroll/AP
4900001455,2023-10-11,2023-10-01,3000,,CC100,600000,53395.17,D,SA,Payroll/AP
4900001456,2023-10-28,2023-10-01,3000,,CC100,600100,10788.89,D,SA,Payroll/AP
4900001457,2023-10-04,2023-10-01,3000,,CC100,600200,4090.6,D,SA,Payroll/AP
4900001458,2023-10-28,2023-10-01,3000,,CC100,610000,27242.16,D,SA,Payroll/AP
4900001459,2023-10-28,2023-10-01,3000,,CC100,620000,3200.34,D,SA,Payroll/AP
4900001460,2023-10-15,2023-10-01,3000,,CC100,630000,2518.33,D,SA,Payroll/AP
4900001461,2023-10-04,2023-10-01,3000,,CC100,640000,1953.71,D,SA,Payroll/AP
4900001462,2023-10-17,2023-10-01,1000,,CC200,600000,355055.81,D,SA,Payroll/AP
4900001463,2023-10-15,2023-10-01,1000,,CC200,600100,74429.77,D,SA,Payroll/AP
4900001464,2023-10-01,2023-10-01,1000,,CC200,600200,28747.57,D,SA,Payroll/AP
4900001465,2023-10-24,2023-10-01,1000,,CC200,630000,33532.8,D,SA,Payroll/AP
4900001466,2023-10-05,2023-10-01,1000,,CC200,640000,13570.11,D,SA,Payroll/AP
4900001467,2023-10-14,2023-10-01,1000,,CC200,620000,6757.59,D,SA,Payroll/AP
4900001468,2023-10-28,2023-10-01,1000,,CC200,660000,12833.33,D,SA,Payroll/AP
4900001469,2023-10-21,2023-10-01,2000,,CC200,600000,200637.6,D,SA,Payroll/AP
4900001470,2023-10-05,2023-10-01,2000,,CC200,600100,40379.18,D,SA,Payroll/AP
4900001471,2023-10-03,2023-10-01,2000,,CC200,600200,15111.06,D,SA,Payroll/AP
4900001472,2023-10-16,2023-10-01,2000,,CC200,630000,23343.14,D,SA,Payroll/AP
4900001473,2023-10-26,2023-10-01,2000,,CC200,640000,7809.44,D,SA,Payroll/AP
4900001474,2023-10-09,2023-10-01,2000,,CC200,620000,3506.41,D,SA,Payroll/AP
4900001475,2023-10-11,2023-10-01,2000,,CC200,660000,7421.25,D,SA,Payroll/AP
4900001476,2023-10-20,2023-10-01,3000,,CC200,600000,101359.06,D,SA,Payroll/AP
4900001477,2023-10-23,2023-10-01,3000,,CC200,600100,20370.81,D,SA,Payroll/AP
4900001478,2023-10-13,2023-10-01,3000,,CC200,600200,7402.54,D,SA,Payroll/AP
4900001479,2023-10-21,2023-10-01,3000,,CC200,630000,9709.47,D,SA,Payroll/AP
4900001480,2023-10-03,2023-10-01,3000,,CC200,640000,3556.27,D,SA,Payroll/AP
4900001481,2023-10-28,2023-10-01,3000,,CC200,620000,2262.39,D,SA,Payroll/AP
4900001482,2023-10-11,2023-10-01,3000,,CC200,660000,4016.69,D,SA,Payroll/AP
4900001483,2023-10-28,2023-10-01,1000,,CC300,600000,71294.19,D,SA,Payroll/AP
4900001484,2023-10-22,2023-10-01,1000,,CC300,600100,15134.53,D,SA,Payroll/AP
4900001485,2023-10-28,2023-10-01,1000,,CC300,600200,5541.18,D,SA,Payroll/AP
4900001486,2023-10-18,2023-10-01,1000,,CC300,650000,15013.93,D,SA,Payroll/AP
4900001487,2023-10-13,2023-10-01,1000,,CC300,630000,3867.94,D,SA,Payroll/AP
4900001488,2023-10-11,2023-10-01,1000,,CC300,640000,2532.66,D,SA,Payroll/AP
4900001489,2023-10-21,2023-10-01,1000,,CC300,660000,2677.81,D,SA,Payroll/AP
4900001490,2023-10-23,2023-10-01,2000,,CC300,600000,39917.47,D,SA,Payroll/AP
4900001491,2023-10-25,2023-10-01,2000,,CC300,600100,7969.22,D,SA,Payroll/AP
4900001492,2023-10-16,2023-10-01,2000,,CC300,600200,2984.31,D,SA,Payroll/AP
4900001493,2023-10-28,2023-10-01,2000,,CC300,650000,6803.1,D,SA,Payroll/AP
4900001494,2023-10-18,2023-10-01,2000,,CC300,630000,2090.7,D,SA,Payroll/AP
4900001495,2023-10-02,2023-10-01,2000,,CC300,640000,1814.57,D,SA,Payroll/AP
4900001496,2023-10-20,2023-10-01,2000,,CC300,660000,1424.01,D,SA,Payroll/AP
4900001497,2023-10-03,2023-10-01,3000,,CC300,600000,19565.37,D,SA,Payroll/AP
4900001498,2023-10-08,2023-10-01,3000,,CC300,600100,4124.77,D,SA,Payroll/AP
4900001499,2023-10-21,2023-10-01,3000,,CC300,600200,1501.9,D,SA,Payroll/AP
4900001500,2023-10-22,2023-10-01,3000,,CC300,650000,3930.88,D,SA,Payroll/AP
4900001501,2023-10-10,2023-10-01,3000,,CC300,630000,896.32,D,SA,Payroll/AP
4900001502,2023-10-08,2023-10-01,3000,,CC300,640000,784.37,D,SA,Payroll/AP
4900001503,2023-10-24,2023-10-01,3000,,CC300,660000,745.11,D,SA,Payroll/AP
4900001504,2023-10-03,2023-10-01,1000,,CC400,600000,106354.33,D,SA,Payroll/AP
4900001505,2023-10-14,2023-10-01,1000,,CC400,600100,21902.56,D,SA,Payroll/AP
4900001506,2023-10-04,2023-10-01,1000,,CC400,600200,8438.45,D,SA,Payroll/AP
4900001507,2023-10-25,2023-10-01,1000,,CC400,630000,7073.31,D,SA,Payroll/AP
4900001508,2023-10-21,2023-10-01,1000,,CC400,620000,2761.44,D,SA,Payroll/AP
4900001509,2023-10-23,2023-10-01,1000,,CC400,640000,4089.44,D,SA,Payroll/AP
4900001510,2023-10-28,2023-10-01,2000,,CC400,600000,56311.53,D,SA,Payroll/AP
4900001511,2023-10-04,2023-10-01,2000,,CC400,600100,11712.01,D,SA,Payroll/AP
4900001512,2023-10-15,2023-10-01,2000,,CC400,600200,4336.7,D,SA,Payroll/AP
4900001513,2023-10-06,2023-10-01,2000,,CC400,630000,3696.63,D,SA,Payroll/AP
4900001514,2023-10-23,2023-10-01,2000,,CC400,620000,1645.76,D,SA,Payroll/AP
4900001515,2023-10-10,2023-10-01,2000,,CC400,640000,1961.68,D,SA,Payroll/AP
4900001516,2023-10-01,2023-10-01,3000,,CC400,600000,29335.87,D,SA,Payroll/AP
4900001517,2023-10-02,2023-10-01,3000,,CC400,600100,6038.47,D,SA,Payroll/AP
4900001518,2023-10-11,2023-10-01,3000,,CC400,600200,2201.1,D,SA,Payroll/AP
4900001519,2023-10-26,2023-10-01,3000,,CC400,630000,1448.47,D,SA,Payroll/AP
4900001520,2023-10-02,2023-10-01,3000,,CC400,620000,690.73,D,SA,Payroll/AP
4900001521,2023-10-10,2023-10-01,3000,,CC400,640000,1246.23,D,SA,Payroll/AP
4900001522,2023-10-12,2023-10-01,1000,,CC500,600000,68135.1,D,SA,Payroll/AP
4900001523,2023-10-12,2023-10-01,1000,,CC500,600100,13703.37,D,SA,Payroll/AP
4900001524,2023-10-14,2023-10-01,1000,,CC500,600200,5190.62,D,SA,Payroll/AP
4900001525,2023-10-05,2023-10-01,1000,,CC500,500000,331586.74,D,SA,Payroll/AP
4900001526,2023-10-08,2023-10-01,1000,,CC500,500100,138256.08,D,SA,Payroll/AP
4900001527,2023-10-17,2023-10-01,2000,,CC500,600000,37150.77,D,SA,Payroll/AP
4900001528,2023-10-14,2023-10-01,2000,,CC500,600100,7601.08,D,SA,Payroll/AP
4900001529,2023-10-19,2023-10-01,2000,,CC500,600200,2848.97,D,SA,Payroll/AP
4900001530,2023-10-22,2023-10-01,2000,,CC500,500000,152052.0,D,SA,Payroll/AP
4900001531,2023-10-26,2023-10-01,2000,,CC500,500100,83383.1,D,SA,Payroll/AP
4900001532,2023-10-06,2023-10-01,3000,,CC500,600000,18544.26,D,SA,Payroll/AP
4900001533,2023-10-06,2023-10-01,3000,,CC500,600100,3921.83,D,SA,Payroll/AP
4900001534,2023-10-06,2023-10-01,3000,,CC500,600200,1479.42,D,SA,Payroll/AP
4900001535,2023-10-03,2023-10-01,3000,,CC500,500000,92112.29,D,SA,Payroll/AP
4900001536,2023-10-20,2023-10-01,3000,,CC500,500100,34344.18,D,SA,Payroll/AP
4900001537,2023-11-28,2023-11-01,1000,,CC100,600000,199052.67,D,SA,Payroll/AP
4900001538,2023-11-13,2023-11-01,1000,,CC100,600100,40484.66,D,SA,Payroll/AP
4900001539,2023-11-20,2023-11-01,1000,,CC100,600200,14914.57,D,SA,Payroll/AP
4900001540,2023-11-22,2023-11-01,1000,,CC100,610000,91476.99,D,SA,Payroll/AP
4900001541,2023-11-08,2023-11-01,1000,,CC100,620000,11165.2,D,SA,Payroll/AP
4900001542,2023-11-16,2023-11-01,1000,,CC100,630000,11328.72,D,SA,Payroll/AP
4900001543,2023-11-19,2023-11-01,1000,,CC100,640000,7241.69,D,SA,Payroll/AP
4900001544,2023-11-05,2023-11-01,2000,,CC100,600000,108209.63,D,SA,Payroll/AP
4900001545,2023-11-08,2023-11-01,2000,,CC100,600100,22233.16,D,SA,Payroll/AP
4900001546,2023-11-15,2023-11-01,2000,,CC100,600200,8247.53,D,SA,Payroll/AP
4900001547,2023-11-21,2023-11-01,2000,,CC100,610000,51198.35,D,SA,Payroll/AP
4900001548,2023-11-09,2023-11-01,2000,,CC100,620000,6580.62,D,SA,Payroll/AP
4900001549,2023-11-15,2023-11-01,2000,,CC100,630000,6008.54,D,SA,Payroll/AP
4900001550,2023-11-09,2023-11-01,2000,,CC100,640000,3587.29,D,SA,Payroll/AP
4900001551,2023-11-22,2023-11-01,3000,,CC100,600000,54418.56,D,SA,Payroll/AP
4900001552,2023-11-01,2023-11-01,3000,,CC100,600100,11566.42,D,SA,Payroll/AP
4900001553,2023-11-26,2023-11-01,3000,,CC100,600200,4091.95,D,SA,Payroll/AP
4900001554,2023-11-15,2023-11-01,3000,,CC100,610000,22706.23,D,SA,Payroll/AP
4900001555,2023-11-10,2023-11-01,3000,,CC100,620000,3658.39,D,SA,Payroll/AP
4900001556,2023-11-22,2023-11-01,3000,,CC100,630000,2833.65,D,SA,Payroll/AP
4900001557,2023-11-18,2023-11-01,3000,,CC100,640000,2160.95,D,SA,Payroll/AP
4900001558,2023-11-06,2023-11-01,1000,,CC200,600000,367355.05,D,SA,Payroll/AP
4900001559,2023-11-03,2023-11-01,1000,,CC200,600100,75572.09,D,SA,Payroll/AP
4900001560,2023-11-15,2023-11-01,1000,,CC200,600200,28605.37,D,SA,Payroll/AP
4900001561,2023-11-12,2023-11-01,1000,,CC200,630000,33986.33,D,SA,Payroll/AP
4900001562,2023-11-19,2023-11-01,1000,,CC200,640000,13654.57,D,SA,Payroll/AP
4900001563,2023-11-10,2023-11-01,1000,,CC200,620000,7466.61,D,SA,Payroll/AP
4900001564,2023-11-21,2023-11-01,1000,,CC200,660000,15321.32,D,SA,Payroll/AP
4900001565,2023-11-14,2023-11-01,2000,,CC200,600000,198091.43,D,SA,Payroll/AP
4900001566,2023-11-23,2023-11-01,2000,,CC200,600100,39948.13,D,SA,Payroll/AP
4900001567,2023-11-09,2023-11-01,2000,,CC200,600200,15616.62,D,SA,Payroll/AP
4900001568,2023-11-15,2023-11-01,2000,,CC200,630000,17610.14,D,SA,Payroll/AP
4900001569,2023-11-28,2023-11-01,2000,,CC200,640000,5979.43,D,SA,Payroll/AP
4900001570,2023-11-10,2023-11-01,2000,,CC200,620000,4143.26,D,SA,Payroll/AP
4900001571,2023-11-07,2023-11-01,2000,,CC200,660000,7434.69,D,SA,Payroll/AP
4900001572,2023-11-13,2023-11-01,3000,,CC200,600000,99129.33,D,SA,Payroll/AP
4900001573,2023-11-28,2023-11-01,3000,,CC200,600100,20506.36,D,SA,Payroll/AP
4900001574,2023-11-16,2023-11-01,3000,,CC200,600200,7668.27,D,SA,Payroll/AP
4900001575,2023-11-04,2023-11-01,3000,,CC200,630000,9544.65,D,SA,Payroll/AP
4900001576,2023-11-08,2023-11-01,3000,,CC200,640000,3653.25,D,SA,Payroll/AP
4900001577,2023-11-13,2023-11-01,3000,,CC200,620000,2007.78,D,SA,Payroll/AP
4900001578,2023-11-19,2023-11-01,3000,,CC200,660000,3770.01,D,SA,Payroll/AP
4900001579,2023-11-12,2023-11-01,1000,,CC300,600000,73877.55,D,SA,Payroll/AP
4900001580,2023-11-19,2023-11-01,1000,,CC300,600100,15117.5,D,SA,Payroll/AP
4900001581,2023-11-10,2023-11-01,1000,,CC300,600200,5495.37,D,SA,Payroll/AP
4900001582,2023-11-23,2023-11-01,1000,,CC300,650000,15520.76,D,SA,Payroll/AP
4900001583,2023-11-10,2023-11-01,1000,,CC300,630000,3533.33,D,SA,Payroll/AP
4900001584,2023-11-01,2023-11-01,1000,,CC300,640000,3026.33,D,SA,Payroll/AP
4900001585,2023-11-27,2023-11-01,1000,,CC300,660000,2851.49,D,SA,Payroll/AP
4900001586,2023-11-22,2023-11-01,2000,,CC300,600000,40642.15,D,SA,Payroll/AP
4900001587,2023-11-13,2023-11-01,2000,,CC300,600100,8005.29,D,SA,Payroll/AP
4900001588,2023-11-09,2023-11-01,2000,,CC300,600200,2994.39,D,SA,Payroll/AP
4900001589,2023-11-01,2023-11-01,2000,,CC300,650000,7524.01,D,SA,Payroll/AP
4900001590,2023-11-19,2023-11-01,2000,,CC300,630000,1949.36,D,SA,Payroll/AP
4900001591,2023-11-28,2023-11-01,2000,,CC300,640000,1628.34,D,SA,Payroll/AP
4900001592,2023-11-22,2023-11-01,2000,,CC300,660000,1385.88,D,SA,Payroll/AP
4900001593,2023-11-25,2023-11-01,3000,,CC300,600000,19187.44,D,SA,Payroll/AP
4900001594,2023-11-24,2023-11-01,3000,,CC300,600100,3934.75,D,SA,Payroll/AP
4900001595,2023-11-02,2023-11-01,3000,,CC300,600200,1536.39,D,SA,Payroll/AP
4900001596,2023-11-20,2023-11-01,3000,,CC300,650000,4414.11,D,SA,Payroll/AP
4900001597,2023-11-24,2023-11-01,3000,,CC300,630000,994.65,D,SA,Payroll/AP
4900001598,2023-11-16,2023-11-01,3000,,CC300,640000,741.14,D,SA,Payroll/AP
4900001599,2023-11-27,2023-11-01,3000,,CC300,660000,756.51,D,SA,Payroll/AP
4900001600,2023-11-10,2023-11-01,1000,,CC400,600000,107633.64,D,SA,Payroll/AP
4900001601,2023-11-25,2023-11-01,1000,,CC400,600100,21177.1,D,SA,Payroll/AP
4900001602,2023-11-26,2023-11-01,1000,,CC400,600200,8130.06,D,SA,Payroll/AP
4900001603,2023-11-08,2023-11-01,1000,,CC400,630000,7400.47,D,SA,Payroll/AP
4900001604,2023-11-20,2023-11-01,1000,,CC400,620000,2832.31,D,SA,Payroll/AP
4900001605,2023-11-26,2023-11-01,1000,,CC400,640000,4122.44,D,SA,Payroll/AP
4900001606,2023-11-12,2023-11-01,2000,,CC400,600000,58645.87,D,SA,Payroll/AP
4900001607,2023-11-08,2023-11-01,2000,,CC400,600100,11156.17,D,SA,Payroll/AP
4900001608,2023-11-21,2023-11-01,2000,,CC400,600200,4482.64,D,SA,Payroll/AP
4900001609,2023-11-07,2023-11-01,2000,,CC400,630000,3444.5,D,SA,Payroll/AP
4900001610,2023-11-20,2023-11-01,2000,,CC400,620000,1204.35,D,SA,Payroll/AP
4900001611,2023-11-09,2023-11-01,2000,,CC400,640000,2324.38,D,SA,Payroll/AP
4900001612,2023-11-22,2023-11-01,3000,,CC400,600000,29537.17,D,SA,Payroll/AP
4900001613,2023-11-25,2023-11-01,3000,,CC400,600100,5880.69,D,SA,Payroll/AP
4900001614,2023-11-24,2023-11-01,3000,,CC400,600200,2253.48,D,SA,Payroll/AP
4900001615,2023-11-25,2023-11-01,3000,,CC400,630000,2139.89,D,SA,Payroll/AP
4900001616,2023-11-22,2023-11-01,3000,,CC400,620000,834.04,D,SA,Payroll/AP
4900001617,2023-11-22,2023-11-01,3000,,CC400,640000,1286.99,D,SA,Payroll/AP
4900001618,2023-11-27,2023-11-01,1000,,CC500,600000,69335.78,D,SA,Payroll/AP
4900001619,2023-11-05,2023-11-01,1000,,CC500,600100,14035.85,D,SA,Payroll/AP
4900001620,2023-11-21,2023-11-01,1000,,CC500,600200,5087.13,D,SA,Payroll/AP
4900001621,2023-11-04,2023-11-01,1000,,CC500,500000,299028.19,D,SA,Payroll/AP
4900001622,2023-11-21,2023-11-01,1000,,CC500,500100,120308.66,D,SA,Payroll/AP
4900001623,2023-11-21,2023-11-01,2000,,CC500,600000,39038.75,D,SA,Payroll/AP
4900001624,2023-11-02,2023-11-01,2000,,CC500,600100,7647.72,D,SA,Payroll/AP
4900001625,2023-11-10,2023-11-01,2000,,CC500,600200,2885.11,D,SA,Payroll/AP
4900001626,2023-11-26,2023-11-01,2000,,CC500,500000,177143.13,D,SA,Payroll/AP
4900001627,2023-11-15,2023-11-01,2000,,CC500,500100,72264.24,D,SA,Payroll/AP
4900001628,2023-11-02,2023-11-01,3000,,CC500,600000,19341.33,D,SA,Payroll/AP
4900001629,2023-11-19,2023-11-01,3000,,CC500,600100,3789.57,D,SA,Payroll/AP
4900001630,2023-11-12,2023-11-01,3000,,CC500,600200,1444.61,D,SA,Payroll/AP
4900001631,2023-11-24,2023-11-01,3000,,CC500,500000,77709.8,D,SA,Payroll/AP
4900001632,2023-11-05,2023-11-01,3000,,CC500,500100,31226.44,D,SA,Payroll/AP
4900001633,2023-12-03,2023-12-01,1000,,CC100,600000,197822.49,D,SA,Payroll/AP
4900001634,2023-12-10,2023-12-01,1000,,CC100,600100,41051.19,D,SA,Payroll/AP
4900001635,2023-12-11,2023-12-01,1000,,CC100,600200,15273.33,D,SA,Payroll/AP
4900001636,2023-12-24,2023-12-01,1000,,CC100,610000,83643.53,D,SA,Payroll/AP
4900001637,2023-12-14,2023-12-01,1000,,CC100,620000,11032.58,D,SA,Payroll/AP
4900001638,2023-12-06,2023-12-01,1000,,CC100,630000,10185.05,D,SA,Payroll/AP
4900001639,2023-12-07,2023-12-01,1000,,CC100,640000,6543.75,D,SA,Payroll/AP
4900001640,2023-12-05,2023-12-01,2000,,CC100,600000,110463.72,D,SA,Payroll/AP
4900001641,2023-12-26,2023-12-01,2000,,CC100,600100,22356.74,D,SA,Payroll/AP
4900001642,2023-12-18,2023-12-01,2000,,CC100,600200,8125.98,D,SA,Payroll/AP
4900001643,2023-12-12,2023-12-01,2000,,CC100,610000,47315.15,D,SA,Payroll/AP
4900001644,2023-12-17,2023-12-01,2000,,CC100,620000,6450.35,D,SA,Payroll/AP
4900001645,2023-12-17,2023-12-01,2000,,CC100,630000,5758.08,D,SA,Payroll/AP
4900001646,2023-12-09,2023-12-01,2000,,CC100,640000,4745.96,D,SA,Payroll/AP
4900001647,2023-12-27,2023-12-01,3000,,CC100,600000,52364.47,D,SA,Payroll/AP
4900001648,2023-12-06,2023-12-01,3000,,CC100,600100,11185.64,D,SA,Payroll/AP
4900001649,2023-12-09,2023-12-01,3000,,CC100,600200,4171.58,D,SA,Payroll/AP
4900001650,2023-12-27,2023-12-01,3000,,CC100,610000,26051.33,D,SA,Payroll/AP
4900001651,2023-12-16,2023-12-01,3000,,CC100,620000,3561.84,D,SA,Payroll/AP
4900001652,2023-12-26,2023-12-01,3000,,CC100,630000,2580.19,D,SA,Payroll/AP
4900001653,2023-12-10,2023-12-01,3000,,CC100,640000,2025.73,D,SA,Payroll/AP
4900001654,2023-12-24,2023-12-01,1000,,CC200,600000,361816.87,D,SA,Payroll/AP
4900001655,2023-12-28,2023-12-01,1000,,CC200,600100,77042.6,D,SA,Payroll/AP
4900001656,2023-12-11,2023-12-01,1000,,CC200,600200,28294.39,D,SA,Payroll/AP
4900001657,2023-12-26,2023-12-01,1000,,CC200,630000,39269.24,D,SA,Payroll/AP
4900001658,2023-12-04,2023-12-01,1000,,CC200,640000,14055.39,D,SA,Payroll/AP
4900001659,2023-12-15,2023-12-01,1000,,CC200,620000,6569.7,D,SA,Payroll/AP
4900001660,2023-12-03,2023-12-01,1000,,CC200,660000,13070.88,D,SA,Payroll/AP
4900001661,2023-12-05,2023-12-01,2000,,CC200,600000,192870.15,D,SA,Payroll/AP
4900001662,2023-12-25,2023-12-01,2000,,CC200,600100,39742.88,D,SA,Payroll/AP
4900001663,2023-12-08,2023-12-01,2000,,CC200,600200,15473.44,D,SA,Payroll/AP
4900001664,2023-12-28,2023-12-01,2000,,CC200,630000,18869.91,D,SA,Payroll/AP
4900001665,2023-12-22,2023-12-01,2000,,CC200,640000,6478.79,D,SA,Payroll/AP
4900001666,2023-12-24,2023-12-01,2000,,CC200,620000,4192.2,D,SA,Payroll/AP
4900001667,2023-12-22,2023-12-01,2000,,CC200,660000,7509.74,D,SA,Payroll/AP
4900001668,2023-12-13,2023-12-01,3000,,CC200,600000,100845.94,D,SA,Payroll/AP
4900001669,2023-12-28,2023-12-01,3000,,CC200,600100,21290.86,D,SA,Payroll/AP
4900001670,2023-12-26,2023-12-01,3000,,CC200,600200,7873.41,D,SA,Payroll/AP
4900001671,2023-12-18,2023-12-01,3000,,CC200,630000,8781.47,D,SA,Payroll/AP
4900001672,2023-12-12,2023-12-01,3000,,CC200,640000,3522.68,D,SA,Payroll/AP
4900001673,2023-12-03,2023-12-01,3000,,CC200,620000,1517.58,D,SA,Payroll/AP
4900001674,2023-12-26,2023-12-01,3000,,CC200,660000,3728.28,D,SA,Payroll/AP
4900001675,2023-12-13,2023-12-01,1000,,CC300,600000,72659.33,D,SA,Payroll/AP
4900001676,2023-12-01,2023-12-01,1000,,CC300,600100,14672.16,D,SA,Payroll/AP
4900001677,2023-12-09,2023-12-01,1000,,CC300,600200,5598.15,D,SA,Payroll/AP
4900001678,2023-12-18,2023-12-01,1000,,CC300,650000,14140.04,D,SA,Payroll/AP
4900001679,2023-12-04,2023-12-01,1000,,CC300,630000,3657.78,D,SA,Payroll/AP
4900001680,2023-12-15,2023-12-01,1000,,CC300,640000,2624.02,D,SA,Payroll/AP
4900001681,2023-12-12,2023-12-01,1000,,CC300,660000,2830.11,D,SA,Payroll/AP
4900001682,2023-12-22,2023-12-01,2000,,CC300,600000,40345.25,D,SA,Payroll/AP
4900001683,2023-12-24,2023-12-01,2000,,CC300,600100,8024.54,D,SA,Payroll/AP
4900001684,2023-12-22,2023-12-01,2000,,CC300,600200,3163.1,D,SA,Payroll/AP
4900001685,2023-12-09,2023-12-01,2000,,CC300,650000,7614.9,D,SA,Payroll/AP
4900001686,2023-12-19,2023-12-01,2000,,CC300,630000,2054.73,D,SA,Payroll/AP
4900001687,2023-12-13,2023-12-01,2000,,CC300,640000,1647.08,D,SA,Payroll/AP
4900001688,2023-12-27,2023-12-01,2000,,CC300,660000,1556.08,D,SA,Payroll/AP
4900001689,2023-12-21,2023-12-01,3000,,CC300,600000,20019.57,D,SA,Payroll/AP
4900001690,2023-12-12,2023-12-01,3000,,CC300,600100,4052.9,D,SA,Payroll/AP
4900001691,2023-12-04,2023-12-01,3000,,CC300,600200,1492.65,D,SA,Payroll/AP
4900001692,2023-12-22,2023-12-01,3000,,CC300,650000,3914.47,D,SA,Payroll/AP
4900001693,2023-12-08,2023-12-01,3000,,CC300,630000,892.22,D,SA,Payroll/AP
4900001694,2023-12-16,2023-12-01,3000,,CC300,640000,763.78,D,SA,Payroll/AP
4900001695,2023-12-01,2023-12-01,3000,,CC300,660000,754.32,D,SA,Payroll/AP
4900001696,2023-12-20,2023-12-01,1000,,CC400,600000,106946.1,D,SA,Payroll/AP
4900001697,2023-12-18,2023-12-01,1000,,CC400,600100,21972.72,D,SA,Payroll/AP
4900001698,2023-12-11,2023-12-01,1000,,CC400,600200,7950.09,D,SA,Payroll/AP
4900001699,2023-12-20,2023-12-01,1000,,CC400,630000,6506.42,D,SA,Payroll/AP
4900001700,2023-12-08,2023-12-01,1000,,CC400,620000,2779.24,D,SA,Payroll/AP
4900001701,2023-12-21,2023-12-01,1000,,CC400,640000,4196.53,D,SA,Payroll/AP
4900001702,2023-12-03,2023-12-01,2000,,CC400,600000,57082.54,D,SA,Payroll/AP
4900001703,2023-12-21,2023-12-01,2000,,CC400,600100,12257.58,D,SA,Payroll/AP
4900001704,2023-12-27,2023-12-01,2000,,CC400,600200,4405.44,D,SA,Payroll/AP
4900001705,2023-12-15,2023-12-01,2000,,CC400,630000,4098.11,D,SA,Payroll/AP
4900001706,2023-12-23,2023-12-01,2000,,CC400,620000,1558.21,D,SA,Payroll/AP
4900001707,2023-12-10,2023-12-01,2000,,CC400,640000,2096.7,D,SA,Payroll/AP
4900001708,2023-12-21,2023-12-01,3000,,CC400,600000,30513.9,D,SA,Payroll/AP
4900001709,2023-12-14,2023-12-01,3000,,CC400,600100,5900.34,D,SA,Payroll/AP
4900001710,2023-12-04,2023-12-01,3000,,CC400,600200,2308.41,D,SA,Payroll/AP
4900001711,2023-12-05,2023-12-01,3000,,CC400,630000,2077.95,D,SA,Payroll/AP
4900001712,2023-12-02,2023-12-01,3000,,CC400,620000,704.91,D,SA,Payroll/AP
4900001713,2023-12-02,2023-12-01,3000,,CC400,640000,1291.19,D,SA,Payroll/AP
4900001714,2023-12-10,2023-12-01,1000,,CC500,600000,68945.81,D,SA,Payroll/AP
4900001715,2023-12-16,2023-12-01,1000,,CC500,600100,14295.88,D,SA,Payroll/AP
4900001716,2023-12-04,2023-12-01,1000,,CC500,600200,5357.93,D,SA,Payroll/AP
4900001717,2023-12-04,2023-12-01,1000,,CC500,500000,306751.14,D,SA,Payroll/AP
4900001718,2023-12-08,2023-12-01,1000,,CC500,500100,144058.89,D,SA,Payroll/AP
4900001719,2023-12-18,2023-12-01,2000,,CC500,600000,38094.49,D,SA,Payroll/AP
4900001720,2023-12-05,2023-12-01,2000,,CC500,600100,7423.18,D,SA,Payroll/AP
4900001721,2023-12-13,2023-12-01,2000,,CC500,600200,2959.82,D,SA,Payroll/AP
4900001722,2023-12-15,2023-12-01,2000,,CC500,500000,140292.3,D,SA,Payroll/AP
4900001723,2023-12-12,2023-12-01,2000,,CC500,500100,79560.32,D,SA,Payroll/AP
4900001724,2023-12-22,2023-12-01,3000,,CC500,600000,19172.2,D,SA,Payroll/AP
4900001725,2023-12-24,2023-12-01,3000,,CC500,600100,3762.17,D,SA,Payroll/AP
4900001726,2023-12-23,2023-12-01,3000,,CC500,600200,1430.43,D,SA,Payroll/AP
4900001727,2023-12-18,2023-12-01,3000,,CC500,500000,74830.58,D,SA,Payroll/AP
4900001728,2023-12-14,2023-12-01,3000,,CC500,500100,35282.16,D,SA,Payroll/AP
4900001729,2024-01-19,2024-01-01,1000,,CC100,600000,201847.05,D,SA,Payroll/AP
4900001730,2024-01-24,2024-01-01,1000,,CC100,600100,42310.82,D,SA,Payroll/AP
4900001731,2024-01-24,2024-01-01,1000,,CC100,600200,16032.36,D,SA,Payroll/AP
4900001732,2024-01-05,2024-01-01,1000,,CC100,610000,103853.24,D,SA,Payroll/AP
4900001733,2024-01-14,2024-01-01,1000,,CC100,620000,12287.23,D,SA,Payroll/AP
4900001734,2024-01-21,2024-01-01,1000,,CC100,630000,10197.39,D,SA,Payroll/AP
4900001735,2024-01-04,2024-01-01,1000,,CC100,640000,6496.46,D,SA,Payroll/AP
4900001736,2024-01-27,2024-01-01,2000,,CC100,600000,108854.01,D,SA,Payroll/AP
4900001737,2024-01-16,2024-01-01,2000,,CC100,600100,23132.75,D,SA,Payroll/AP
4900001738,2024-01-20,2024-01-01,2000,,CC100,600200,8785.54,D,SA,Payroll/AP
4900001739,2024-01-14,2024-01-01,2000,,CC100,610000,43516.98,D,SA,Payroll/AP
4900001740,2024-01-09,2024-01-01,2000,,CC100,620000,6671.94,D,SA,Payroll/AP
4900001741,2024-01-02,2024-01-01,2000,,CC100,630000,5658.72,D,SA,Payroll/AP
4900001742,2024-01-23,2024-01-01,2000,,CC100,640000,4374.49,D,SA,Payroll/AP
4900001743,2024-01-12,2024-01-01,3000,,CC100,600000,54422.87,D,SA,Payroll/AP
4900001744,2024-01-07,2024-01-01,3000,,CC100,600100,11443.64,D,SA,Payroll/AP
4900001745,2024-01-15,2024-01-01,3000,,CC100,600200,4214.95,D,SA,Payroll/AP
4900001746,2024-01-15,2024-01-01,3000,,CC100,610000,24786.57,D,SA,Payroll/AP
4900001747,2024-01-08,2024-01-01,3000,,CC100,620000,3739.78,D,SA,Payroll/AP
4900001748,2024-01-28,2024-01-01,3000,,CC100,630000,2838.67,D,SA,Payroll/AP
4900001749,2024-01-12,2024-01-01,3000,,CC100,640000,2034.79,D,SA,Payroll/AP
4900001750,2024-01-04,2024-01-01,1000,,CC200,600000,368712.8,D,SA,Payroll/AP
4900001751,2024-01-22,2024-01-01,1000,,CC200,600100,75665.61,D,SA,Payroll/AP
4900001752,2024-01-12,2024-01-01,1000,,CC200,600200,28214.49,D,SA,Payroll/AP
4900001753,2024-01-18,2024-01-01,1000,,CC200,630000,32304.08,D,SA,Payroll/AP
4900001754,2024-01-21,2024-01-01,1000,,CC200,640000,16484.48,D,SA,Payroll/AP
4900001755,2024-01-12,2024-01-01,1000,,CC200,620000,7504.81,D,SA,Payroll/AP
4900001756,2024-01-02,2024-01-01,1000,,CC200,660000,14002.44,D,SA,Payroll/AP
4900001757,2024-01-13,2024-01-01,2000,,CC200,600000,204367.46,D,SA,Payroll/AP
4900001758,2024-01-09,2024-01-01,2000,,CC200,600100,41069.18,D,SA,Payroll/AP
4900001759,2024-01-07,2024-01-01,2000,,CC200,600200,15868.23,D,SA,Payroll/AP
4900001760,2024-01-04,2024-01-01,2000,,CC200,630000,18757.16,D,SA,Payroll/AP
4900001761,2024-01-28,2024-01-01,2000,,CC200,640000,7669.04,D,SA,Payroll/AP
4900001762,2024-01-27,2024-01-01,2000,,CC200,620000,4049.65,D,SA,Payroll/AP
4900001763,2024-01-15,2024-01-01,2000,,CC200,660000,7143.34,D,SA,Payroll/AP
4900001764,2024-01-03,2024-01-01,3000,,CC200,600000,98507.87,D,SA,Payroll/AP
4900001765,2024-01-22,2024-01-01,3000,,CC200,600100,20178.98,D,SA,Payroll/AP
4900001766,2024-01-07,2024-01-01,3000,,CC200,600200,7774.39,D,SA,Payroll/AP
4900001767,2024-01-21,2024-01-01,3000,,CC200,630000,10611.2,D,SA,Payroll/AP
4900001768,2024-01-21,2024-01-01,3000,,CC200,640000,4740.99,D,SA,Payroll/AP
4900001769,2024-01-20,2024-01-01,3000,,CC200,620000,2061.71,D,SA,Payroll/AP
4900001770,2024-01-01,2024-01-01,3000,,CC200,660000,3973.18,D,SA,Payroll/AP
4900001771,2024-01-02,2024-01-01,1000,,CC300,600000,70498.72,D,SA,Payroll/AP
4900001772,2024-01-26,2024-01-01,1000,,CC300,600100,14838.83,D,SA,Payroll/AP
4900001773,2024-01-11,2024-01-01,1000,,CC300,600200,5536.98,D,SA,Payroll/AP
4900001774,2024-01-08,2024-01-01,1000,,CC300,650000,13190.89,D,SA,Payroll/AP
4900001775,2024-01-05,2024-01-01,1000,,CC300,630000,3687.35,D,SA,Payroll/AP
4900001776,2024-01-26,2024-01-01,1000,,CC300,640000,2680.02,D,SA,Payroll/AP
4900001777,2024-01-19,2024-01-01,1000,,CC300,660000,2534.44,D,SA,Payroll/AP
4900001778,2024-01-07,2024-01-01,2000,,CC300,600000,40682.11,D,SA,Payroll/AP
4900001779,2024-01-03,2024-01-01,2000,,CC300,600100,8045.66,D,SA,Payroll/AP
4900001780,2024-01-27,2024-01-01,2000,,CC300,600200,3098.03,D,SA,Payroll/AP
4900001781,2024-01-25,2024-01-01,2000,,CC300,650000,9306.92,D,SA,Payroll/AP
4900001782,2024-01-18,2024-01-01,2000,,CC300,630000,1866.53,D,SA,Payroll/AP
4900001783,2024-01-07,2024-01-01,2000,,CC300,640000,1151.56,D,SA,Payroll/AP
4900001784,2024-01-19,2024-01-01,2000,,CC300,660000,1519.59,D,SA,Payroll/AP
4900001785,2024-01-07,2024-01-01,3000,,CC300,600000,20123.22,D,SA,Payroll/AP
4900001786,2024-01-27,2024-01-01,3000,,CC300,600100,4197.1,D,SA,Payroll/AP
4900001787,2024-01-28,2024-01-01,3000,,CC300,600200,1477.34,D,SA,Payroll/AP
4900001788,2024-01-08,2024-01-01,3000,,CC300,650000,3974.55,D,SA,Payroll/AP
4900001789,2024-01-11,2024-01-01,3000,,CC300,630000,962.74,D,SA,Payroll/AP
4900001790,2024-01-25,2024-01-01,3000,,CC300,640000,749.27,D,SA,Payroll/AP
4900001791,2024-01-05,2024-01-01,3000,,CC300,660000,857.42,D,SA,Payroll/AP
4900001792,2024-01-26,2024-01-01,1000,,CC400,600000,106311.14,D,SA,Payroll/AP
4900001793,2024-01-20,2024-01-01,1000,,CC400,600100,22597.34,D,SA,Payroll/AP
4900001794,2024-01-01,2024-01-01,1000,,CC400,600200,8510.08,D,SA,Payroll/AP
4900001795,2024-01-09,2024-01-01,1000,,CC400,630000,7788.89,D,SA,Payroll/AP
4900001796,2024-01-28,2024-01-01,1000,,CC400,620000,2837.94,D,SA,Payroll/AP
4900001797,2024-01-05,2024-01-01,1000,,CC400,640000,4345.47,D,SA,Payroll/AP
4900001798,2024-01-05,2024-01-01,2000,,CC400,600000,59257.51,D,SA,Payroll/AP
4900001799,2024-01-18,2024-01-01,2000,,CC400,600100,12317.29,D,SA,Payroll/AP
4900001800,2024-01-09,2024-01-01,2000,,CC400,600200,4562.72,D,SA,Payroll/AP
4900001801,2024-01-26,2024-01-01,2000,,CC400,630000,4066.52,D,SA,Payroll/AP
4900001802,2024-01-06,2024-01-01,2000,,CC400,620000,1474.82,D,SA,Payroll/AP
4900001803,2024-01-04,2024-01-01,2000,,CC400,640000,2383.75,D,SA,Payroll/AP
4900001804,2024-01-22,2024-01-01,3000,,CC400,600000,29517.22,D,SA,Payroll/AP
4900001805,2024-01-28,2024-01-01,3000,,CC400,600100,6194.8,D,SA,Payroll/AP
4900001806,2024-01-01,2024-01-01,3000,,CC400,600200,2269.55,D,SA,Payroll/AP
4900001807,2024-01-05,2024-01-01,3000,,CC400,630000,1557.56,D,SA,Payroll/AP
4900001808,2024-01-01,2024-01-01,3000,,CC400,620000,852.86,D,SA,Payroll/AP
4900001809,2024-01-12,2024-01-01,3000,,CC400,640000,1033.06,D,SA,Payroll/AP
4900001810,2024-01-26,2024-01-01,1000,,CC500,600000,67735.17,D,SA,Payroll/AP
4900001811,2024-01-26,2024-01-01,1000,,CC500,600100,13910.75,D,SA,Payroll/AP
4900001812,2024-01-08,2024-01-01,1000,,CC500,600200,5424.55,D,SA,Payroll/AP
4900001813,2024-01-19,2024-01-01,1000,,CC500,500000,242194.99,D,SA,Payroll/AP
4900001814,2024-01-11,2024-01-01,1000,,CC500,500100,173399.49,D,SA,Payroll/AP
4900001815,2024-01-01,2024-01-01,2000,,CC500,600000,38378.33,D,SA,Payroll/AP
4900001816,2024-01-06,2024-01-01,2000,,CC500,600100,7744.06,D,SA,Payroll/AP
4900001817,2024-01-09,2024-01-01,2000,,CC500,600200,2887.94,D,SA,Payroll/AP
4900001818,2024-01-02,2024-01-01,2000,,CC500,500000,173464.22,D,SA,Payroll/AP
4900001819,2024-01-05,2024-01-01,2000,,CC500,500100,76044.45,D,SA,Payroll/AP
4900001820,2024-01-24,2024-01-01,3000,,CC500,600000,19034.75,D,SA,Payroll/AP
4900001821,2024-01-14,2024-01-01,3000,,CC500,600100,3897.66,D,SA,Payroll/AP
4900001822,2024-01-17,2024-01-01,3000,,CC500,600200,1448.15,D,SA,Payroll/AP
4900001823,2024-01-04,2024-01-01,3000,,CC500,500000,82660.16,D,SA,Payroll/AP
4900001824,2024-01-24,2024-01-01,3000,,CC500,500100,35592.26,D,SA,Payroll/AP
4900001825,2024-02-03,2024-02-01,1000,,CC100,600000,203553.68,D,SA,Payroll/AP
4900001826,2024-02-16,2024-02-01,1000,,CC100,600100,42868.51,D,SA,Payroll/AP
4900001827,2024-02-15,2024-02-01,1000,,CC100,600200,15905.86,D,SA,Payroll/AP
4900001828,2024-02-25,2024-02-01,1000,,CC100,610000,64733.56,D,SA,Payroll/AP
4900001829,2024-02-12,2024-02-01,1000,,CC100,620000,13958.57,D,SA,Payroll/AP
4900001830,2024-02-17,2024-02-01,1000,,CC100,630000,10683.58,D,SA,Payroll/AP
4900001831,2024-02-19,2024-02-01,1000,,CC100,640000,7844.92,D,SA,Payroll/AP
4900001832,2024-02-04,2024-02-01,2000,,CC100,600000,110812.01,D,SA,Payroll/AP
4900001833,2024-02-15,2024-02-01,2000,,CC100,600100,23423.72,D,SA,Payroll/AP
4900001834,2024-02-17,2024-02-01,2000,,CC100,600200,8753.55,D,SA,Payroll/AP
4900001835,2024-02-08,2024-02-01,2000,,CC100,610000,46239.63,D,SA,Payroll/AP
4900001836,2024-02-20,2024-02-01,2000,,CC100,620000,7450.37,D,SA,Payroll/AP
4900001837,2024-02-02,2024-02-01,2000,,CC100,630000,5170.69,D,SA,Payroll/AP
4900001838,2024-02-24,2024-02-01,2000,,CC100,640000,3702.78,D,SA,Payroll/AP
4900001839,2024-02-26,2024-02-01,3000,,CC100,600000,54748.92,D,SA,Payroll/AP
4900001840,2024-02-28,2024-02-01,3000,,CC100,600100,11569.26,D,SA,Payroll/AP
4900001841,2024-02-22,2024-02-01,3000,,CC100,600200,4346.21,D,SA,Payroll/AP
4900001842,2024-02-17,2024-02-01,3000,,CC100,610000,26155.15,D,SA,Payroll/AP
4900001843,2024-02-10,2024-02-01,3000,,CC100,620000,3811.8,D,SA,Payroll/AP
4900001844,2024-02-15,2024-02-01,3000,,CC100,630000,2990.04,D,SA,Payroll/AP
4900001845,2024-02-21,2024-02-01,3000,,CC100,640000,1995.66,D,SA,Payroll/AP
4900001846,2024-02-01,2024-02-01,1000,,CC200,600000,379733.57,D,SA,Payroll/AP
4900001847,2024-02-02,2024-02-01,1000,,CC200,600100,78463.21,D,SA,Payroll/AP
4900001848,2024-02-16,2024-02-01,1000,,CC200,600200,29396.99,D,SA,Payroll/AP
4900001849,2024-02-28,2024-02-01,1000,,CC200,630000,37803.74,D,SA,Payroll/AP
4900001850,2024-02-13,2024-02-01,1000,,CC200,640000,15505.68,D,SA,Payroll/AP
4900001851,2024-02-14,2024-02-01,1000,,CC200,620000,7494.48,D,SA,Payroll/AP
4900001852,2024-02-22,2024-02-01,1000,,CC200,660000,15254.84,D,SA,Payroll/AP
4900001853,2024-02-04,2024-02-01,2000,,CC200,600000,204966.43,D,SA,Payroll/AP
4900001854,2024-02-16,2024-02-01,2000,,CC200,600100,41324.76,D,SA,Payroll/AP
4900001855,2024-02-23,2024-02-01,2000,,CC200,600200,15723.57,D,SA,Payroll/AP
4900001856,2024-02-15,2024-02-01,2000,,CC200,630000,17033.25,D,SA,Payroll/AP
4900001857,2024-02-03,2024-02-01,2000,,CC200,640000,7354.96,D,SA,Payroll/AP
4900001858,2024-02-03,2024-02-01,2000,,CC200,620000,3886.76,D,SA,Payroll/AP
4900001859,2024-02-11,2024-02-01,2000,,CC200,660000,7575.0,D,SA,Payroll/AP
4900001860,2024-02-20,2024-02-01,3000,,CC200,600000,102413.05,D,SA,Payroll/AP
4900001861,2024-02-05,2024-02-01,3000,,CC200,600100,20337.45,D,SA,Payroll/AP
4900001862,2024-02-03,2024-02-01,3000,,CC200,600200,7960.56,D,SA,Payroll/AP
4900001863,2024-02-05,2024-02-01,3000,,CC200,630000,9248.99,D,SA,Payroll/AP
4900001864,2024-02-09,2024-02-01,3000,,CC200,640000,3639.53,D,SA,Payroll/AP
4900001865,2024-02-20,2024-02-01,3000,,CC200,620000,2112.33,D,SA,Payroll/AP
4900001866,2024-02-21,2024-02-01,3000,,CC200,660000,4149.17,D,SA,Payroll/AP
4900001867,2024-02-19,2024-02-01,1000,,CC300,600000,70942.04,D,SA,Payroll/AP
4900001868,2024-02-18,2024-02-01,1000,,CC300,600100,14806.27,D,SA,Payroll/AP
4900001869,2024-02-23,2024-02-01,1000,,CC300,600200,5551.63,D,SA,Payroll/AP
4900001870,2024-02-11,2024-02-01,1000,,CC300,650000,12771.02,D,SA,Payroll/AP
4900001871,2024-02-13,2024-02-01,1000,,CC300,630000,4070.7,D,SA,Payroll/AP
4900001872,2024-02-20,2024-02-01,1000,,CC300,640000,2764.54,D,SA,Payroll/AP
4900001873,2024-02-17,2024-02-01,1000,,CC300,660000,2781.89,D,SA,Payroll/AP
4900001874,2024-02-10,2024-02-01,2000,,CC300,600000,38563.28,D,SA,Payroll/AP
4900001875,2024-02-15,2024-02-01,2000,,CC300,600100,8345.41,D,SA,Payroll/AP
4900001876,2024-02-17,2024-02-01,2000,,CC300,600200,3013.66,D,SA,Payroll/AP
4900001877,2024-02-20,2024-02-01,2000,,CC300,650000,7771.94,D,SA,Payroll/AP
4900001878,2024-02-14,2024-02-01,2000,,CC300,630000,2117.31,D,SA,Payroll/AP
4900001879,2024-02-04,2024-02-01,2000,,CC300,640000,1755.37,D,SA,Payroll/AP
4900001880,2024-02-26,2024-02-01,2000,,CC300,660000,1444.01,D,SA,Payroll/AP
4900001881,2024-02-23,2024-02-01,3000,,CC300,600000,18542.5,D,SA,Payroll/AP
4900001882,2024-02-04,2024-02-01,3000,,CC300,600100,4062.94,D,SA,Payroll/AP
4900001883,2024-02-28,2024-02-01,3000,,CC300,600200,1572.68,D,SA,Payroll/AP
4900001884,2024-02-21,2024-02-01,3000,,CC300,650000,4265.24,D,SA,Payroll/AP
4900001885,2024-02-21,2024-02-01,3000,,CC300,630000,1033.23,D,SA,Payroll/AP
4900001886,2024-02-25,2024-02-01,3000,,CC300,640000,721.69,D,SA,Payroll/AP
4900001887,2024-02-18,2024-02-01,3000,,CC300,660000,789.64,D,SA,Payroll/AP
4900001888,2024-02-24,2024-02-01,1000,,CC400,600000,109005.09,D,SA,Payroll/AP
4900001889,2024-02-28,2024-02-01,1000,,CC400,600100,23021.29,D,SA,Payroll/AP
4900001890,2024-02-07,2024-02-01,1000,,CC400,600200,8637.96,D,SA,Payroll/AP
4900001891,2024-02-14,2024-02-01,1000,,CC400,630000,7881.79,D,SA,Payroll/AP
4900001892,2024-02-15,2024-02-01,1000,,CC400,620000,3637.15,D,SA,Payroll/AP
4900001893,2024-02-08,2024-02-01,1000,,CC400,640000,4443.54,D,SA,Payroll/AP
4900001894,2024-02-14,2024-02-01,2000,,CC400,600000,59902.36,D,SA,Payroll/AP
4900001895,2024-02-11,2024-02-01,2000,,CC400,600100,12407.68,D,SA,Payroll/AP
4900001896,2024-02-27,2024-02-01,2000,,CC400,600200,4490.55,D,SA,Payroll/AP
4900001897,2024-02-15,2024-02-01,2000,,CC400,630000,3609.88,D,SA,Payroll/AP
4900001898,2024-02-13,2024-02-01,2000,,CC400,620000,1488.24,D,SA,Payroll/AP
4900001899,2024-02-14,2024-02-01,2000,,CC400,640000,2205.64,D,SA,Payroll/AP
4900001900,2024-02-24,2024-02-01,3000,,CC400,600000,30351.4,D,SA,Payroll/AP
4900001901,2024-02-04,2024-02-01,3000,,CC400,600100,6104.92,D,SA,Payroll/AP
4900001902,2024-02-11,2024-02-01,3000,,CC400,600200,2379.82,D,SA,Payroll/AP
4900001903,2024-02-14,2024-02-01,3000,,CC400,630000,1939.73,D,SA,Payroll/AP
4900001904,2024-02-11,2024-02-01,3000,,CC400,620000,775.16,D,SA,Payroll/AP
4900001905,2024-02-22,2024-02-01,3000,,CC400,640000,1125.65,D,SA,Payroll/AP
4900001906,2024-02-09,2024-02-01,1000,,CC500,600000,69822.94,D,SA,Payroll/AP
4900001907,2024-02-12,2024-02-01,1000,,CC500,600100,14513.96,D,SA,Payroll/AP
4900001908,2024-02-05,2024-02-01,1000,,CC500,600200,5261.52,D,SA,Payroll/AP
4900001909,2024-02-22,2024-02-01,1000,,CC500,500000,291783.12,D,SA,Payroll/AP
4900001910,2024-02-16,2024-02-01,1000,,CC500,500100,129793.76,D,SA,Payroll/AP
4900001911,2024-02-03,2024-02-01,2000,,CC500,600000,36655.65,D,SA,Payroll/AP
4900001912,2024-02-03,2024-02-01,2000,,CC500,600100,7600.49,D,SA,Payroll/AP
4900001913,2024-02-27,2024-02-01,2000,,CC500,600200,2870.06,D,SA,Payroll/AP
4900001914,2024-02-03,2024-02-01,2000,,CC500,500000,183810.15,D,SA,Payroll/AP
4900001915,2024-02-03,2024-02-01,2000,,CC500,500100,74343.6,D,SA,Payroll/AP
4900001916,2024-02-14,2024-02-01,3000,,CC500,600000,18907.73,D,SA,Payroll/AP
4900001917,2024-02-04,2024-02-01,3000,,CC500,600100,3929.3,D,SA,Payroll/AP
4900001918,2024-02-24,2024-02-01,3000,,CC500,600200,1444.85,D,SA,Payroll/AP
4900001919,2024-02-24,2024-02-01,3000,,CC500,500000,87815.18,D,SA,Payroll/AP
4900001920,2024-02-12,2024-02-01,3000,,CC500,500100,35846.91,D,SA,Payroll/AP
4900001921,2024-03-26,2024-03-01,1000,,CC100,600000,208293.17,D,SA,Payroll/AP
4900001922,2024-03-05,2024-03-01,1000,,CC100,600100,42005.88,D,SA,Payroll/AP
4900001923,2024-03-18,2024-03-01,1000,,CC100,600200,15160.57,D,SA,Payroll/AP
4900001924,2024-03-02,2024-03-01,1000,,CC100,610000,91723.05,D,SA,Payroll/AP
4900001925,2024-03-19,2024-03-01,1000,,CC100,620000,15171.28,D,SA,Payroll/AP
4900001926,2024-03-18,2024-03-01,1000,,CC100,630000,11609.44,D,SA,Payroll/AP
4900001927,2024-03-18,2024-03-01,1000,,CC100,640000,8738.31,D,SA,Payroll/AP
4900001928,2024-03-11,2024-03-01,2000,,CC100,600000,115512.87,D,SA,Payroll/AP
4900001929,2024-03-22,2024-03-01,2000,,CC100,600100,23164.28,D,SA,Payroll/AP
4900001930,2024-03-04,2024-03-01,2000,,CC100,600200,8705.45,D,SA,Payroll/AP
4900001931,2024-03-14,2024-03-01,2000,,CC100,610000,47457.96,D,SA,Payroll/AP
4900001932,2024-03-12,2024-03-01,2000,,CC100,620000,6997.63,D,SA,Payroll/AP
4900001933,2024-03-28,2024-03-01,2000,,CC100,630000,6136.79,D,SA,Payroll/AP
4900001934,2024-03-22,2024-03-01,2000,,CC100,640000,4857.57,D,SA,Payroll/AP
4900001935,2024-03-25,2024-03-01,3000,,CC100,600000,56205.8,D,SA,Payroll/AP
4900001936,2024-03-14,2024-03-01,3000,,CC100,600100,11457.54,D,SA,Payroll/AP
4900001937,2024-03-28,2024-03-01,3000,,CC100,600200,4335.66,D,SA,Payroll/AP
4900001938,2024-03-24,2024-03-01,3000,,CC100,610000,26811.6,D,SA,Payroll/AP
4900001939,2024-03-02,2024-03-01,3000,,CC100,620000,3091.35,D,SA,Payroll/AP
4900001940,2024-03-10,2024-03-01,3000,,CC100,630000,2226.72,D,SA,Payroll/AP
4900001941,2024-03-20,2024-03-01,3000,,CC100,640000,2048.46,D,SA,Payroll/AP
4900001942,2024-03-10,2024-03-01,1000,,CC200,600000,372110.2,D,SA,Payroll/AP
4900001943,2024-03-12,2024-03-01,1000,,CC200,600100,77445.34,D,SA,Payroll/AP
4900001944,2024-03-04,2024-03-01,1000,,CC200,600200,29253.46,D,SA,Payroll/AP
4900001945,2024-03-19,2024-03-01,1000,,CC200,630000,32678.73,D,SA,Payroll/AP
4900001946,2024-03-17,2024-03-01,1000,,CC200,640000,16800.87,D,SA,Payroll/AP
4900001947,2024-03-07,2024-03-01,1000,,CC200,620000,7574.71,D,SA,Payroll/AP
4900001948,2024-03-05,2024-03-01,1000,,CC200,660000,14890.49,D,SA,Payroll/AP
4900001949,2024-03-22,2024-03-01,2000,,CC200,600000,211202.25,D,SA,Payroll/AP
4900001950,2024-03-16,2024-03-01,2000,,CC200,600100,41816.4,D,SA,Payroll/AP
4900001951,2024-03-08,2024-03-01,2000,,CC200,600200,16380.13,D,SA,Payroll/AP
4900001952,2024-03-28,2024-03-01,2000,,CC200,630000,18579.24,D,SA,Payroll/AP
4900001953,2024-03-04,2024-03-01,2000,,CC200,640000,8561.27,D,SA,Payroll/AP
4900001954,2024-03-12,2024-03-01,2000,,CC200,620000,3581.67,D,SA,Payroll/AP
4900001955,2024-03-28,2024-03-01,2000,,CC200,660000,7400.0,D,SA,Payroll/AP
4900001956,2024-03-18,2024-03-01,3000,,CC200,600000,106009.33,D,SA,Payroll/AP
4900001957,2024-03-12,2024-03-01,3000,,CC200,600100,21556.59,D,SA,Payroll/AP
4900001958,2024-03-04,2024-03-01,3000,,CC200,600200,7878.57,D,SA,Payroll/AP
4900001959,2024-03-25,2024-03-01,3000,,CC200,630000,8546.49,D,SA,Payroll/AP
4900001960,2024-03-09,2024-03-01,3000,,CC200,640000,4463.15,D,SA,Payroll/AP
4900001961,2024-03-19,2024-03-01,3000,,CC200,620000,1767.25,D,SA,Payroll/AP
4900001962,2024-03-08,2024-03-01,3000,,CC200,660000,4341.15,D,SA,Payroll/AP
4900001963,2024-03-26,2024-03-01,1000,,CC300,600000,73528.36,D,SA,Payroll/AP
4900001964,2024-03-14,2024-03-01,1000,,CC300,600100,15555.51,D,SA,Payroll/AP
4900001965,2024-03-28,2024-03-01,1000,,CC300,600200,5721.92,D,SA,Payroll/AP
4900001966,2024-03-18,2024-03-01,1000,,CC300,650000,15267.99,D,SA,Payroll/AP
4900001967,2024-03-25,2024-03-01,1000,,CC300,630000,3630.92,D,SA,Payroll/AP
4900001968,2024-03-27,2024-03-01,1000,,CC300,640000,2833.0,D,SA,Payroll/AP
4900001969,2024-03-20,2024-03-01,1000,,CC300,660000,2885.78,D,SA,Payroll/AP
4900001970,2024-03-20,2024-03-01,2000,,CC300,600000,40149.27,D,SA,Payroll/AP
4900001971,2024-03-22,2024-03-01,2000,,CC300,600100,8528.72,D,SA,Payroll/AP
4900001972,2024-03-21,2024-03-01,2000,,CC300,600200,3119.23,D,SA,Payroll/AP
4900001973,2024-03-18,2024-03-01,2000,,CC300,650000,7698.83,D,SA,Payroll/AP
4900001974,2024-03-01,2024-03-01,2000,,CC300,630000,1892.13,D,SA,Payroll/AP
4900001975,2024-03-20,2024-03-01,2000,,CC300,640000,1172.02,D,SA,Payroll/AP
4900001976,2024-03-22,2024-03-01,2000,,CC300,660000,1560.74,D,SA,Payroll/AP
4900001977,2024-03-27,2024-03-01,3000,,CC300,600000,21473.7,D,SA,Payroll/AP
4900001978,2024-03-23,2024-03-01,3000,,CC300,600100,4268.04,D,SA,Payroll/AP
4900001979,2024-03-09,2024-03-01,3000,,CC300,600200,1575.18,D,SA,Payroll/AP
4900001980,2024-03-01,2024-03-01,3000,,CC300,650000,3835.9,D,SA,Payroll/AP
4900001981,2024-03-06,2024-03-01,3000,,CC300,630000,1052.89,D,SA,Payroll/AP
4900001982,2024-03-09,2024-03-01,3000,,CC300,640000,831.0,D,SA,Payroll/AP
4900001983,2024-03-23,2024-03-01,3000,,CC300,660000,741.38,D,SA,Payroll/AP
4900001984,2024-03-25,2024-03-01,1000,,CC400,600000,115252.01,D,SA,Payroll/AP
4900001985,2024-03-10,2024-03-01,1000,,CC400,600100,23456.92,D,SA,Payroll/AP
4900001986,2024-03-11,2024-03-01,1000,,CC400,600200,8796.83,D,SA,Payroll/AP
4900001987,2024-03-12,2024-03-01,1000,,CC400,630000,7543.77,D,SA,Payroll/AP
4900001988,2024-03-01,2024-03-01,1000,,CC400,620000,2896.43,D,SA,Payroll/AP
4900001989,2024-03-06,2024-03-01,1000,,CC400,640000,4627.89,D,SA,Payroll/AP
4900001990,2024-03-28,2024-03-01,2000,,CC400,600000,62040.17,D,SA,Payroll/AP
4900001991,2024-03-05,2024-03-01,2000,,CC400,600100,12488.26,D,SA,Payroll/AP
4900001992,2024-03-19,2024-03-01,2000,,CC400,600200,4662.39,D,SA,Payroll/AP
4900001993,2024-03-22,2024-03-01,2000,,CC400,630000,3970.45,D,SA,Payroll/AP
4900001994,2024-03-13,2024-03-01,2000,,CC400,620000,1815.7,D,SA,Payroll/AP
4900001995,2024-03-03,2024-03-01,2000,,CC400,640000,2066.04,D,SA,Payroll/AP
4900001996,2024-03-05,2024-03-01,3000,,CC400,600000,30077.38,D,SA,Payroll/AP
4900001997,2024-03-24,2024-03-01,3000,,CC400,600100,6377.23,D,SA,Payroll/AP
4900001998,2024-03-21,2024-03-01,3000,,CC400,600200,2386.03,D,SA,Payroll/AP
4900001999,2024-03-01,2024-03-01,3000,,CC400,630000,2020.77,D,SA,Payroll/AP
4900002000,2024-03-03,2024-03-01,3000,,CC400,620000,813.92,D,SA,Payroll/AP
4900002001,2024-03-24,2024-03-01,3000,,CC400,640000,1165.2,D,SA,Payroll/AP
4900002002,2024-03-17,2024-03-01,1000,,CC500,600000,72688.17,D,SA,Payroll/AP
4900002003,2024-03-07,2024-03-01,1000,,CC500,600100,14015.37,D,SA,Payroll/AP
4900002004,2024-03-13,2024-03-01,1000,,CC500,600200,5339.64,D,SA,Payroll/AP
4900002005,2024-03-14,2024-03-01,1000,,CC500,500000,313456.89,D,SA,Payroll/AP
4900002006,2024-03-15,2024-03-01,1000,,CC500,500100,113435.56,D,SA,Payroll/AP
4900002007,2024-03-11,2024-03-01,2000,,CC500,600000,38439.81,D,SA,Payroll/AP
4900002008,2024-03-06,2024-03-01,2000,,CC500,600100,8175.86,D,SA,Payroll/AP
4900002009,2024-03-12,2024-03-01,2000,,CC500,600200,2968.58,D,SA,Payroll/AP
4900002010,2024-03-10,2024-03-01,2000,,CC500,500000,177088.45,D,SA,Payroll/AP
4900002011,2024-03-24,2024-03-01,2000,,CC500,500100,64835.27,D,SA,Payroll/AP
4900002012,2024-03-11,2024-03-01,3000,,CC500,600000,18644.66,D,SA,Payroll/AP
4900002013,2024-03-25,2024-03-01,3000,,CC500,600100,3843.22,D,SA,Payroll/AP
4900002014,2024-03-19,2024-03-01,3000,,CC500,600200,1442.88,D,SA,Payroll/AP
4900002015,2024-03-20,2024-03-01,3000,,CC500,500000,95562.43,D,SA,Payroll/AP
4900002016,2024-03-03,2024-03-01,3000,,CC500,500100,38327.19,D,SA,Payroll/AP
4900002017,2024-04-02,2024-04-01,1000,,CC100,600000,203822.47,D,SA,Payroll/AP
4900002018,2024-04-05,2024-04-01,1000,,CC100,600100,42971.08,D,SA,Payroll/AP
4900002019,2024-04-06,2024-04-01,1000,,CC100,600200,16194.88,D,SA,Payroll/AP
4900002020,2024-04-25,2024-04-01,1000,,CC100,610000,104202.81,D,SA,Payroll/AP
4900002021,2024-04-20,2024-04-01,1000,,CC100,620000,15474.59,D,SA,Payroll/AP
4900002022,2024-04-02,2024-04-01,1000,,CC100,630000,9604.92,D,SA,Payroll/AP
4900002023,2024-04-22,2024-04-01,1000,,CC100,640000,7367.44,D,SA,Payroll/AP
4900002024,2024-04-03,2024-04-01,2000,,CC100,600000,110914.12,D,SA,Payroll/AP
4900002025,2024-04-09,2024-04-01,2000,,CC100,600100,23229.38,D,SA,Payroll/AP
4900002026,2024-04-15,2024-04-01,2000,,CC100,600200,8833.61,D,SA,Payroll/AP
4900002027,2024-04-22,2024-04-01,2000,,CC100,610000,56093.89,D,SA,Payroll/AP
4900002028,2024-04-14,2024-04-01,2000,,CC100,620000,7237.92,D,SA,Payroll/AP
4900002029,2024-04-16,2024-04-01,2000,,CC100,630000,5648.03,D,SA,Payroll/AP
4900002030,2024-04-20,2024-04-01,2000,,CC100,640000,4442.4,D,SA,Payroll/AP
4900002031,2024-04-15,2024-04-01,3000,,CC100,600000,56328.86,D,SA,Payroll/AP
4900002032,2024-04-14,2024-04-01,3000,,CC100,600100,12241.99,D,SA,Payroll/AP
4900002033,2024-04-09,2024-04-01,3000,,CC100,600200,4264.91,D,SA,Payroll/AP
4900002034,2024-04-07,2024-04-01,3000,,CC100,610000,26180.0,D,SA,Payroll/AP
4900002035,2024-04-25,2024-04-01,3000,,CC100,620000,4415.26,D,SA,Payroll/AP
4900002036,2024-04-17,2024-04-01,3000,,CC100,630000,2939.73,D,SA,Payroll/AP
4900002037,2024-04-04,2024-04-01,3000,,CC100,640000,2161.42,D,SA,Payroll/AP
4900002038,2024-04-12,2024-04-01,1000,,CC200,600000,382602.0,D,SA,Payroll/AP
4900002039,2024-04-14,2024-04-01,1000,,CC200,600100,78762.38,D,SA,Payroll/AP
4900002040,2024-04-04,2024-04-01,1000,,CC200,600200,30456.74,D,SA,Payroll/AP
4900002041,2024-04-10,2024-04-01,1000,,CC200,630000,26933.96,D,SA,Payroll/AP
4900002042,2024-04-22,2024-04-01,1000,,CC200,640000,17094.18,D,SA,Payroll/AP
4900002043,2024-04-22,2024-04-01,1000,,CC200,620000,6355.46,D,SA,Payroll/AP
4900002044,2024-04-19,2024-04-01,1000,,CC200,660000,14623.81,D,SA,Payroll/AP
4900002045,2024-04-16,2024-04-01,2000,,CC200,600000,208297.8,D,SA,Payroll/AP
4900002046,2024-04-17,2024-04-01,2000,,CC200,600100,43605.05,D,SA,Payroll/AP
4900002047,2024-04-22,2024-04-01,2000,,CC200,600200,15645.09,D,SA,Payroll/AP
4900002048,2024-04-10,2024-04-01,2000,,CC200,630000,19726.7,D,SA,Payroll/AP
4900002049,2024-04-02,2024-04-01,2000,,CC200,640000,9716.64,D,SA,Payroll/AP
4900002050,2024-04-08,2024-04-01,2000,,CC200,620000,3489.63,D,SA,Payroll/AP
4900002051,2024-04-13,2024-04-01,2000,,CC200,660000,8157.48,D,SA,Payroll/AP
4900002052,2024-04-20,2024-04-01,3000,,CC200,600000,104165.57,D,SA,Payroll/AP
4900002053,2024-04-02,2024-04-01,3000,,CC200,600100,21838.43,D,SA,Payroll/AP
4900002054,2024-04-01,2024-04-01,3000,,CC200,600200,8123.36,D,SA,Payroll/AP
4900002055,2024-04-07,2024-04-01,3000,,CC200,630000,8865.9,D,SA,Payroll/AP
4900002056,2024-04-10,2024-04-01,3000,,CC200,640000,4258.2,D,SA,Payroll/AP
4900002057,2024-04-07,2024-04-01,3000,,CC200,620000,2396.36,D,SA,Payroll/AP
4900002058,2024-04-25,2024-04-01,3000,,CC200,660000,4021.37,D,SA,Payroll/AP
4900002059,2024-04-05,2024-04-01,1000,,CC300,600000,76126.18,D,SA,Payroll/AP
4900002060,2024-04-25,2024-04-01,1000,,CC300,600100,14995.85,D,SA,Payroll/AP
4900002061,2024-04-09,2024-04-01,1000,,CC300,600200,5662.33,D,SA,Payroll/AP
4900002062,2024-04-10,2024-04-01,1000,,CC300,650000,15113.67,D,SA,Payroll/AP
4900002063,2024-04-11,2024-04-01,1000,,CC300,630000,4419.67,D,SA,Payroll/AP
4900002064,2024-04-04,2024-04-01,1000,,CC300,640000,2989.02,D,SA,Payroll/AP
4900002065,2024-04-01,2024-04-01,1000,,CC300,660000,2841.2,D,SA,Payroll/AP
4900002066,2024-04-16,2024-04-01,2000,,CC300,600000,41062.26,D,SA,Payroll/AP
4900002067,2024-04-24,2024-04-01,2000,,CC300,600100,8212.5,D,SA,Payroll/AP
4900002068,2024-04-14,2024-04-01,2000,,CC300,600200,3196.87,D,SA,Payroll/AP
4900002069,2024-04-06,2024-04-01,2000,,CC300,650000,8593.45,D,SA,Payroll/AP
4900002070,2024-04-05,2024-04-01,2000,,CC300,630000,2010.59,D,SA,Payroll/AP
4900002071,2024-04-13,2024-04-01,2000,,CC300,640000,1505.1,D,SA,Payroll/AP
4900002072,2024-04-18,2024-04-01,2000,,CC300,660000,1600.34,D,SA,Payroll/AP
4900002073,2024-04-23,2024-04-01,3000,,CC300,600000,20352.09,D,SA,Payroll/AP
4900002074,2024-04-08,2024-04-01,3000,,CC300,600100,4206.0,D,SA,Payroll/AP
4900002075,2024-04-17,2024-04-01,3000,,CC300,600200,1645.66,D,SA,Payroll/AP
4900002076,2024-04-18,2024-04-01,3000,,CC300,650000,3850.82,D,SA,Payroll/AP
4900002077,2024-04-27,2024-04-01,3000,,CC300,630000,1015.16,D,SA,Payroll/AP
4900002078,2024-04-22,2024-04-01,3000,,CC300,640000,738.54,D,SA,Payroll/AP
4900002079,2024-04-26,2024-04-01,3000,,CC300,660000,819.05,D,SA,Payroll/AP
4900002080,2024-04-12,2024-04-01,1000,,CC400,600000,113900.84,D,SA,Payroll/AP
4900002081,2024-04-03,2024-04-01,1000,,CC400,600100,23144.72,D,SA,Payroll/AP
4900002082,2024-04-13,2024-04-01,1000,,CC400,600200,9025.85,D,SA,Payroll/AP
4900002083,2024-04-28,2024-04-01,1000,,CC400,630000,8368.17,D,SA,Payroll/AP
4900002084,2024-04-24,2024-04-01,1000,,CC400,620000,2755.16,D,SA,Payroll/AP
4900002085,2024-04-02,2024-04-01,1000,,CC400,640000,3576.07,D,SA,Payroll/AP
4900002086,2024-04-14,2024-04-01,2000,,CC400,600000,64039.14,D,SA,Payroll/AP
4900002087,2024-04-01,2024-04-01,2000,,CC400,600100,12700.45,D,SA,Payroll/AP
4900002088,2024-04-15,2024-04-01,2000,,CC400,600200,4905.14,D,SA,Payroll/AP
4900002089,2024-04-03,2024-04-01,2000,,CC400,630000,3231.22,D,SA,Payroll/AP
4900002090,2024-04-28,2024-04-01,2000,,CC400,620000,1753.27,D,SA,Payroll/AP
4900002091,2024-04-11,2024-04-01,2000,,CC400,640000,2121.97,D,SA,Payroll/AP
4900002092,2024-04-19,2024-04-01,3000,,CC400,600000,31510.63,D,SA,Payroll/AP
4900002093,2024-04-14,2024-04-01,3000,,CC400,600100,6372.43,D,SA,Payroll/AP
4900002094,2024-04-19,2024-04-01,3000,,CC400,600200,2343.4,D,SA,Payroll/AP
4900002095,2024-04-13,2024-04-01,3000,,CC400,630000,1909.78,D,SA,Payroll/AP
4900002096,2024-04-23,2024-04-01,3000,,CC400,620000,850.98,D,SA,Payroll/AP
4900002097,2024-04-21,2024-04-01,3000,,CC400,640000,1207.14,D,SA,Payroll/AP
4900002098,2024-04-14,2024-04-01,1000,,CC500,600000,72403.15,D,SA,Payroll/AP
4900002099,2024-04-10,2024-04-01,1000,,CC500,600100,15260.64,D,SA,Payroll/AP
4900002100,2024-04-04,2024-04-01,1000,,CC500,600200,5332.9,D,SA,Payroll/AP
4900002101,2024-04-13,2024-04-01,1000,,CC500,500000,373066.41,D,SA,Payroll/AP
4900002102,2024-04-01,2024-04-01,1000,,CC500,500100,139064.43,D,SA,Payroll/AP
4900002103,2024-04-11,2024-04-01,2000,,CC500,600000,37967.47,D,SA,Payroll/AP
4900002104,2024-04-06,2024-04-01,2000,,CC500,600100,7719.75,D,SA,Payroll/AP
4900002105,2024-04-26,2024-04-01,2000,,CC500,600200,2962.79,D,SA,Payroll/AP
4900002106,2024-04-20,2024-04-01,2000,,CC500,500000,189474.64,D,SA,Payroll/AP
4900002107,2024-04-15,2024-04-01,2000,,CC500,500100,73402.53,D,SA,Payroll/AP
4900002108,2024-04-27,2024-04-01,3000,,CC500,600000,20339.21,D,SA,Payroll/AP
4900002109,2024-04-23,2024-04-01,3000,,CC500,600100,3932.21,D,SA,Payroll/AP
4900002110,2024-04-12,2024-04-01,3000,,CC500,600200,1518.29,D,SA,Payroll/AP
4900002111,2024-04-03,2024-04-01,3000,,CC500,500000,77493.53,D,SA,Payroll/AP
4900002112,2024-04-14,2024-04-01,3000,,CC500,500100,39346.98,D,SA,Payroll/AP
4900002113,2024-05-28,2024-05-01,1000,,CC100,600000,215065.74,D,SA,Payroll/AP
4900002114,2024-05-04,2024-05-01,1000,,CC100,600100,42982.39,D,SA,Payroll/AP
4900002115,2024-05-08,2024-05-01,1000,,CC100,600200,15408.55,D,SA,Payroll/AP
4900002116,2024-05-14,2024-05-01,1000,,CC100,610000,96708.4,D,SA,Payroll/AP
4900002117,2024-05-19,2024-05-01,1000,,CC100,620000,14137.6,D,SA,Payroll/AP
4900002118,2024-05-13,2024-05-01,1000,,CC100,630000,11274.92,D,SA,Payroll/AP
4900002119,2024-05-17,2024-05-01,1000,,CC100,640000,9131.99,D,SA,Payroll/AP
4900002120,2024-05-03,2024-05-01,2000,,CC100,600000,113149.68,D,SA,Payroll/AP
4900002121,2024-05-13,2024-05-01,2000,,CC100,600100,24040.93,D,SA,Payroll/AP
4900002122,2024-05-28,2024-05-01,2000,,CC100,600200,9106.48,D,SA,Payroll/AP
4900002123,2024-05-10,2024-05-01,2000,,CC100,610000,42655.73,D,SA,Payroll/AP
4900002124,2024-05-24,2024-05-01,2000,,CC100,620000,7648.88,D,SA,Payroll/AP
4900002125,2024-05-11,2024-05-01,2000,,CC100,630000,5630.61,D,SA,Payroll/AP
4900002126,2024-05-08,2024-05-01,2000,,CC100,640000,4410.92,D,SA,Payroll/AP
4900002127,2024-05-11,2024-05-01,3000,,CC100,600000,57813.79,D,SA,Payroll/AP
4900002128,2024-05-25,2024-05-01,3000,,CC100,600100,11662.58,D,SA,Payroll/AP
4900002129,2024-05-06,2024-05-01,3000,,CC100,600200,4356.82,D,SA,Payroll/AP
4900002130,2024-05-03,2024-05-01,3000,,CC100,610000,25850.93,D,SA,Payroll/AP
4900002131,2024-05-17,2024-05-01,3000,,CC100,620000,3280.27,D,SA,Payroll/AP
4900002132,2024-05-21,2024-05-01,3000,,CC100,630000,2624.63,D,SA,Payroll/AP
4900002133,2024-05-04,2024-05-01,3000,,CC100,640000,2358.27,D,SA,Payroll/AP
4900002134,2024-05-17,2024-05-01,1000,,CC200,600000,387385.76,D,SA,Payroll/AP
4900002135,2024-05-17,2024-05-01,1000,,CC200,600100,82416.29,D,SA,Payroll/AP
4900002136,2024-05-07,2024-05-01,1000,,CC200,600200,30781.84,D,SA,Payroll/AP
4900002137,2024-05-25,2024-05-01,1000,,CC200,630000,29442.01,D,SA,Payroll/AP
4900002138,2024-05-12,2024-05-01,1000,,CC200,640000,14216.56,D,SA,Payroll/AP
4900002139,2024-05-12,2024-05-01,1000,,CC200,620000,8535.41,D,SA,Payroll/AP
4900002140,2024-05-24,2024-05-01,1000,,CC200,660000,14501.7,D,SA,Payroll/AP
4900002141,2024-05-27,2024-05-01,2000,,CC200,600000,213706.51,D,SA,Payroll/AP
4900002142,2024-05-21,2024-05-01,2000,,CC200,600100,44657.12,D,SA,Payroll/AP
4900002143,2024-05-27,2024-05-01,2000,,CC200,600200,16853.06,D,SA,Payroll/AP
4900002144,2024-05-05,2024-05-01,2000,,CC200,630000,18871.65,D,SA,Payroll/AP
4900002145,2024-05-08,2024-05-01,2000,,CC200,640000,7800.81,D,SA,Payroll/AP
4900002146,2024-05-04,2024-05-01,2000,,CC200,620000,4738.31,D,SA,Payroll/AP
4900002147,2024-05-05,2024-05-01,2000,,CC200,660000,9017.88,D,SA,Payroll/AP
4900002148,2024-05-09,2024-05-01,3000,,CC200,600000,109966.52,D,SA,Payroll/AP
4900002149,2024-05-07,2024-05-01,3000,,CC200,600100,22161.86,D,SA,Payroll/AP
4900002150,2024-05-06,2024-05-01,3000,,CC200,600200,8162.42,D,SA,Payroll/AP
4900002151,2024-05-20,2024-05-01,3000,,CC200,630000,8875.48,D,SA,Payroll/AP
4900002152,2024-05-05,2024-05-01,3000,,CC200,640000,4365.02,D,SA,Payroll/AP
4900002153,2024-05-25,2024-05-01,3000,,CC200,620000,2160.92,D,SA,Payroll/AP
4900002154,2024-05-25,2024-05-01,3000,,CC200,660000,4438.98,D,SA,Payroll/AP
4900002155,2024-05-21,2024-05-01,1000,,CC300,600000,76193.15,D,SA,Payroll/AP
4900002156,2024-05-03,2024-05-01,1000,,CC300,600100,14964.84,D,SA,Payroll/AP
4900002157,2024-05-06,2024-05-01,1000,,CC300,600200,5907.47,D,SA,Payroll/AP
4900002158,2024-05-25,2024-05-01,1000,,CC300,650000,13020.73,D,SA,Payroll/AP
4900002159,2024-05-21,2024-05-01,1000,,CC300,630000,3709.06,D,SA,Payroll/AP
4900002160,2024-05-16,2024-05-01,1000,,CC300,640000,2965.25,D,SA,Payroll/AP
4900002161,2024-05-15,2024-05-01,1000,,CC300,660000,3181.53,D,SA,Payroll/AP
4900002162,2024-05-25,2024-05-01,2000,,CC300,600000,43714.99,D,SA,Payroll/AP
4900002163,2024-05-19,2024-05-01,2000,,CC300,600100,8544.53,D,SA,Payroll/AP
4900002164,2024-05-25,2024-05-01,2000,,CC300,600200,3154.19,D,SA,Payroll/AP
4900002165,2024-05-19,2024-05-01,2000,,CC300,650000,8337.49,D,SA,Payroll/AP
4900002166,2024-05-15,2024-05-01,2000,,CC300,630000,2297.87,D,SA,Payroll/AP
4900002167,2024-05-22,2024-05-01,2000,,CC300,640000,1532.13,D,SA,Payroll/AP
4900002168,2024-05-19,2024-05-01,2000,,CC300,660000,1724.97,D,SA,Payroll/AP
4900002169,2024-05-21,2024-05-01,3000,,CC300,600000,20672.29,D,SA,Payroll/AP
4900002170,2024-05-21,2024-05-01,3000,,CC300,600100,4263.07,D,SA,Payroll/AP
4900002171,2024-05-20,2024-05-01,3000,,CC300,600200,1603.97,D,SA,Payroll/AP
4900002172,2024-05-11,2024-05-01,3000,,CC300,650000,4124.06,D,SA,Payroll/AP
4900002173,2024-05-28,2024-05-01,3000,,CC300,630000,1143.79,D,SA,Payroll/AP
4900002174,2024-05-21,2024-05-01,3000,,CC300,640000,742.59,D,SA,Payroll/AP
4900002175,2024-05-11,2024-05-01,3000,,CC300,660000,769.35,D,SA,Payroll/AP
4900002176,2024-05-05,2024-05-01,1000,,CC400,600000,113346.75,D,SA,Payroll/AP
4900002177,2024-05-15,2024-05-01,1000,,CC400,600100,23982.68,D,SA,Payroll/AP
4900002178,2024-05-03,2024-05-01,1000,,CC400,600200,9054.03,D,SA,Payroll/AP
4900002179,2024-05-16,2024-05-01,1000,,CC400,630000,7769.38,D,SA,Payroll/AP
4900002180,2024-05-15,2024-05-01,1000,,CC400,620000,3469.33,D,SA,Payroll/AP
4900002181,2024-05-21,2024-05-01,1000,,CC400,640000,4455.08,D,SA,Payroll/AP
4900002182,2024-05-10,2024-05-01,2000,,CC400,600000,63756.91,D,SA,Payroll/AP
4900002183,2024-05-26,2024-05-01,2000,,CC400,600100,12623.94,D,SA,Payroll/AP
4900002184,2024-05-09,2024-05-01,2000,,CC400,600200,4802.18,D,SA,Payroll/AP
4900002185,2024-05-19,2024-05-01,2000,,CC400,630000,4313.55,D,SA,Payroll/AP
4900002186,2024-05-02,2024-05-01,2000,,CC400,620000,1750.19,D,SA,Payroll/AP
4900002187,2024-05-12,2024-05-01,2000,,CC400,640000,2348.69,D,SA,Payroll/AP
4900002188,2024-05-17,2024-05-01,3000,,CC400,600000,31743.33,D,SA,Payroll/AP
4900002189,2024-05-03,2024-05-01,3000,,CC400,600100,6322.83,D,SA,Payroll/AP
4900002190,2024-05-10,2024-05-01,3000,,CC400,600200,2427.84,D,SA,Payroll/AP
4900002191,2024-05-15,2024-05-01,3000,,CC400,630000,2219.18,D,SA,Payroll/AP
4900002192,2024-05-15,2024-05-01,3000,,CC400,620000,861.98,D,SA,Payroll/AP
4900002193,2024-05-02,2024-05-01,3000,,CC400,640000,1283.86,D,SA,Payroll/AP
4900002194,2024-05-02,2024-05-01,1000,,CC500,600000,72624.32,D,SA,Payroll/AP
4900002195,2024-05-12,2024-05-01,1000,,CC500,600100,14884.58,D,SA,Payroll/AP
4900002196,2024-05-27,2024-05-01,1000,,CC500,600200,5507.23,D,SA,Payroll/AP
4900002197,2024-05-10,2024-05-01,1000,,CC500,500000,348304.95,D,SA,Payroll/AP
4900002198,2024-05-03,2024-05-01,1000,,CC500,500100,145396.82,D,SA,Payroll/AP
4900002199,2024-05-21,2024-05-01,2000,,CC500,600000,39963.29,D,SA,Payroll/AP
4900002200,2024-05-28,2024-05-01,2000,,CC500,600100,8032.31,D,SA,Payroll/AP
4900002201,2024-05-28,2024-05-01,2000,,CC500,600200,2913.04,D,SA,Payroll/AP
4900002202,2024-05-03,2024-05-01,2000,,CC500,500000,197057.76,D,SA,Payroll/AP
4900002203,2024-05-20,2024-05-01,2000,,CC500,500100,72459.47,D,SA,Payroll/AP
4900002204,2024-05-20,2024-05-01,3000,,CC500,600000,19445.5,D,SA,Payroll/AP
4900002205,2024-05-17,2024-05-01,3000,,CC500,600100,4115.15,D,SA,Payroll/AP
4900002206,2024-05-13,2024-05-01,3000,,CC500,600200,1510.14,D,SA,Payroll/AP
4900002207,2024-05-15,2024-05-01,3000,,CC500,500000,98198.45,D,SA,Payroll/AP
4900002208,2024-05-19,2024-05-01,3000,,CC500,500100,40399.62,D,SA,Payroll/AP
4900002209,2024-06-18,2024-06-01,1000,,CC100,600000,216307.48,D,SA,Payroll/AP
4900002210,2024-06-26,2024-06-01,1000,,CC100,600100,42576.51,D,SA,Payroll/AP
4900002211,2024-06-24,2024-06-01,1000,,CC100,600200,16812.5,D,SA,Payroll/AP
4900002212,2024-06-02,2024-06-01,1000,,CC100,610000,98253.51,D,SA,Payroll/AP
4900002213,2024-06-15,2024-06-01,1000,,CC100,620000,13173.73,D,SA,Payroll/AP
4900002214,2024-06-26,2024-06-01,1000,,CC100,630000,11100.0,D,SA,Payroll/AP
4900002215,2024-06-19,2024-06-01,1000,,CC100,640000,6749.5,D,SA,Payroll/AP
4900002216,2024-06-21,2024-06-01,2000,,CC100,600000,117638.92,D,SA,Payroll/AP
4900002217,2024-06-07,2024-06-01,2000,,CC100,600100,23442.67,D,SA,Payroll/AP
4900002218,2024-06-11,2024-06-01,2000,,CC100,600200,8732.96,D,SA,Payroll/AP
4900002219,2024-06-20,2024-06-01,2000,,CC100,610000,44387.88,D,SA,Payroll/AP
4900002220,2024-06-16,2024-06-01,2000,,CC100,620000,8312.09,D,SA,Payroll/AP
4900002221,2024-06-17,2024-06-01,2000,,CC100,630000,5607.32,D,SA,Payroll/AP
4900002222,2024-06-05,2024-06-01,2000,,CC100,640000,5176.21,D,SA,Payroll/AP
4900002223,2024-06-02,2024-06-01,3000,,CC100,600000,57717.42,D,SA,Payroll/AP
4900002224,2024-06-15,2024-06-01,3000,,CC100,600100,11559.05,D,SA,Payroll/AP
4900002225,2024-06-04,2024-06-01,3000,,CC100,600200,4387.68,D,SA,Payroll/AP
4900002226,2024-06-26,2024-06-01,3000,,CC100,610000,29414.66,D,SA,Payroll/AP
4900002227,2024-06-27,2024-06-01,3000,,CC100,620000,3681.61,D,SA,Payroll/AP
4900002228,2024-06-11,2024-06-01,3000,,CC100,630000,2827.89,D,SA,Payroll/AP
4900002229,2024-06-23,2024-06-01,3000,,CC100,640000,2279.85,D,SA,Payroll/AP
4900002230,2024-06-03,2024-06-01,1000,,CC200,600000,401373.48,D,SA,Payroll/AP
4900002231,2024-06-17,2024-06-01,1000,,CC200,600100,83336.66,D,SA,Payroll/AP
4900002232,2024-06-21,2024-06-01,1000,,CC200,600200,31453.67,D,SA,Payroll/AP
4900002233,2024-06-06,2024-06-01,1000,,CC200,630000,34379.76,D,SA,Payroll/AP
4900002234,2024-06-02,2024-06-01,1000,,CC200,640000,13257.32,D,SA,Payroll/AP
4900002235,2024-06-08,2024-06-01,1000,,CC200,620000,7326.06,D,SA,Payroll/AP
4900002236,2024-06-23,2024-06-01,1000,,CC200,660000,15482.96,D,SA,Payroll/AP
4900002237,2024-06-15,2024-06-01,2000,,CC200,600000,212026.98,D,SA,Payroll/AP
4900002238,2024-06-15,2024-06-01,2000,,CC200,600100,43498.57,D,SA,Payroll/AP
4900002239,2024-06-17,2024-06-01,2000,,CC200,600200,16744.67,D,SA,Payroll/AP
4900002240,2024-06-17,2024-06-01,2000,,CC200,630000,19307.64,D,SA,Payroll/AP
4900002241,2024-06-20,2024-06-01,2000,,CC200,640000,8342.43,D,SA,Payroll/AP
4900002242,2024-06-06,2024-06-01,2000,,CC200,620000,3842.23,D,SA,Payroll/AP
4900002243,2024-06-12,2024-06-01,2000,,CC200,660000,8219.37,D,SA,Payroll/AP
4900002244,2024-06-12,2024-06-01,3000,,CC200,600000,106098.94,D,SA,Payroll/AP
4900002245,2024-06-10,2024-06-01,3000,,CC200,600100,22568.54,D,SA,Payroll/AP
4900002246,2024-06-13,2024-06-01,3000,,CC200,600200,8487.33,D,SA,Payroll/AP
4900002247,2024-06-14,2024-06-01,3000,,CC200,630000,7910.03,D,SA,Payroll/AP
4900002248,2024-06-25,2024-06-01,3000,,CC200,640000,3771.13,D,SA,Payroll/AP
4900002249,2024-06-11,2024-06-01,3000,,CC200,620000,1767.69,D,SA,Payroll/AP
4900002250,2024-06-22,2024-06-01,3000,,CC200,660000,4022.45,D,SA,Payroll/AP
4900002251,2024-06-20,2024-06-01,1000,,CC300,600000,75257.69,D,SA,Payroll/AP
4900002252,2024-06-02,2024-06-01,1000,,CC300,600100,15014.95,D,SA,Payroll/AP
4900002253,2024-06-26,2024-06-01,1000,,CC300,600200,5691.82,D,SA,Payroll/AP
4900002254,2024-06-21,2024-06-01,1000,,CC300,650000,13041.41,D,SA,Payroll/AP
4900002255,2024-06-21,2024-06-01,1000,,CC300,630000,3945.95,D,SA,Payroll/AP
4900002256,2024-06-11,2024-06-01,1000,,CC300,640000,2919.47,D,SA,Payroll/AP
4900002257,2024-06-03,2024-06-01,1000,,CC300,660000,2794.74,D,SA,Payroll/AP
4900002258,2024-06-11,2024-06-01,2000,,CC300,600000,41393.44,D,SA,Payroll/AP
4900002259,2024-06-04,2024-06-01,2000,,CC300,600100,8368.53,D,SA,Payroll/AP
4900002260,2024-06-18,2024-06-01,2000,,CC300,600200,3155.65,D,SA,Payroll/AP
4900002261,2024-06-22,2024-06-01,2000,,CC300,650000,9259.64,D,SA,Payroll/AP
4900002262,2024-06-13,2024-06-01,2000,,CC300,630000,2398.8,D,SA,Payroll/AP
4900002263,2024-06-10,2024-06-01,2000,,CC300,640000,1380.27,D,SA,Payroll/AP
4900002264,2024-06-09,2024-06-01,2000,,CC300,660000,1652.26,D,SA,Payroll/AP
4900002265,2024-06-24,2024-06-01,3000,,CC300,600000,20958.47,D,SA,Payroll/AP
4900002266,2024-06-28,2024-06-01,3000,,CC300,600100,4133.36,D,SA,Payroll/AP
4900002267,2024-06-22,2024-06-01,3000,,CC300,600200,1612.42,D,SA,Payroll/AP
4900002268,2024-06-20,2024-06-01,3000,,CC300,650000,4576.07,D,SA,Payroll/AP
4900002269,2024-06-28,2024-06-01,3000,,CC300,630000,938.91,D,SA,Payroll/AP
4900002270,2024-06-05,2024-06-01,3000,,CC300,640000,720.44,D,SA,Payroll/AP
4900002271,2024-06-11,2024-06-01,3000,,CC300,660000,833.58,D,SA,Payroll/AP
4900002272,2024-06-03,2024-06-01,1000,,CC400,600000,116787.67,D,SA,Payroll/AP
4900002273,2024-06-19,2024-06-01,1000,,CC400,600100,24089.87,D,SA,Payroll/AP
4900002274,2024-06-22,2024-06-01,1000,,CC400,600200,8996.01,D,SA,Payroll/AP
4900002275,2024-06-05,2024-06-01,1000,,CC400,630000,7736.87,D,SA,Payroll/AP
4900002276,2024-06-12,2024-06-01,1000,,CC400,620000,2583.31,D,SA,Payroll/AP
4900002277,2024-06-10,2024-06-01,1000,,CC400,640000,4935.47,D,SA,Payroll/AP
4900002278,2024-06-21,2024-06-01,2000,,CC400,600000,64531.64,D,SA,Payroll/AP
4900002279,2024-06-23,2024-06-01,2000,,CC400,600100,12875.35,D,SA,Payroll/AP
4900002280,2024-06-22,2024-06-01,2000,,CC400,600200,4846.29,D,SA,Payroll/AP
4900002281,2024-06-13,2024-06-01,2000,,CC400,630000,3423.2,D,SA,Payroll/AP
4900002282,2024-06-05,2024-06-01,2000,,CC400,620000,1699.98,D,SA,Payroll/AP
4900002283,2024-06-20,2024-06-01,2000,,CC400,640000,2563.99,D,SA,Payroll/AP
4900002284,2024-06-23,2024-06-01,3000,,CC400,600000,31820.56,D,SA,Payroll/AP
4900002285,2024-06-03,2024-06-01,3000,,CC400,600100,6682.39,D,SA,Payroll/AP
4900002286,2024-06-10,2024-06-01,3000,,CC400,600200,2434.41,D,SA,Payroll/AP
4900002287,2024-06-18,2024-06-01,3000,,CC400,630000,2157.63,D,SA,Payroll/AP
4900002288,2024-06-13,2024-06-01,3000,,CC400,620000,733.63,D,SA,Payroll/AP
4900002289,2024-06-21,2024-06-01,3000,,CC400,640000,1222.51,D,SA,Payroll/AP
4900002290,2024-06-26,2024-06-01,1000,,CC500,600000,73284.79,D,SA,Payroll/AP
4900002291,2024-06-11,2024-06-01,1000,,CC500,600100,15153.36,D,SA,Payroll/AP
4900002292,2024-06-27,2024-06-01,1000,,CC500,600200,5615.21,D,SA,Payroll/AP
4900002293,2024-06-05,2024-06-01,1000,,CC500,500000,325654.22,D,SA,Payroll/AP
4900002294,2024-06-22,2024-06-01,1000,,CC500,500100,153107.86,D,SA,Payroll/AP
4900002295,2024-06-23,2024-06-01,2000,,CC500,600000,39316.22,D,SA,Payroll/AP
4900002296,2024-06-27,2024-06-01,2000,,CC500,600100,7874.52,D,SA,Payroll/AP
4900002297,2024-06-24,2024-06-01,2000,,CC500,600200,3157.73,D,SA,Payroll/AP
4900002298,2024-06-22,2024-06-01,2000,,CC500,500000,202559.84,D,SA,Payroll/AP
4900002299,2024-06-17,2024-06-01,2000,,CC500,500100,66417.74,D,SA,Payroll/AP
4900002300,2024-06-03,2024-06-01,3000,,CC500,600000,20104.9,D,SA,Payroll/AP
4900002301,2024-06-21,2024-06-01,3000,,CC500,600100,4027.05,D,SA,Payroll/AP
4900002302,2024-06-22,2024-06-01,3000,,CC500,600200,1533.53,D,SA,Payroll/AP
4900002303,2024-06-14,2024-06-01,3000,,CC500,500000,91605.01,D,SA,Payroll/AP
4900002304,2024-06-17,2024-06-01,3000,,CC500,500100,37243.23,D,SA,Payroll/AP
4900002305,2024-07-12,2024-07-01,1000,,CC100,600000,212092.43,D,SA,Payroll/AP
4900002306,2024-07-01,2024-07-01,1000,,CC100,600100,43588.55,D,SA,Payroll/AP
4900002307,2024-07-12,2024-07-01,1000,,CC100,600200,16270.9,D,SA,Payroll/AP
4900002308,2024-07-10,2024-07-01,1000,,CC100,610000,88642.76,D,SA,Payroll/AP
4900002309,2024-07-06,2024-07-01,1000,,CC100,620000,13719.39,D,SA,Payroll/AP
4900002310,2024-07-07,2024-07-01,1000,,CC100,630000,10258.85,D,SA,Payroll/AP
4900002311,2024-07-11,2024-07-01,1000,,CC100,640000,8852.54,D,SA,Payroll/AP
4900002312,2024-07-25,2024-07-01,2000,,CC100,600000,121249.93,D,SA,Payroll/AP
4900002313,2024-07-16,2024-07-01,2000,,CC100,600100,23873.14,D,SA,Payroll/AP
4900002314,2024-07-07,2024-07-01,2000,,CC100,600200,9100.87,D,SA,Payroll/AP
4900002315,2024-07-08,2024-07-01,2000,,CC100,610000,55475.54,D,SA,Payroll/AP
4900002316,2024-07-05,2024-07-01,2000,,CC100,620000,7904.18,D,SA,Payroll/AP
4900002317,2024-07-05,2024-07-01,2000,,CC100,630000,6084.2,D,SA,Payroll/AP
4900002318,2024-07-03,2024-07-01,2000,,CC100,640000,4865.09,D,SA,Payroll/AP
4900002319,2024-07-10,2024-07-01,3000,,CC100,600000,59037.24,D,SA,Payroll/AP
4900002320,2024-07-28,2024-07-01,3000,,CC100,600100,11697.61,D,SA,Payroll/AP
4900002321,2024-07-26,2024-07-01,3000,,CC100,600200,4576.13,D,SA,Payroll/AP
4900002322,2024-07-04,2024-07-01,3000,,CC100,610000,28566.08,D,SA,Payroll/AP
4900002323,2024-07-17,2024-07-01,3000,,CC100,620000,3462.18,D,SA,Payroll/AP
4900002324,2024-07-25,2024-07-01,3000,,CC100,630000,3010.01,D,SA,Payroll/AP
4900002325,2024-07-18,2024-07-01,3000,,CC100,640000,2402.65,D,SA,Payroll/AP
4900002326,2024-07-27,2024-07-01,1000,,CC200,600000,404827.88,D,SA,Payroll/AP
4900002327,2024-07-24,2024-07-01,1000,,CC200,600100,85180.24,D,SA,Payroll/AP
4900002328,2024-07-17,2024-07-01,1000,,CC200,600200,32749.95,D,SA,Payroll/AP
4900002329,2024-07-02,2024-07-01,1000,,CC200,630000,33615.89,D,SA,Payroll/AP
4900002330,2024-07-22,2024-07-01,1000,,CC200,640000,13476.39,D,SA,Payroll/AP
4900002331,2024-07-11,2024-07-01,1000,,CC200,620000,8055.4,D,SA,Payroll/AP
4900002332,2024-07-25,2024-07-01,1000,,CC200,660000,16199.87,D,SA,Payroll/AP
4900002333,2024-07-20,2024-07-01,2000,,CC200,600000,220812.99,D,SA,Payroll/AP
4900002334,2024-07-05,2024-07-01,2000,,CC200,600100,46827.7,D,SA,Payroll/AP
4900002335,2024-07-20,2024-07-01,2000,,CC200,600200,16607.56,D,SA,Payroll/AP
4900002336,2024-07-13,2024-07-01,2000,,CC200,630000,21287.97,D,SA,Payroll/AP
4900002337,2024-07-05,2024-07-01,2000,,CC200,640000,8015.27,D,SA,Payroll/AP
4900002338,2024-07-06,2024-07-01,2000,,CC200,620000,4999.61,D,SA,Payroll/AP
4900002339,2024-07-06,2024-07-01,2000,,CC200,660000,9382.23,D,SA,Payroll/AP
4900002340,2024-07-27,2024-07-01,3000,,CC200,600000,108709.92,D,SA,Payroll/AP
4900002341,2024-07-23,2024-07-01,3000,,CC200,600100,22397.8,D,SA,Payroll/AP
4900002342,2024-07-25,2024-07-01,3000,,CC200,600200,8638.52,D,SA,Payroll/AP
4900002343,2024-07-20,2024-07-01,3000,,CC200,630000,9524.37,D,SA,Payroll/AP
4900002344,2024-07-26,2024-07-01,3000,,CC200,640000,4226.98,D,SA,Payroll/AP
4900002345,2024-07-06,2024-07-01,3000,,CC200,620000,2128.52,D,SA,Payroll/AP
4900002346,2024-07-24,2024-07-01,3000,,CC200,660000,3838.69,D,SA,Payroll/AP
4900002347,2024-07-15,2024-07-01,1000,,CC300,600000,76243.95,D,SA,Payroll/AP
4900002348,2024-07-02,2024-07-01,1000,,CC300,600100,15428.31,D,SA,Payroll/AP
4900002349,2024-07-14,2024-07-01,1000,,CC300,600200,5808.68,D,SA,Payroll/AP
4900002350,2024-07-12,2024-07-01,1000,,CC300,650000,16783.64,D,SA,Payroll/AP
4900002351,2024-07-22,2024-07-01,1000,,CC300,630000,3419.6,D,SA,Payroll/AP
4900002352,2024-07-24,2024-07-01,1000,,CC300,640000,3171.81,D,SA,Payroll/AP
4900002353,2024-07-08,2024-07-01,1000,,CC300,660000,2892.36,D,SA,Payroll/AP
4900002354,2024-07-15,2024-07-01,2000,,CC300,600000,41108.63,D,SA,Payroll/AP
4900002355,2024-07-20,2024-07-01,2000,,CC300,600100,8614.03,D,SA,Payroll/AP
4900002356,2024-07-10,2024-07-01,2000,,CC300,600200,3201.62,D,SA,Payroll/AP
4900002357,2024-07-25,2024-07-01,2000,,CC300,650000,8403.62,D,SA,Payroll/AP
4900002358,2024-07-24,2024-07-01,2000,,CC300,630000,2325.25,D,SA,Payroll/AP
4900002359,2024-07-26,2024-07-01,2000,,CC300,640000,1537.32,D,SA,Payroll/AP
4900002360,2024-07-15,2024-07-01,2000,,CC300,660000,1541.32,D,SA,Payroll/AP
4900002361,2024-07-08,2024-07-01,3000,,CC300,600000,20221.37,D,SA,Payroll/AP
4900002362,2024-07-18,2024-07-01,3000,,CC300,600100,4170.0,D,SA,Payroll/AP
4900002363,2024-07-08,2024-07-01,3000,,CC300,600200,1683.78,D,SA,Payroll/AP
4900002364,2024-07-10,2024-07-01,3000,,CC300,650000,4469.75,D,SA,Payroll/AP
4900002365,2024-07-26,2024-07-01,3000,,CC300,630000,916.78,D,SA,Payroll/AP
4900002366,2024-07-26,2024-07-01,3000,,CC300,640000,689.86,D,SA,Payroll/AP
4900002367,2024-07-16,2024-07-01,3000,,CC300,660000,814.15,D,SA,Payroll/AP
4900002368,2024-07-27,2024-07-01,1000,,CC400,600000,119036.32,D,SA,Payroll/AP
4900002369,2024-07-07,2024-07-01,1000,,CC400,600100,24418.49,D,SA,Payroll/AP
4900002370,2024-07-12,2024-07-01,1000,,CC400,600200,9011.32,D,SA,Payroll/AP
4900002371,2024-07-22,2024-07-01,1000,,CC400,630000,7453.23,D,SA,Payroll/AP
4900002372,2024-07-19,2024-07-01,1000,,CC400,620000,3118.16,D,SA,Payroll/AP
4900002373,2024-07-15,2024-07-01,1000,,CC400,640000,4567.65,D,SA,Payroll/AP
4900002374,2024-07-15,2024-07-01,2000,,CC400,600000,61028.45,D,SA,Payroll/AP
4900002375,2024-07-25,2024-07-01,2000,,CC400,600100,13039.91,D,SA,Payroll/AP
4900002376,2024-07-10,2024-07-01,2000,,CC400,600200,4828.89,D,SA,Payroll/AP
4900002377,2024-07-25,2024-07-01,2000,,CC400,630000,4165.51,D,SA,Payroll/AP
4900002378,2024-07-13,2024-07-01,2000,,CC400,620000,2126.36,D,SA,Payroll/AP
4900002379,2024-07-17,2024-07-01,2000,,CC400,640000,2546.54,D,SA,Payroll/AP
4900002380,2024-07-17,2024-07-01,3000,,CC400,600000,31731.31,D,SA,Payroll/AP
4900002381,2024-07-14,2024-07-01,3000,,CC400,600100,6670.82,D,SA,Payroll/AP
4900002382,2024-07-06,2024-07-01,3000,,CC400,600200,2479.98,D,SA,Payroll/AP
4900002383,2024-07-27,2024-07-01,3000,,CC400,630000,2132.88,D,SA,Payroll/AP
4900002384,2024-07-07,2024-07-01,3000,,CC400,620000,868.44,D,SA,Payroll/AP
4900002385,2024-07-26,2024-07-01,3000,,CC400,640000,1480.71,D,SA,Payroll/AP
4900002386,2024-07-20,2024-07-01,1000,,CC500,600000,72848.28,D,SA,Payroll/AP
4900002387,2024-07-05,2024-07-01,1000,,CC500,600100,15433.87,D,SA,Payroll/AP
4900002388,2024-07-28,2024-07-01,1000,,CC500,600200,5627.16,D,SA,Payroll/AP
4900002389,2024-07-09,2024-07-01,1000,,CC500,500000,353026.75,D,SA,Payroll/AP
4900002390,2024-07-02,2024-07-01,1000,,CC500,500100,130166.78,D,SA,Payroll/AP
4900002391,2024-07-21,2024-07-01,2000,,CC500,600000,40240.93,D,SA,Payroll/AP
4900002392,2024-07-16,2024-07-01,2000,,CC500,600100,8274.91,D,SA,Payroll/AP
4900002393,2024-07-28,2024-07-01,2000,,CC500,600200,3182.43,D,SA,Payroll/AP
4900002394,2024-07-12,2024-07-01,2000,,CC500,500000,198812.19,D,SA,Payroll/AP
4900002395,2024-07-18,2024-07-01,2000,,CC500,500100,68316.5,D,SA,Payroll/AP
4900002396,2024-07-04,2024-07-01,3000,,CC500,600000,20726.66,D,SA,Payroll/AP
4900002397,2024-07-23,2024-07-01,3000,,CC500,600100,4186.68,D,SA,Payroll/AP
4900002398,2024-07-28,2024-07-01,3000,,CC500,600200,1552.52,D,SA,Payroll/AP
4900002399,2024-07-17,2024-07-01,3000,,CC500,500000,90886.02,D,SA,Payroll/AP
4900002400,2024-07-28,2024-07-01,3000,,CC500,500100,38586.98,D,SA,Payroll/AP
4900002401,2024-08-04,2024-08-01,1000,,CC100,600000,225590.71,D,SA,Payroll/AP
4900002402,2024-08-10,2024-08-01,1000,,CC100,600100,44515.21,D,SA,Payroll/AP
4900002403,2024-08-03,2024-08-01,1000,,CC100,600200,16093.9,D,SA,Payroll/AP
4900002404,2024-08-25,2024-08-01,1000,,CC100,610000,91088.66,D,SA,Payroll/AP
4900002405,2024-08-06,2024-08-01,1000,,CC100,620000,15200.23,D,SA,Payroll/AP
4900002406,2024-08-09,2024-08-01,1000,,CC100,630000,13337.5,D,SA,Payroll/AP
4900002407,2024-08-15,2024-08-01,1000,,CC100,640000,6962.55,D,SA,Payroll/AP
4900002408,2024-08-17,2024-08-01,2000,,CC100,600000,112800.99,D,SA,Payroll/AP
4900002409,2024-08-05,2024-08-01,2000,,CC100,600100,24942.29,D,SA,Payroll/AP
4900002410,2024-08-27,2024-08-01,2000,,CC100,600200,9086.24,D,SA,Payroll/AP
4900002411,2024-08-14,2024-08-01,2000,,CC100,610000,48026.62,D,SA,Payroll/AP
4900002412,2024-08-03,2024-08-01,2000,,CC100,620000,7915.01,D,SA,Payroll/AP
4900002413,2024-08-08,2024-08-01,2000,,CC100,630000,4426.4,D,SA,Payroll/AP
4900002414,2024-08-27,2024-08-01,2000,,CC100,640000,4509.52,D,SA,Payroll/AP
4900002415,2024-08-15,2024-08-01,3000,,CC100,600000,58988.15,D,SA,Payroll/AP
4900002416,2024-08-12,2024-08-01,3000,,CC100,600100,12243.53,D,SA,Payroll/AP
4900002417,2024-08-01,2024-08-01,3000,,CC100,600200,4416.58,D,SA,Payroll/AP
4900002418,2024-08-14,2024-08-01,3000,,CC100,610000,26521.96,D,SA,Payroll/AP
4900002419,2024-08-02,2024-08-01,3000,,CC100,620000,3409.01,D,SA,Payroll/AP
4900002420,2024-08-13,2024-08-01,3000,,CC100,630000,3082.08,D,SA,Payroll/AP
4900002421,2024-08-17,2024-08-01,3000,,CC100,640000,2052.19,D,SA,Payroll/AP
4900002422,2024-08-12,2024-08-01,1000,,CC200,600000,409240.84,D,SA,Payroll/AP
4900002423,2024-08-08,2024-08-01,1000,,CC200,600100,82951.98,D,SA,Payroll/AP
4900002424,2024-08-13,2024-08-01,1000,,CC200,600200,32152.45,D,SA,Payroll/AP
4900002425,2024-08-03,2024-08-01,1000,,CC200,630000,40207.73,D,SA,Payroll/AP
4900002426,2024-08-12,2024-08-01,1000,,CC200,640000,15497.23,D,SA,Payroll/AP
4900002427,2024-08-08,2024-08-01,1000,,CC200,620000,7965.12,D,SA,Payroll/AP
4900002428,2024-08-01,2024-08-01,1000,,CC200,660000,14720.13,D,SA,Payroll/AP
4900002429,2024-08-11,2024-08-01,2000,,CC200,600000,224084.1,D,SA,Payroll/AP
4900002430,2024-08-04,2024-08-01,2000,,CC200,600100,46196.7,D,SA,Payroll/AP
4900002431,2024-08-27,2024-08-01,2000,,CC200,600200,18250.13,D,SA,Payroll/AP
4900002432,2024-08-23,2024-08-01,2000,,CC200,630000,17981.71,D,SA,Payroll/AP
4900002433,2024-08-21,2024-08-01,2000,,CC200,640000,9940.11,D,SA,Payroll/AP
4900002434,2024-08-11,2024-08-01,2000,,CC200,620000,4767.46,D,SA,Payroll/AP
4900002435,2024-08-26,2024-08-01,2000,,CC200,660000,8792.25,D,SA,Payroll/AP
4900002436,2024-08-05,2024-08-01,3000,,CC200,600000,116682.18,D,SA,Payroll/AP
4900002437,2024-08-05,2024-08-01,3000,,CC200,600100,23293.64,D,SA,Payroll/AP
4900002438,2024-08-02,2024-08-01,3000,,CC200,600200,8738.07,D,SA,Payroll/AP
4900002439,2024-08-10,2024-08-01,3000,,CC200,630000,10061.95,D,SA,Payroll/AP
4900002440,2024-08-27,2024-08-01,3000,,CC200,640000,4865.75,D,SA,Payroll/AP
4900002441,2024-08-16,2024-08-01,3000,,CC200,620000,2405.32,D,SA,Payroll/AP
4900002442,2024-08-23,2024-08-01,3000,,CC200,660000,4199.67,D,SA,Payroll/AP
4900002443,2024-08-27,2024-08-01,1000,,CC300,600000,74418.7,D,SA,Payroll/AP
4900002444,2024-08-05,2024-08-01,1000,,CC300,600100,15615.42,D,SA,Payroll/AP
4900002445,2024-08-25,2024-08-01,1000,,CC300,600200,5785.57,D,SA,Payroll/AP
4900002446,2024-08-23,2024-08-01,1000,,CC300,650000,14605.75,D,SA,Payroll/AP
4900002447,2024-08-16,2024-08-01,1000,,CC300,630000,4404.81,D,SA,Payroll/AP
4900002448,2024-08-15,2024-08-01,1000,,CC300,640000,2805.39,D,SA,Payroll/AP
4900002449,2024-08-20,2024-08-01,1000,,CC300,660000,2933.53,D,SA,Payroll/AP
4900002450,2024-08-01,2024-08-01,2000,,CC300,600000,42195.56,D,SA,Payroll/AP
4900002451,2024-08-03,2024-08-01,2000,,CC300,600100,8792.17,D,SA,Payroll/AP
4900002452,2024-08-01,2024-08-01,2000,,CC300,600200,3096.36,D,SA,Payroll/AP
4900002453,2024-08-09,2024-08-01,2000,,CC300,650000,7613.39,D,SA,Payroll/AP
4900002454,2024-08-07,2024-08-01,2000,,CC300,630000,2207.03,D,SA,Payroll/AP
4900002455,2024-08-27,2024-08-01,2000,,CC300,640000,1815.56,D,SA,Payroll/AP
4900002456,2024-08-05,2024-08-01,2000,,CC300,660000,1581.16,D,SA,Payroll/AP
4900002457,2024-08-18,2024-08-01,3000,,CC300,600000,19938.65,D,SA,Payroll/AP
4900002458,2024-08-24,2024-08-01,3000,,CC300,600100,4302.14,D,SA,Payroll/AP
4900002459,2024-08-20,2024-08-01,3000,,CC300,600200,1573.3,D,SA,Payroll/AP
4900002460,2024-08-17,2024-08-01,3000,,CC300,650000,3509.93,D,SA,Payroll/AP
4900002461,2024-08-14,2024-08-01,3000,,CC300,630000,996.04,D,SA,Payroll/AP
4900002462,2024-08-04,2024-08-01,3000,,CC300,640000,782.07,D,SA,Payroll/AP
4900002463,2024-08-25,2024-08-01,3000,,CC300,660000,772.68,D,SA,Payroll/AP
4900002464,2024-08-10,2024-08-01,1000,,CC400,600000,112805.02,D,SA,Payroll/AP
4900002465,2024-08-08,2024-08-01,1000,,CC400,600100,24641.62,D,SA,Payroll/AP
4900002466,2024-08-10,2024-08-01,1000,,CC400,600200,9309.2,D,SA,Payroll/AP
4900002467,2024-08-04,2024-08-01,1000,,CC400,630000,8057.65,D,SA,Payroll/AP
4900002468,2024-08-02,2024-08-01,1000,,CC400,620000,2681.66,D,SA,Payroll/AP
4900002469,2024-08-08,2024-08-01,1000,,CC400,640000,4447.42,D,SA,Payroll/AP
4900002470,2024-08-14,2024-08-01,2000,,CC400,600000,64664.05,D,SA,Payroll/AP
4900002471,2024-08-21,2024-08-01,2000,,CC400,600100,13425.03,D,SA,Payroll/AP
4900002472,2024-08-26,2024-08-01,2000,,CC400,600200,5041.3,D,SA,Payroll/AP
4900002473,2024-08-20,2024-08-01,2000,,CC400,630000,3841.31,D,SA,Payroll/AP
4900002474,2024-08-15,2024-08-01,2000,,CC400,620000,1671.87,D,SA,Payroll/AP
4900002475,2024-08-03,2024-08-01,2000,,CC400,640000,2601.15,D,SA,Payroll/AP
4900002476,2024-08-04,2024-08-01,3000,,CC400,600000,32934.69,D,SA,Payroll/AP
4900002477,2024-08-27,2024-08-01,3000,,CC400,600100,6657.19,D,SA,Payroll/AP
4900002478,2024-08-16,2024-08-01,3000,,CC400,600200,2500.61,D,SA,Payroll/AP
4900002479,2024-08-20,2024-08-01,3000,,CC400,630000,2068.66,D,SA,Payroll/AP
4900002480,2024-08-18,2024-08-01,3000,,CC400,620000,936.33,D,SA,Payroll/AP
4900002481,2024-08-01,2024-08-01,3000,,CC400,640000,1281.32,D,SA,Payroll/AP
4900002482,2024-08-21,2024-08-01,1000,,CC500,600000,75045.55,D,SA,Payroll/AP
4900002483,2024-08-17,2024-08-01,1000,,CC500,600100,16103.36,D,SA,Payroll/AP
4900002484,2024-08-19,2024-08-01,1000,,CC500,600200,5955.88,D,SA,Payroll/AP
4900002485,2024-08-08,2024-08-01,1000,,CC500,500000,327463.15,D,SA,Payroll/AP
4900002486,2024-08-23,2024-08-01,1000,,CC500,500100,139806.11,D,SA,Payroll/AP
4900002487,2024-08-05,2024-08-01,2000,,CC500,600000,41746.49,D,SA,Payroll/AP
4900002488,2024-08-10,2024-08-01,2000,,CC500,600100,8591.75,D,SA,Payroll/AP
4900002489,2024-08-14,2024-08-01,2000,,CC500,600200,3204.93,D,SA,Payroll/AP
4900002490,2024-08-01,2024-08-01,2000,,CC500,500000,192016.62,D,SA,Payroll/AP
4900002491,2024-08-20,2024-08-01,2000,,CC500,500100,93375.41,D,SA,Payroll/AP
4900002492,2024-08-12,2024-08-01,3000,,CC500,600000,21194.86,D,SA,Payroll/AP
4900002493,2024-08-08,2024-08-01,3000,,CC500,600100,4272.67,D,SA,Payroll/AP
4900002494,2024-08-19,2024-08-01,3000,,CC500,600200,1626.22,D,SA,Payroll/AP
4900002495,2024-08-14,2024-08-01,3000,,CC500,500000,83495.92,D,SA,Payroll/AP
4900002496,2024-08-06,2024-08-01,3000,,CC500,500100,41492.06,D,SA,Payroll/AP
4900002497,2024-09-22,2024-09-01,1000,,CC100,600000,225932.09,D,SA,Payroll/AP
4900002498,2024-09-22,2024-09-01,1000,,CC100,600100,44531.51,D,SA,Payroll/AP
4900002499,2024-09-03,2024-09-01,1000,,CC100,600200,16488.12,D,SA,Payroll/AP
4900002500,2024-09-17,2024-09-01,1000,,CC100,610000,91459.36,D,SA,Payroll/AP
4900002501,2024-09-12,2024-09-01,1000,,CC100,620000,12454.07,D,SA,Payroll/AP
4900002502,2024-09-03,2024-09-01,1000,,CC100,630000,10304.15,D,SA,Payroll/AP
4900002503,2024-09-17,2024-09-01,1000,,CC100,640000,8075.51,D,SA,Payroll/AP
4900002504,2024-09-18,2024-09-01,2000,,CC100,600000,115730.83,D,SA,Payroll/AP
4900002505,2024-09-17,2024-09-01,2000,,CC100,600100,24433.94,D,SA,Payroll/AP
4900002506,2024-09-26,2024-09-01,2000,,CC100,600200,9325.16,D,SA,Payroll/AP
4900002507,2024-09-17,2024-09-01,2000,,CC100,610000,48582.19,D,SA,Payroll/AP
4900002508,2024-09-18,2024-09-01,2000,,CC100,620000,8792.93,D,SA,Payroll/AP
4900002509,2024-09-01,2024-09-01,2000,,CC100,630000,6418.5,D,SA,Payroll/AP
4900002510,2024-09-13,2024-09-01,2000,,CC100,640000,5051.93,D,SA,Payroll/AP
4900002511,2024-09-28,2024-09-01,3000,,CC100,600000,58755.8,D,SA,Payroll/AP
4900002512,2024-09-16,2024-09-01,3000,,CC100,600100,12421.89,D,SA,Payroll/AP
4900002513,2024-09-02,2024-09-01,3000,,CC100,600200,4479.91,D,SA,Payroll/AP
4900002514,2024-09-21,2024-09-01,3000,,CC100,610000,29094.69,D,SA,Payroll/AP
4900002515,2024-09-13,2024-09-01,3000,,CC100,620000,3882.2,D,SA,Payroll/AP
4900002516,2024-09-12,2024-09-01,3000,,CC100,630000,3222.21,D,SA,Payroll/AP
4900002517,2024-09-09,2024-09-01,3000,,CC100,640000,2020.76,D,SA,Payroll/AP
4900002518,2024-09-24,2024-09-01,1000,,CC200,600000,410197.09,D,SA,Payroll/AP
4900002519,2024-09-01,2024-09-01,1000,,CC200,600100,86700.1,D,SA,Payroll/AP
4900002520,2024-09-12,2024-09-01,1000,,CC200,600200,31519.39,D,SA,Payroll/AP
4900002521,2024-09-26,2024-09-01,1000,,CC200,630000,39219.83,D,SA,Payroll/AP
4900002522,2024-09-03,2024-09-01,1000,,CC200,640000,13868.16,D,SA,Payroll/AP
4900002523,2024-09-12,2024-09-01,1000,,CC200,620000,8713.46,D,SA,Payroll/AP
4900002524,2024-09-08,2024-09-01,1000,,CC200,660000,15074.4,D,SA,Payroll/AP
4900002525,2024-09-24,2024-09-01,2000,,CC200,600000,230529.25,D,SA,Payroll/AP
4900002526,2024-09-22,2024-09-01,2000,,CC200,600100,47356.65,D,SA,Payroll/AP
4900002527,2024-09-21,2024-09-01,2000,,CC200,600200,17294.86,D,SA,Payroll/AP
4900002528,2024-09-04,2024-09-01,2000,,CC200,630000,21653.46,D,SA,Payroll/AP
4900002529,2024-09-25,2024-09-01,2000,,CC200,640000,8998.04,D,SA,Payroll/AP
4900002530,2024-09-19,2024-09-01,2000,,CC200,620000,4148.55,D,SA,Payroll/AP
4900002531,2024-09-24,2024-09-01,2000,,CC200,660000,8327.41,D,SA,Payroll/AP
4900002532,2024-09-25,2024-09-01,3000,,CC200,600000,109530.32,D,SA,Payroll/AP
4900002533,2024-09-11,2024-09-01,3000,,CC200,600100,23549.24,D,SA,Payroll/AP
4900002534,2024-09-05,2024-09-01,3000,,CC200,600200,8495.18,D,SA,Payroll/AP
4900002535,2024-09-02,2024-09-01,3000,,CC200,630000,10328.8,D,SA,Payroll/AP
4900002536,2024-09-12,2024-09-01,3000,,CC200,640000,4269.3,D,SA,Payroll/AP
4900002537,2024-09-18,2024-09-01,3000,,CC200,620000,2341.31,D,SA,Payroll/AP
4900002538,2024-09-11,2024-09-01,3000,,CC200,660000,4318.6,D,SA,Payroll/AP
4900002539,2024-09-27,2024-09-01,1000,,CC300,600000,76812.32,D,SA,Payroll/AP
4900002540,2024-09-21,2024-09-01,1000,,CC300,600100,16093.04,D,SA,Payroll/AP
4900002541,2024-09-06,2024-09-01,1000,,CC300,600200,5987.69,D,SA,Payroll/AP
4900002542,2024-09-27,2024-09-01,1000,,CC300,650000,15339.69,D,SA,Payroll/AP
4900002543,2024-09-25,2024-09-01,1000,,CC300,630000,4151.29,D,SA,Payroll/AP
4900002544,2024-09-22,2024-09-01,1000,,CC300,640000,2517.25,D,SA,Payroll/AP
4900002545,2024-09-15,2024-09-01,1000,,CC300,660000,3086.45,D,SA,Payroll/AP
4900002546,2024-09-23,2024-09-01,2000,,CC300,600000,42758.03,D,SA,Payroll/AP
4900002547,2024-09-16,2024-09-01,2000,,CC300,600100,8488.55,D,SA,Payroll/AP
4900002548,2024-09-21,2024-09-01,2000,,CC300,600200,3233.42,D,SA,Payroll/AP
4900002549,2024-09-06,2024-09-01,2000,,CC300,650000,8091.26,D,SA,Payroll/AP
4900002550,2024-09-26,2024-09-01,2000,,CC300,630000,2137.05,D,SA,Payroll/AP
4900002551,2024-09-05,2024-09-01,2000,,CC300,640000,1678.88,D,SA,Payroll/AP
4900002552,2024-09-03,2024-09-01,2000,,CC300,660000,1740.91,D,SA,Payroll/AP
4900002553,2024-09-23,2024-09-01,3000,,CC300,600000,21942.96,D,SA,Payroll/AP
4900002554,2024-09-25,2024-09-01,3000,,CC300,600100,4290.17,D,SA,Payroll/AP
4900002555,2024-09-15,2024-09-01,3000,,CC300,600200,1672.73,D,SA,Payroll/AP
4900002556,2024-09-02,2024-09-01,3000,,CC300,650000,4679.35,D,SA,Payroll/AP
4900002557,2024-09-10,2024-09-01,3000,,CC300,630000,1144.06,D,SA,Payroll/AP
4900002558,2024-09-07,2024-09-01,3000,,CC300,640000,916.21,D,SA,Payroll/AP
4900002559,2024-09-02,2024-09-01,3000,,CC300,660000,909.2,D,SA,Payroll/AP
4900002560,2024-09-26,2024-09-01,1000,,CC400,600000,123422.84,D,SA,Payroll/AP
4900002561,2024-09-07,2024-09-01,1000,,CC400,600100,24933.25,D,SA,Payroll/AP
4900002562,2024-09-02,2024-09-01,1000,,CC400,600200,9498.04,D,SA,Payroll/AP
4900002563,2024-09-11,2024-09-01,1000,,CC400,630000,7865.32,D,SA,Payroll/AP
4900002564,2024-09-10,2024-09-01,1000,,CC400,620000,3108.61,D,SA,Payroll/AP
4900002565,2024-09-17,2024-09-01,1000,,CC400,640000,4488.32,D,SA,Payroll/AP
4900002566,2024-09-13,2024-09-01,2000,,CC400,600000,68221.58,D,SA,Payroll/AP
4900002567,2024-09-27,2024-09-01,2000,,CC400,600100,13347.74,D,SA,Payroll/AP
4900002568,2024-09-18,2024-09-01,2000,,CC400,600200,5244.65,D,SA,Payroll/AP
4900002569,2024-09-16,2024-09-01,2000,,CC400,630000,4452.55,D,SA,Payroll/AP
4900002570,2024-09-09,2024-09-01,2000,,CC400,620000,1458.88,D,SA,Payroll/AP
4900002571,2024-09-02,2024-09-01,2000,,CC400,640000,2637.89,D,SA,Payroll/AP
4900002572,2024-09-25,2024-09-01,3000,,CC400,600000,31367.24,D,SA,Payroll/AP
4900002573,2024-09-21,2024-09-01,3000,,CC400,600100,6800.42,D,SA,Payroll/AP
4900002574,2024-09-07,2024-09-01,3000,,CC400,600200,2563.24,D,SA,Payroll/AP
4900002575,2024-09-10,2024-09-01,3000,,CC400,630000,1974.55,D,SA,Payroll/AP
4900002576,2024-09-12,2024-09-01,3000,,CC400,620000,849.92,D,SA,Payroll/AP
4900002577,2024-09-28,2024-09-01,3000,,CC400,640000,1505.42,D,SA,Payroll/AP
4900002578,2024-09-25,2024-09-01,1000,,CC500,600000,76580.18,D,SA,Payroll/AP
4900002579,2024-09-02,2024-09-01,1000,,CC500,600100,15533.19,D,SA,Payroll/AP
4900002580,2024-09-28,2024-09-01,1000,,CC500,600200,6127.32,D,SA,Payroll/AP
4900002581,2024-09-21,2024-09-01,1000,,CC500,500000,415269.64,D,SA,Payroll/AP
4900002582,2024-09-11,2024-09-01,1000,,CC500,500100,148829.41,D,SA,Payroll/AP
4900002583,2024-09-09,2024-09-01,2000,,CC500,600000,42434.24,D,SA,Payroll/AP
4900002584,2024-09-04,2024-09-01,2000,,CC500,600100,8760.77,D,SA,Payroll/AP
4900002585,2024-09-26,2024-09-01,2000,,CC500,600200,3151.94,D,SA,Payroll/AP
4900002586,2024-09-12,2024-09-01,2000,,CC500,500000,177577.1,D,SA,Payroll/AP
4900002587,2024-09-14,2024-09-01,2000,,CC500,500100,89831.55,D,SA,Payroll/AP
4900002588,2024-09-13,2024-09-01,3000,,CC500,600000,21497.27,D,SA,Payroll/AP
4900002589,2024-09-24,2024-09-01,3000,,CC500,600100,4313.96,D,SA,Payroll/AP
4900002590,2024-09-15,2024-09-01,3000,,CC500,600200,1571.58,D,SA,Payroll/AP
4900002591,2024-09-13,2024-09-01,3000,,CC500,500000,111860.01,D,SA,Payroll/AP
4900002592,2024-09-11,2024-09-01,3000,,CC500,500100,37869.61,D,SA,Payroll/AP
4900002593,2024-10-06,2024-10-01,1000,,CC100,600000,219465.16,D,SA,Payroll/AP
4900002594,2024-10-16,2024-10-01,1000,,CC100,600100,45632.59,D,SA,Payroll/AP
4900002595,2024-10-23,2024-10-01,1000,,CC100,600200,17524.14,D,SA,Payroll/AP
4900002596,2024-10-16,2024-10-01,1000,,CC100,610000,107609.02,D,SA,Payroll/AP
4900002597,2024-10-12,2024-10-01,1000,,CC100,620000,14750.8,D,SA,Payroll/AP
4900002598,2024-10-26,2024-10-01,1000,,CC100,630000,11855.5,D,SA,Payroll/AP
4900002599,2024-10-17,2024-10-01,1000,,CC100,640000,8534.91,D,SA,Payroll/AP
4900002600,2024-10-09,2024-10-01,2000,,CC100,600000,121490.73,D,SA,Payroll/AP
4900002601,2024-10-26,2024-10-01,2000,,CC100,600100,23399.18,D,SA,Payroll/AP
4900002602,2024-10-03,2024-10-01,2000,,CC100,600200,9187.44,D,SA,Payroll/AP
4900002603,2024-10-24,2024-10-01,2000,,CC100,610000,55214.29,D,SA,Payroll/AP
4900002604,2024-10-14,2024-10-01,2000,,CC100,620000,6815.39,D,SA,Payroll/AP
4900002605,2024-10-03,2024-10-01,2000,,CC100,630000,6399.55,D,SA,Payroll/AP
4900002606,2024-10-14,2024-10-01,2000,,CC100,640000,4526.65,D,SA,Payroll/AP
4900002607,2024-10-20,2024-10-01,3000,,CC100,600000,62601.3,D,SA,Payroll/AP
4900002608,2024-10-27,2024-10-01,3000,,CC100,600100,12796.02,D,SA,Payroll/AP
4900002609,2024-10-06,2024-10-01,3000,,CC100,600200,4608.81,D,SA,Payroll/AP
4900002610,2024-10-18,2024-10-01,3000,,CC100,610000,26728.21,D,SA,Payroll/AP
4900002611,2024-10-10,2024-10-01,3000,,CC100,620000,3848.12,D,SA,Payroll/AP
4900002612,2024-10-11,2024-10-01,3000,,CC100,630000,2961.35,D,SA,Payroll/AP
4900002613,2024-10-04,2024-10-01,3000,,CC100,640000,2371.44,D,SA,Payroll/AP
4900002614,2024-10-03,2024-10-01,1000,,CC200,600000,416346.56,D,SA,Payroll/AP
4900002615,2024-10-11,2024-10-01,1000,,CC200,600100,84758.65,D,SA,Payroll/AP
4900002616,2024-10-22,2024-10-01,1000,,CC200,600200,32924.85,D,SA,Payroll/AP
4900002617,2024-10-10,2024-10-01,1000,,CC200,630000,40328.24,D,SA,Payroll/AP
4900002618,2024-10-10,2024-10-01,1000,,CC200,640000,14952.11,D,SA,Payroll/AP
4900002619,2024-10-15,2024-10-01,1000,,CC200,620000,8857.88,D,SA,Payroll/AP
4900002620,2024-10-20,2024-10-01,1000,,CC200,660000,15746.45,D,SA,Payroll/AP
4900002621,2024-10-23,2024-10-01,2000,,CC200,600000,231762.82,D,SA,Payroll/AP
4900002622,2024-10-14,2024-10-01,2000,,CC200,600100,48077.66,D,SA,Payroll/AP
4900002623,2024-10-06,2024-10-01,2000,,CC200,600200,17726.17,D,SA,Payroll/AP
4900002624,2024-10-23,2024-10-01,2000,,CC200,630000,21635.51,D,SA,Payroll/AP
4900002625,2024-10-15,2024-10-01,2000,,CC200,640000,8411.02,D,SA,Payroll/AP
4900002626,2024-10-12,2024-10-01,2000,,CC200,620000,4347.4,D,SA,Payroll/AP
4900002627,2024-10-15,2024-10-01,2000,,CC200,660000,8777.76,D,SA,Payroll/AP
4900002628,2024-10-02,2024-10-01,3000,,CC200,600000,113576.05,D,SA,Payroll/AP
4900002629,2024-10-24,2024-10-01,3000,,CC200,600100,23567.18,D,SA,Payroll/AP
4900002630,2024-10-28,2024-10-01,3000,,CC200,600200,8594.35,D,SA,Payroll/AP
4900002631,2024-10-12,2024-10-01,3000,,CC200,630000,9839.01,D,SA,Payroll/AP
4900002632,2024-10-20,2024-10-01,3000,,CC200,640000,4308.2,D,SA,Payroll/AP
4900002633,2024-10-14,2024-10-01,3000,,CC200,620000,2160.46,D,SA,Payroll/AP
4900002634,2024-10-09,2024-10-01,3000,,CC200,660000,4380.98,D,SA,Payroll/AP
4900002635,2024-10-21,2024-10-01,1000,,CC300,600000,77398.05,D,SA,Payroll/AP
4900002636,2024-10-26,2024-10-01,1000,,CC300,600100,16048.59,D,SA,Payroll/AP
4900002637,2024-10-02,2024-10-01,1000,,CC300,600200,6065.32,D,SA,Payroll/AP
4900002638,2024-10-03,2024-10-01,1000,,CC300,650000,13934.33,D,SA,Payroll/AP
4900002639,2024-10-22,2024-10-01,1000,,CC300,630000,3495.88,D,SA,Payroll/AP
4900002640,2024-10-21,2024-10-01,1000,,CC300,640000,2669.95,D,SA,Payroll/AP
4900002641,2024-10-13,2024-10-01,1000,,CC300,660000,2907.92,D,SA,Payroll/AP
4900002642,2024-10-12,2024-10-01,2000,,CC300,600000,42036.6,D,SA,Payroll/AP
4900002643,2024-10-17,2024-10-01,2000,,CC300,600100,8550.28,D,SA,Payroll/AP
4900002644,2024-10-26,2024-10-01,2000,,CC300,600200,3172.09,D,SA,Payroll/AP
4900002645,2024-10-24,2024-10-01,2000,,CC300,650000,7769.92,D,SA,Payroll/AP
4900002646,2024-10-22,2024-10-01,2000,,CC300,630000,2210.39,D,SA,Payroll/AP
4900002647,2024-10-06,2024-10-01,2000,,CC300,640000,1725.14,D,SA,Payroll/AP
4900002648,2024-10-01,2024-10-01,2000,,CC300,660000,1582.87,D,SA,Payroll/AP
4900002649,2024-10-05,2024-10-01,3000,,CC300,600000,20636.64,D,SA,Payroll/AP
4900002650,2024-10-28,2024-10-01,3000,,CC300,600100,4189.3,D,SA,Payroll/AP
4900002651,2024-10-20,2024-10-01,3000,,CC300,600200,1599.65,D,SA,Payroll/AP
4900002652,2024-10-22,2024-10-01,3000,,CC300,650000,3662.13,D,SA,Payroll/AP
4900002653,2024-10-26,2024-10-01,3000,,CC300,630000,1128.26,D,SA,Payroll/AP
4900002654,2024-10-15,2024-10-01,3000,,CC300,640000,657.4,D,SA,Payroll/AP
4900002655,2024-10-02,2024-10-01,3000,,CC300,660000,785.94,D,SA,Payroll/AP
4900002656,2024-10-05,2024-10-01,1000,,CC400,600000,123966.75,D,SA,Payroll/AP
4900002657,2024-10-03,2024-10-01,1000,,CC400,600100,25369.79,D,SA,Payroll/AP
4900002658,2024-10-08,2024-10-01,1000,,CC400,600200,9989.36,D,SA,Payroll/AP
4900002659,2024-10-25,2024-10-01,1000,,CC400,630000,8175.33,D,SA,Payroll/AP
4900002660,2024-10-21,2024-10-01,1000,,CC400,620000,2842.37,D,SA,Payroll/AP
4900002661,2024-10-12,2024-10-01,1000,,CC400,640000,4694.17,D,SA,Payroll/AP
4900002662,2024-10-12,2024-10-01,2000,,CC400,600000,65236.74,D,SA,Payroll/AP
4900002663,2024-10-13,2024-10-01,2000,,CC400,600100,13852.43,D,SA,Payroll/AP
4900002664,2024-10-19,2024-10-01,2000,,CC400,600200,5116.36,D,SA,Payroll/AP
4900002665,2024-10-02,2024-10-01,2000,,CC400,630000,4732.78,D,SA,Payroll/AP
4900002666,2024-10-20,2024-10-01,2000,,CC400,620000,1639.04,D,SA,Payroll/AP
4900002667,2024-10-05,2024-10-01,2000,,CC400,640000,2571.15,D,SA,Payroll/AP
4900002668,2024-10-22,2024-10-01,3000,,CC400,600000,33059.33,D,SA,Payroll/AP
4900002669,2024-10-15,2024-10-01,3000,,CC400,600100,7107.58,D,SA,Payroll/AP
4900002670,2024-10-12,2024-10-01,3000,,CC400,600200,2559.22,D,SA,Payroll/AP
4900002671,2024-10-12,2024-10-01,3000,,CC400,630000,2539.83,D,SA,Payroll/AP
4900002672,2024-10-15,2024-10-01,3000,,CC400,620000,928.49,D,SA,Payroll/AP
4900002673,2024-10-25,2024-10-01,3000,,CC400,640000,1349.97,D,SA,Payroll/AP
4900002674,2024-10-03,2024-10-01,1000,,CC500,600000,78106.57,D,SA,Payroll/AP
4900002675,2024-10-19,2024-10-01,1000,,CC500,600100,16029.83,D,SA,Payroll/AP
4900002676,2024-10-05,2024-10-01,1000,,CC500,600200,5734.27,D,SA,Payroll/AP
4900002677,2024-10-17,2024-10-01,1000,,CC500,500000,338209.78,D,SA,Payroll/AP
4900002678,2024-10-12,2024-10-01,1000,,CC500,500100,161707.11,D,SA,Payroll/AP
4900002679,2024-10-13,2024-10-01,2000,,CC500,600000,42477.49,D,SA,Payroll/AP
4900002680,2024-10-11,2024-10-01,2000,,CC500,600100,8476.74,D,SA,Payroll/AP
4900002681,2024-10-21,2024-10-01,2000,,CC500,600200,3267.27,D,SA,Payroll/AP
4900002682,2024-10-09,2024-10-01,2000,,CC500,500000,223303.47,D,SA,Payroll/AP
4900002683,2024-10-08,2024-10-01,2000,,CC500,500100,91962.97,D,SA,Payroll/AP
4900002684,2024-10-04,2024-10-01,3000,,CC500,600000,20816.84,D,SA,Payroll/AP
4900002685,2024-10-01,2024-10-01,3000,,CC500,600100,4356.78,D,SA,Payroll/AP
4900002686,2024-10-24,2024-10-01,3000,,CC500,600200,1591.53,D,SA,Payroll/AP
4900002687,2024-10-06,2024-10-01,3000,,CC500,500000,77589.43,D,SA,Payroll/AP
4900002688,2024-10-16,2024-10-01,3000,,CC500,500100,36376.63,D,SA,Payroll/AP
4900002689,2024-11-17,2024-11-01,1000,,CC100,600000,230858.36,D,SA,Payroll/AP
4900002690,2024-11-13,2024-11-01,1000,,CC100,600100,45668.56,D,SA,Payroll/AP
4900002691,2024-11-18,2024-11-01,1000,,CC100,600200,17136.25,D,SA,Payroll/AP
4900002692,2024-11-04,2024-11-01,1000,,CC100,610000,97438.55,D,SA,Payroll/AP
4900002693,2024-11-09,2024-11-01,1000,,CC100,620000,17082.51,D,SA,Payroll/AP
4900002694,2024-11-25,2024-11-01,1000,,CC100,630000,13346.66,D,SA,Payroll/AP
4900002695,2024-11-09,2024-11-01,1000,,CC100,640000,10520.42,D,SA,Payroll/AP
4900002696,2024-11-23,2024-11-01,2000,,CC100,600000,121644.34,D,SA,Payroll/AP
4900002697,2024-11-15,2024-11-01,2000,,CC100,600100,25180.31,D,SA,Payroll/AP
4900002698,2024-11-07,2024-11-01,2000,,CC100,600200,9102.38,D,SA,Payroll/AP
4900002699,2024-11-20,2024-11-01,2000,,CC100,610000,62845.6,D,SA,Payroll/AP
4900002700,2024-11-10,2024-11-01,2000,,CC100,620000,6909.09,D,SA,Payroll/AP
4900002701,2024-11-23,2024-11-01,2000,,CC100,630000,6393.74,D,SA,Payroll/AP
4900002702,2024-11-16,2024-11-01,2000,,CC100,640000,4178.53,D,SA,Payroll/AP
4900002703,2024-11-07,2024-11-01,3000,,CC100,600000,59898.33,D,SA,Payroll/AP
4900002704,2024-11-04,2024-11-01,3000,,CC100,600100,12225.07,D,SA,Payroll/AP
4900002705,2024-11-05,2024-11-01,3000,,CC100,600200,4605.79,D,SA,Payroll/AP
4900002706,2024-11-28,2024-11-01,3000,,CC100,610000,25731.48,D,SA,Payroll/AP
4900002707,2024-11-03,2024-11-01,3000,,CC100,620000,3672.37,D,SA,Payroll/AP
4900002708,2024-11-15,2024-11-01,3000,,CC100,630000,3367.34,D,SA,Payroll/AP
4900002709,2024-11-06,2024-11-01,3000,,CC100,640000,2073.67,D,SA,Payroll/AP
4900002710,2024-11-23,2024-11-01,1000,,CC200,600000,429747.53,D,SA,Payroll/AP
4900002711,2024-11-15,2024-11-01,1000,,CC200,600100,89904.13,D,SA,Payroll/AP
4900002712,2024-11-03,2024-11-01,1000,,CC200,600200,32574.52,D,SA,Payroll/AP
4900002713,2024-11-26,2024-11-01,1000,,CC200,630000,35641.08,D,SA,Payroll/AP
4900002714,2024-11-22,2024-11-01,1000,,CC200,640000,16076.81,D,SA,Payroll/AP
4900002715,2024-11-28,2024-11-01,1000,,CC200,620000,9198.77,D,SA,Payroll/AP
4900002716,2024-11-11,2024-11-01,1000,,CC200,660000,16615.88,D,SA,Payroll/AP
4900002717,2024-11-22,2024-11-01,2000,,CC200,600000,230711.61,D,SA,Payroll/AP
4900002718,2024-11-12,2024-11-01,2000,,CC200,600100,48296.57,D,SA,Payroll/AP
4900002719,2024-11-23,2024-11-01,2000,,CC200,600200,17542.17,D,SA,Payroll/AP
4900002720,2024-11-03,2024-11-01,2000,,CC200,630000,22353.12,D,SA,Payroll/AP
4900002721,2024-11-18,2024-11-01,2000,,CC200,640000,9335.28,D,SA,Payroll/AP
4900002722,2024-11-18,2024-11-01,2000,,CC200,620000,4346.37,D,SA,Payroll/AP
4900002723,2024-11-10,2024-11-01,2000,,CC200,660000,8592.75,D,SA,Payroll/AP
4900002724,2024-11-10,2024-11-01,3000,,CC200,600000,114526.9,D,SA,Payroll/AP
4900002725,2024-11-28,2024-11-01,3000,,CC200,600100,24172.65,D,SA,Payroll/AP
4900002726,2024-11-06,2024-11-01,3000,,CC200,600200,9189.26,D,SA,Payroll/AP
4900002727,2024-11-23,2024-11-01,3000,,CC200,630000,9796.76,D,SA,Payroll/AP
4900002728,2024-11-23,2024-11-01,3000,,CC200,640000,4689.96,D,SA,Payroll/AP
4900002729,2024-11-23,2024-11-01,3000,,CC200,620000,1774.25,D,SA,Payroll/AP
4900002730,2024-11-21,2024-11-01,3000,,CC200,660000,4353.32,D,SA,Payroll/AP
4900002731,2024-11-06,2024-11-01,1000,,CC300,600000,78336.21,D,SA,Payroll/AP
4900002732,2024-11-26,2024-11-01,1000,,CC300,600100,15786.42,D,SA,Payroll/AP
4900002733,2024-11-12,2024-11-01,1000,,CC300,600200,5916.67,D,SA,Payroll/AP
4900002734,2024-11-17,2024-11-01,1000,,CC300,650000,14067.41,D,SA,Payroll/AP
4900002735,2024-11-08,2024-11-01,1000,,CC300,630000,4137.19,D,SA,Payroll/AP
4900002736,2024-11-04,2024-11-01,1000,,CC300,640000,2958.33,D,SA,Payroll/AP
4900002737,2024-11-07,2024-11-01,1000,,CC300,660000,2677.41,D,SA,Payroll/AP
4900002738,2024-11-26,2024-11-01,2000,,CC300,600000,40628.96,D,SA,Payroll/AP
4900002739,2024-11-05,2024-11-01,2000,,CC300,600100,8597.65,D,SA,Payroll/AP
4900002740,2024-11-08,2024-11-01,2000,,CC300,600200,3293.61,D,SA,Payroll/AP
4900002741,2024-11-26,2024-11-01,2000,,CC300,650000,5917.55,D,SA,Payroll/AP
4900002742,2024-11-16,2024-11-01,2000,,CC300,630000,2067.09,D,SA,Payroll/AP
4900002743,2024-11-01,2024-11-01,2000,,CC300,640000,1545.99,D,SA,Payroll/AP
4900002744,2024-11-12,2024-11-01,2000,,CC300,660000,1745.15,D,SA,Payroll/AP
4900002745,2024-11-18,2024-11-01,3000,,CC300,600000,21407.7,D,SA,Payroll/AP
4900002746,2024-11-19,2024-11-01,3000,,CC300,600100,4459.3,D,SA,Payroll/AP
4900002747,2024-11-12,2024-11-01,3000,,CC300,600200,1664.21,D,SA,Payroll/AP
4900002748,2024-11-15,2024-11-01,3000,,CC300,650000,3264.88,D,SA,Payroll/AP
4900002749,2024-11-26,2024-11-01,3000,,CC300,630000,1191.34,D,SA,Payroll/AP
4900002750,2024-11-18,2024-11-01,3000,,CC300,640000,847.64,D,SA,Payroll/AP
4900002751,2024-11-05,2024-11-01,3000,,CC300,660000,850.85,D,SA,Payroll/AP
4900002752,2024-11-20,2024-11-01,1000,,CC400,600000,135367.5,D,SA,Payroll/AP
4900002753,2024-11-03,2024-11-01,1000,,CC400,600100,24672.84,D,SA,Payroll/AP
4900002754,2024-11-03,2024-11-01,1000,,CC400,600200,9987.78,D,SA,Payroll/AP
4900002755,2024-11-10,2024-11-01,1000,,CC400,630000,7814.35,D,SA,Payroll/AP
4900002756,2024-11-13,2024-11-01,1000,,CC400,620000,3310.72,D,SA,Payroll/AP
4900002757,2024-11-23,2024-11-01,1000,,CC400,640000,4805.4,D,SA,Payroll/AP
4900002758,2024-11-24,2024-11-01,2000,,CC400,600000,67880.07,D,SA,Payroll/AP
4900002759,2024-11-16,2024-11-01,2000,,CC400,600100,13883.22,D,SA,Payroll/AP
4900002760,2024-11-17,2024-11-01,2000,,CC400,600200,5300.93,D,SA,Payroll/AP
4900002761,2024-11-14,2024-11-01,2000,,CC400,630000,3722.71,D,SA,Payroll/AP
4900002762,2024-11-25,2024-11-01,2000,,CC400,620000,1887.17,D,SA,Payroll/AP
4900002763,2024-11-14,2024-11-01,2000,,CC400,640000,2523.52,D,SA,Payroll/AP
4900002764,2024-11-27,2024-11-01,3000,,CC400,600000,33456.81,D,SA,Payroll/AP
4900002765,2024-11-19,2024-11-01,3000,,CC400,600100,6958.44,D,SA,Payroll/AP
4900002766,2024-11-03,2024-11-01,3000,,CC400,600200,2699.32,D,SA,Payroll/AP
4900002767,2024-11-05,2024-11-01,3000,,CC400,630000,2076.79,D,SA,Payroll/AP
4900002768,2024-11-11,2024-11-01,3000,,CC400,620000,909.17,D,SA,Payroll/AP
4900002769,2024-11-21,2024-11-01,3000,,CC400,640000,1220.32,D,SA,Payroll/AP
4900002770,2024-11-03,2024-11-01,1000,,CC500,600000,80581.22,D,SA,Payroll/AP
4900002771,2024-11-15,2024-11-01,1000,,CC500,600100,16505.9,D,SA,Payroll/AP
4900002772,2024-11-15,2024-11-01,1000,,CC500,600200,6331.75,D,SA,Payroll/AP
4900002773,2024-11-22,2024-11-01,1000,,CC500,500000,349929.94,D,SA,Payroll/AP
4900002774,2024-11-17,2024-11-01,1000,,CC500,500100,162856.97,D,SA,Payroll/AP
4900002775,2024-11-12,2024-11-01,2000,,CC500,600000,43534.22,D,SA,Payroll/AP
4900002776,2024-11-05,2024-11-01,2000,,CC500,600100,9143.61,D,SA,Payroll/AP
4900002777,2024-11-27,2024-11-01,2000,,CC500,600200,3294.18,D,SA,Payroll/AP
4900002778,2024-11-25,2024-11-01,2000,,CC500,500000,209488.34,D,SA,Payroll/AP
4900002779,2024-11-18,2024-11-01,2000,,CC500,500100,81928.96,D,SA,Payroll/AP
4900002780,2024-11-21,2024-11-01,3000,,CC500,600000,21696.61,D,SA,Payroll/AP
4900002781,2024-11-19,2024-11-01,3000,,CC500,600100,4464.49,D,SA,Payroll/AP
4900002782,2024-11-06,2024-11-01,3000,,CC500,600200,1679.55,D,SA,Payroll/AP
4900002783,2024-11-25,2024-11-01,3000,,CC500,500000,96348.71,D,SA,Payroll/AP
4900002784,2024-11-05,2024-11-01,3000,,CC500,500100,42674.91,D,SA,Payroll/AP
4900002785,2024-12-14,2024-12-01,1000,,CC100,600000,232273.45,D,SA,Payroll/AP
4900002786,2024-12-17,2024-12-01,1000,,CC100,600100,47098.35,D,SA,Payroll/AP
4900002787,2024-12-28,2024-12-01,1000,,CC100,600200,17621.6,D,SA,Payroll/AP
4900002788,2024-12-02,2024-12-01,1000,,CC100,610000,96433.72,D,SA,Payroll/AP
4900002789,2024-12-27,2024-12-01,1000,,CC100,620000,13150.25,D,SA,Payroll/AP
4900002790,2024-12-04,2024-12-01,1000,,CC100,630000,12650.09,D,SA,Payroll/AP
4900002791,2024-12-17,2024-12-01,1000,,CC100,640000,9418.93,D,SA,Payroll/AP
4900002792,2024-12-05,2024-12-01,2000,,CC100,600000,126738.79,D,SA,Payroll/AP
4900002793,2024-12-10,2024-12-01,2000,,CC100,600100,24948.83,D,SA,Payroll/AP
4900002794,2024-12-06,2024-12-01,2000,,CC100,600200,9426.73,D,SA,Payroll/AP
4900002795,2024-12-06,2024-12-01,2000,,CC100,610000,46185.9,D,SA,Payroll/AP
4900002796,2024-12-11,2024-12-01,2000,,CC100,620000,7582.11,D,SA,Payroll/AP
4900002797,2024-12-23,2024-12-01,2000,,CC100,630000,6942.65,D,SA,Payroll/AP
4900002798,2024-12-08,2024-12-01,2000,,CC100,640000,4514.21,D,SA,Payroll/AP
4900002799,2024-12-12,2024-12-01,3000,,CC100,600000,62344.86,D,SA,Payroll/AP
4900002800,2024-12-17,2024-12-01,3000,,CC100,600100,12578.83,D,SA,Payroll/AP
4900002801,2024-12-10,2024-12-01,3000,,CC100,600200,4765.79,D,SA,Payroll/AP
4900002802,2024-12-28,2024-12-01,3000,,CC100,610000,24451.35,D,SA,Payroll/AP
4900002803,2024-12-03,2024-12-01,3000,,CC100,620000,3979.54,D,SA,Payroll/AP
4900002804,2024-12-09,2024-12-01,3000,,CC100,630000,2212.51,D,SA,Payroll/AP
4900002805,2024-12-07,2024-12-01,3000,,CC100,640000,2323.3,D,SA,Payroll/AP
4900002806,2024-12-21,2024-12-01,1000,,CC200,600000,418861.84,D,SA,Payroll/AP
4900002807,2024-12-18,2024-12-01,1000,,CC200,600100,90958.89,D,SA,Payroll/AP
4900002808,2024-12-09,2024-12-01,1000,,CC200,600200,33824.09,D,SA,Payroll/AP
4900002809,2024-12-05,2024-12-01,1000,,CC200,630000,40670.64,D,SA,Payroll/AP
4900002810,2024-12-21,2024-12-01,1000,,CC200,640000,19186.07,D,SA,Payroll/AP
4900002811,2024-12-10,2024-12-01,1000,,CC200,620000,7536.44,D,SA,Payroll/AP
4900002812,2024-12-20,2024-12-01,1000,,CC200,660000,18108.07,D,SA,Payroll/AP
4900002813,2024-12-18,2024-12-01,2000,,CC200,600000,240188.2,D,SA,Payroll/AP
4900002814,2024-12-03,2024-12-01,2000,,CC200,600100,48138.78,D,SA,Payroll/AP
4900002815,2024-12-17,2024-12-01,2000,,CC200,600200,18549.81,D,SA,Payroll/AP
4900002816,2024-12-21,2024-12-01,2000,,CC200,630000,18819.82,D,SA,Payroll/AP
4900002817,2024-12-06,2024-12-01,2000,,CC200,640000,8321.18,D,SA,Payroll/AP
4900002818,2024-12-19,2024-12-01,2000,,CC200,620000,4258.5,D,SA,Payroll/AP
4900002819,2024-12-19,2024-12-01,2000,,CC200,660000,8829.06,D,SA,Payroll/AP
4900002820,2024-12-05,2024-12-01,3000,,CC200,600000,115404.78,D,SA,Payroll/AP
4900002821,2024-12-06,2024-12-01,3000,,CC200,600100,24775.38,D,SA,Payroll/AP
4900002822,2024-12-22,2024-12-01,3000,,CC200,600200,9021.98,D,SA,Payroll/AP
4900002823,2024-12-20,2024-12-01,3000,,CC200,630000,10953.38,D,SA,Payroll/AP
4900002824,2024-12-24,2024-12-01,3000,,CC200,640000,4275.84,D,SA,Payroll/AP
4900002825,2024-12-20,2024-12-01,3000,,CC200,620000,1854.46,D,SA,Payroll/AP
4900002826,2024-12-11,2024-12-01,3000,,CC200,660000,4595.69,D,SA,Payroll/AP
4900002827,2024-12-27,2024-12-01,1000,,CC300,600000,74860.85,D,SA,Payroll/AP
4900002828,2024-12-19,2024-12-01,1000,,CC300,600100,15944.8,D,SA,Payroll/AP
4900002829,2024-12-02,2024-12-01,1000,,CC300,600200,5823.66,D,SA,Payroll/AP
4900002830,2024-12-27,2024-12-01,1000,,CC300,650000,17943.51,D,SA,Payroll/AP
4900002831,2024-12-28,2024-12-01,1000,,CC300,630000,4355.47,D,SA,Payroll/AP
4900002832,2024-12-01,2024-12-01,1000,,CC300,640000,3025.42,D,SA,Payroll/AP
4900002833,2024-12-03,2024-12-01,1000,,CC300,660000,3182.92,D,SA,Payroll/AP
4900002834,2024-12-02,2024-12-01,2000,,CC300,600000,41802.73,D,SA,Payroll/AP
4900002835,2024-12-21,2024-12-01,2000,,CC300,600100,8817.37,D,SA,Payroll/AP
4900002836,2024-12-25,2024-12-01,2000,,CC300,600200,3284.03,D,SA,Payroll/AP
4900002837,2024-12-19,2024-12-01,2000,,CC300,650000,8393.3,D,SA,Payroll/AP
4900002838,2024-12-09,2024-12-01,2000,,CC300,630000,2458.09,D,SA,Payroll/AP
4900002839,2024-12-21,2024-12-01,2000,,CC300,640000,1755.28,D,SA,Payroll/AP
4900002840,2024-12-07,2024-12-01,2000,,CC300,660000,1659.09,D,SA,Payroll/AP
4900002841,2024-12-25,2024-12-01,3000,,CC300,600000,20905.97,D,SA,Payroll/AP
4900002842,2024-12-19,2024-12-01,3000,,CC300,600100,4350.04,D,SA,Payroll/AP
4900002843,2024-12-14,2024-12-01,3000,,CC300,600200,1659.12,D,SA,Payroll/AP
4900002844,2024-12-20,2024-12-01,3000,,CC300,650000,4196.82,D,SA,Payroll/AP
4900002845,2024-12-21,2024-12-01,3000,,CC300,630000,983.48,D,SA,Payroll/AP
4900002846,2024-12-01,2024-12-01,3000,,CC300,640000,1032.16,D,SA,Payroll/AP
4900002847,2024-12-16,2024-12-01,3000,,CC300,660000,894.65,D,SA,Payroll/AP
4900002848,2024-12-21,2024-12-01,1000,,CC400,600000,127985.24,D,SA,Payroll/AP
4900002849,2024-12-18,2024-12-01,1000,,CC400,600100,25978.37,D,SA,Payroll/AP
4900002850,2024-12-10,2024-12-01,1000,,CC400,600200,9686.59,D,SA,Payroll/AP
4900002851,2024-12-21,2024-12-01,1000,,CC400,630000,7334.88,D,SA,Payroll/AP
4900002852,2024-12-10,2024-12-01,1000,,CC400,620000,3267.75,D,SA,Payroll/AP
4900002853,2024-12-16,2024-12-01,1000,,CC400,640000,4989.31,D,SA,Payroll/AP
4900002854,2024-12-08,2024-12-01,2000,,CC400,600000,67564.5,D,SA,Payroll/AP
4900002855,2024-12-26,2024-12-01,2000,,CC400,600100,14307.34,D,SA,Payroll/AP
4900002856,2024-12-26,2024-12-01,2000,,CC400,600200,5313.08,D,SA,Payroll/AP
4900002857,2024-12-22,2024-12-01,2000,,CC400,630000,3594.03,D,SA,Payroll/AP
4900002858,2024-12-13,2024-12-01,2000,,CC400,620000,1623.69,D,SA,Payroll/AP
4900002859,2024-12-10,2024-12-01,2000,,CC400,640000,2554.6,D,SA,Payroll/AP
4900002860,2024-12-15,2024-12-01,3000,,CC400,600000,35601.46,D,SA,Payroll/AP
4900002861,2024-12-03,2024-12-01,3000,,CC400,600100,7115.52,D,SA,Payroll/AP
4900002862,2024-12-23,2024-12-01,3000,,CC400,600200,2568.46,D,SA,Payroll/AP
4900002863,2024-12-02,2024-12-01,3000,,CC400,630000,2306.01,D,SA,Payroll/AP
4900002864,2024-12-06,2024-12-01,3000,,CC400,620000,743.54,D,SA,Payroll/AP
4900002865,2024-12-15,2024-12-01,3000,,CC400,640000,1462.33,D,SA,Payroll/AP
4900002866,2024-12-14,2024-12-01,1000,,CC500,600000,79633.68,D,SA,Payroll/AP
4900002867,2024-12-16,2024-12-01,1000,,CC500,600100,16459.61,D,SA,Payroll/AP
4900002868,2024-12-15,2024-12-01,1000,,CC500,600200,6347.91,D,SA,Payroll/AP
4900002869,2024-12-07,2024-12-01,1000,,CC500,500000,314297.8,D,SA,Payroll/AP
4900002870,2024-12-11,2024-12-01,1000,,CC500,500100,132999.18,D,SA,Payroll/AP
4900002871,2024-12-20,2024-12-01,2000,,CC500,600000,43036.96,D,SA,Payroll/AP
4900002872,2024-12-05,2024-12-01,2000,,CC500,600100,9117.86,D,SA,Payroll/AP
4900002873,2024-12-11,2024-12-01,2000,,CC500,600200,3247.85,D,SA,Payroll/AP
4900002874,2024-12-28,2024-12-01,2000,,CC500,500000,140056.24,D,SA,Payroll/AP
4900002875,2024-12-23,2024-12-01,2000,,CC500,500100,79962.76,D,SA,Payroll/AP
4900002876,2024-12-11,2024-12-01,3000,,CC500,600000,22012.86,D,SA,Payroll/AP
4900002877,2024-12-24,2024-12-01,3000,,CC500,600100,4573.39,D,SA,Payroll/AP
4900002878,2024-12-28,2024-12-01,3000,,CC500,600200,1659.3,D,SA,Payroll/AP
4900002879,2024-12-12,2024-12-01,3000,,CC500,500000,93678.06,D,SA,Payroll/AP
4900002880,2024-12-13,2024-12-01,3000,,CC500,500100,46701.83,D,SA,Payroll/AP
4900002881,2025-01-05,2025-01-01,1000,,CC100,600000,220351.06,D,SA,Payroll/AP
4900002882,2025-01-25,2025-01-01,1000,,CC100,600100,46591.26,D,SA,Payroll/AP
4900002883,2025-01-12,2025-01-01,1000,,CC100,600200,17675.61,D,SA,Payroll/AP
4900002884,2025-01-17,2025-01-01,1000,,CC100,610000,107330.76,D,SA,Payroll/AP
4900002885,2025-01-18,2025-01-01,1000,,CC100,620000,13925.71,D,SA,Payroll/AP
4900002886,2025-01-04,2025-01-01,1000,,CC100,630000,11779.46,D,SA,Payroll/AP
4900002887,2025-01-11,2025-01-01,1000,,CC100,640000,6613.48,D,SA,Payroll/AP
4900002888,2025-01-08,2025-01-01,2000,,CC100,600000,123362.49,D,SA,Payroll/AP
4900002889,2025-01-15,2025-01-01,2000,,CC100,600100,25875.29,D,SA,Payroll/AP
4900002890,2025-01-04,2025-01-01,2000,,CC100,600200,9427.1,D,SA,Payroll/AP
4900002891,2025-01-09,2025-01-01,2000,,CC100,610000,56424.29,D,SA,Payroll/AP
4900002892,2025-01-15,2025-01-01,2000,,CC100,620000,8371.44,D,SA,Payroll/AP
4900002893,2025-01-08,2025-01-01,2000,,CC100,630000,6191.08,D,SA,Payroll/AP
4900002894,2025-01-05,2025-01-01,2000,,CC100,640000,4889.97,D,SA,Payroll/AP
4900002895,2025-01-04,2025-01-01,3000,,CC100,600000,61300.61,D,SA,Payroll/AP
4900002896,2025-01-02,2025-01-01,3000,,CC100,600100,12768.37,D,SA,Payroll/AP
4900002897,2025-01-10,2025-01-01,3000,,CC100,600200,4866.69,D,SA,Payroll/AP
4900002898,2025-01-13,2025-01-01,3000,,CC100,610000,28486.97,D,SA,Payroll/AP
4900002899,2025-01-28,2025-01-01,3000,,CC100,620000,3771.67,D,SA,Payroll/AP
4900002900,2025-01-20,2025-01-01,3000,,CC100,630000,3277.21,D,SA,Payroll/AP
4900002901,2025-01-14,2025-01-01,3000,,CC100,640000,2575.8,D,SA,Payroll/AP
4900002902,2025-01-08,2025-01-01,1000,,CC200,600000,419155.18,D,SA,Payroll/AP
4900002903,2025-01-28,2025-01-01,1000,,CC200,600100,91734.72,D,SA,Payroll/AP
4900002904,2025-01-06,2025-01-01,1000,,CC200,600200,33395.03,D,SA,Payroll/AP
4900002905,2025-01-27,2025-01-01,1000,,CC200,630000,40893.63,D,SA,Payroll/AP
4900002906,2025-01-11,2025-01-01,1000,,CC200,640000,18823.21,D,SA,Payroll/AP
4900002907,2025-01-19,2025-01-01,1000,,CC200,620000,7252.35,D,SA,Payroll/AP
4900002908,2025-01-24,2025-01-01,1000,,CC200,660000,16214.26,D,SA,Payroll/AP
4900002909,2025-01-11,2025-01-01,2000,,CC200,600000,237028.57,D,SA,Payroll/AP
4900002910,2025-01-07,2025-01-01,2000,,CC200,600100,48136.9,D,SA,Payroll/AP
4900002911,2025-01-25,2025-01-01,2000,,CC200,600200,18975.13,D,SA,Payroll/AP
4900002912,2025-01-06,2025-01-01,2000,,CC200,630000,19562.18,D,SA,Payroll/AP
4900002913,2025-01-16,2025-01-01,2000,,CC200,640000,8660.0,D,SA,Payroll/AP
4900002914,2025-01-17,2025-01-01,2000,,CC200,620000,4678.41,D,SA,Payroll/AP
4900002915,2025-01-15,2025-01-01,2000,,CC200,660000,8618.25,D,SA,Payroll/AP
4900002916,2025-01-16,2025-01-01,3000,,CC200,600000,118258.88,D,SA,Payroll/AP
4900002917,2025-01-10,2025-01-01,3000,,CC200,600100,24606.98,D,SA,Payroll/AP
4900002918,2025-01-16,2025-01-01,3000,,CC200,600200,9108.36,D,SA,Payroll/AP
4900002919,2025-01-01,2025-01-01,3000,,CC200,630000,10597.73,D,SA,Payroll/AP
4900002920,2025-01-03,2025-01-01,3000,,CC200,640000,4342.02,D,SA,Payroll/AP
4900002921,2025-01-13,2025-01-01,3000,,CC200,620000,1945.18,D,SA,Payroll/AP
4900002922,2025-01-17,2025-01-01,3000,,CC200,660000,4658.42,D,SA,Payroll/AP
4900002923,2025-01-15,2025-01-01,1000,,CC300,600000,81495.45,D,SA,Payroll/AP
4900002924,2025-01-08,2025-01-01,1000,,CC300,600100,16156.11,D,SA,Payroll/AP
4900002925,2025-01-07,2025-01-01,1000,,CC300,600200,6083.6,D,SA,Payroll/AP
4900002926,2025-01-19,2025-01-01,1000,,CC300,650000,16189.62,D,SA,Payroll/AP
4900002927,2025-01-12,2025-01-01,1000,,CC300,630000,3525.04,D,SA,Payroll/AP
4900002928,2025-01-02,2025-01-01,1000,,CC300,640000,3543.7,D,SA,Payroll/AP
4900002929,2025-01-02,2025-01-01,1000,,CC300,660000,3058.79,D,SA,Payroll/AP
4900002930,2025-01-10,2025-01-01,2000,,CC300,600000,44753.2,D,SA,Payroll/AP
4900002931,2025-01-16,2025-01-01,2000,,CC300,600100,8759.67,D,SA,Payroll/AP
4900002932,2025-01-20,2025-01-01,2000,,CC300,600200,3454.97,D,SA,Payroll/AP
4900002933,2025-01-27,2025-01-01,2000,,CC300,650000,8980.42,D,SA,Payroll/AP
4900002934,2025-01-21,2025-01-01,2000,,CC300,630000,2345.41,D,SA,Payroll/AP
4900002935,2025-01-22,2025-01-01,2000,,CC300,640000,1705.88,D,SA,Payroll/AP
4900002936,2025-01-16,2025-01-01,2000,,CC300,660000,1646.16,D,SA,Payroll/AP
4900002937,2025-01-10,2025-01-01,3000,,CC300,600000,22189.67,D,SA,Payroll/AP
4900002938,2025-01-18,2025-01-01,3000,,CC300,600100,4457.48,D,SA,Payroll/AP
4900002939,2025-01-01,2025-01-01,3000,,CC300,600200,1601.3,D,SA,Payroll/AP
4900002940,2025-01-28,2025-01-01,3000,,CC300,650000,3701.63,D,SA,Payroll/AP
4900002941,2025-01-04,2025-01-01,3000,,CC300,630000,1090.6,D,SA,Payroll/AP
4900002942,2025-01-14,2025-01-01,3000,,CC300,640000,859.27,D,SA,Payroll/AP
4900002943,2025-01-05,2025-01-01,3000,,CC300,660000,831.08,D,SA,Payroll/AP
4900002944,2025-01-09,2025-01-01,1000,,CC400,600000,132594.03,D,SA,Payroll/AP
4900002945,2025-01-24,2025-01-01,1000,,CC400,600100,25515.37,D,SA,Payroll/AP
4900002946,2025-01-12,2025-01-01,1000,,CC400,600200,9985.39,D,SA,Payroll/AP
4900002947,2025-01-25,2025-01-01,1000,,CC400,630000,6788.9,D,SA,Payroll/AP
4900002948,2025-01-13,2025-01-01,1000,,CC400,620000,3571.08,D,SA,Payroll/AP
4900002949,2025-01-12,2025-01-01,1000,,CC400,640000,4931.37,D,SA,Payroll/AP
4900002950,2025-01-02,2025-01-01,2000,,CC400,600000,71380.68,D,SA,Payroll/AP
4900002951,2025-01-13,2025-01-01,2000,,CC400,600100,14269.46,D,SA,Payroll/AP
4900002952,2025-01-02,2025-01-01,2000,,CC400,600200,5584.46,D,SA,Payroll/AP
4900002953,2025-01-19,2025-01-01,2000,,CC400,630000,5010.3,D,SA,Payroll/AP
4900002954,2025-01-18,2025-01-01,2000,,CC400,620000,1920.96,D,SA,Payroll/AP
4900002955,2025-01-07,2025-01-01,2000,,CC400,640000,2687.3,D,SA,Payroll/AP
4900002956,2025-01-12,2025-01-01,3000,,CC400,600000,35462.79,D,SA,Payroll/AP
4900002957,2025-01-18,2025-01-01,3000,,CC400,600100,7089.36,D,SA,Payroll/AP
4900002958,2025-01-10,2025-01-01,3000,,CC400,600200,2742.78,D,SA,Payroll/AP
4900002959,2025-01-03,2025-01-01,3000,,CC400,630000,2617.86,D,SA,Payroll/AP
4900002960,2025-01-13,2025-01-01,3000,,CC400,620000,995.11,D,SA,Payroll/AP
4900002961,2025-01-17,2025-01-01,3000,,CC400,640000,1249.94,D,SA,Payroll/AP
4900002962,2025-01-15,2025-01-01,1000,,CC500,600000,81996.5,D,SA,Payroll/AP
4900002963,2025-01-25,2025-01-01,1000,,CC500,600100,16267.2,D,SA,Payroll/AP
4900002964,2025-01-18,2025-01-01,1000,,CC500,600200,6333.85,D,SA,Payroll/AP
4900002965,2025-01-09,2025-01-01,1000,,CC500,500000,381752.78,D,SA,Payroll/AP
4900002966,2025-01-27,2025-01-01,1000,,CC500,500100,127281.24,D,SA,Payroll/AP
4900002967,2025-01-20,2025-01-01,2000,,CC500,600000,43447.15,D,SA,Payroll/AP
4900002968,2025-01-22,2025-01-01,2000,,CC500,600100,9072.58,D,SA,Payroll/AP
4900002969,2025-01-20,2025-01-01,2000,,CC500,600200,3401.0,D,SA,Payroll/AP
4900002970,2025-01-04,2025-01-01,2000,,CC500,500000,175452.55,D,SA,Payroll/AP
4900002971,2025-01-05,2025-01-01,2000,,CC500,500100,88867.11,D,SA,Payroll/AP
4900002972,2025-01-04,2025-01-01,3000,,CC500,600000,21930.46,D,SA,Payroll/AP
4900002973,2025-01-13,2025-01-01,3000,,CC500,600100,4458.65,D,SA,Payroll/AP
4900002974,2025-01-12,2025-01-01,3000,,CC500,600200,1653.14,D,SA,Payroll/AP
4900002975,2025-01-26,2025-01-01,3000,,CC500,500000,108181.73,D,SA,Payroll/AP
4900002976,2025-01-11,2025-01-01,3000,,CC500,500100,48909.49,D,SA,Payroll/AP
4900002977,2025-02-18,2025-02-01,1000,,CC100,600000,232031.08,D,SA,Payroll/AP
4900002978,2025-02-12,2025-02-01,1000,,CC100,600100,47472.5,D,SA,Payroll/AP
4900002979,2025-02-25,2025-02-01,1000,,CC100,600200,18199.91,D,SA,Payroll/AP
4900002980,2025-02-05,2025-02-01,1000,,CC100,610000,101369.2,D,SA,Payroll/AP
4900002981,2025-02-07,2025-02-01,1000,,CC100,620000,14809.68,D,SA,Payroll/AP
4900002982,2025-02-20,2025-02-01,1000,,CC100,630000,12903.94,D,SA,Payroll/AP
4900002983,2025-02-17,2025-02-01,1000,,CC100,640000,7290.82,D,SA,Payroll/AP
4900002984,2025-02-13,2025-02-01,2000,,CC100,600000,131092.01,D,SA,Payroll/AP
4900002985,2025-02-17,2025-02-01,2000,,CC100,600100,26237.97,D,SA,Payroll/AP
4900002986,2025-02-02,2025-02-01,2000,,CC100,600200,9744.1,D,SA,Payroll/AP
4900002987,2025-02-02,2025-02-01,2000,,CC100,610000,56800.82,D,SA,Payroll/AP
4900002988,2025-02-02,2025-02-01,2000,,CC100,620000,8156.7,D,SA,Payroll/AP
4900002989,2025-02-05,2025-02-01,2000,,CC100,630000,5416.04,D,SA,Payroll/AP
4900002990,2025-02-23,2025-02-01,2000,,CC100,640000,5646.86,D,SA,Payroll/AP
4900002991,2025-02-11,2025-02-01,3000,,CC100,600000,63507.89,D,SA,Payroll/AP
4900002992,2025-02-26,2025-02-01,3000,,CC100,600100,13131.83,D,SA,Payroll/AP
4900002993,2025-02-16,2025-02-01,3000,,CC100,600200,4974.08,D,SA,Payroll/AP
4900002994,2025-02-17,2025-02-01,3000,,CC100,610000,25565.98,D,SA,Payroll/AP
4900002995,2025-02-15,2025-02-01,3000,,CC100,620000,4260.25,D,SA,Payroll/AP
4900002996,2025-02-05,2025-02-01,3000,,CC100,630000,3167.03,D,SA,Payroll/AP
4900002997,2025-02-20,2025-02-01,3000,,CC100,640000,2647.26,D,SA,Payroll/AP
4900002998,2025-02-17,2025-02-01,1000,,CC200,600000,422412.28,D,SA,Payroll/AP
4900002999,2025-02-05,2025-02-01,1000,,CC200,600100,90319.55,D,SA,Payroll/AP
4900003000,2025-02-11,2025-02-01,1000,,CC200,600200,33527.93,D,SA,Payroll/AP
4900003001,2025-02-20,2025-02-01,1000,,CC200,630000,41304.74,D,SA,Payroll/AP
4900003002,2025-02-11,2025-02-01,1000,,CC200,640000,17766.14,D,SA,Payroll/AP
4900003003,2025-02-06,2025-02-01,1000,,CC200,620000,7883.9,D,SA,Payroll/AP
4900003004,2025-02-13,2025-02-01,1000,,CC200,660000,16364.32,D,SA,Payroll/AP
4900003005,2025-02-20,2025-02-01,2000,,CC200,600000,239446.81,D,SA,Payroll/AP
4900003006,2025-02-24,2025-02-01,2000,,CC200,600100,48343.48,D,SA,Payroll/AP
4900003007,2025-02-27,2025-02-01,2000,,CC200,600200,18770.7,D,SA,Payroll/AP
4900003008,2025-02-10,2025-02-01,2000,,CC200,630000,20741.34,D,SA,Payroll/AP
4900003009,2025-02-19,2025-02-01,2000,,CC200,640000,6546.79,D,SA,Payroll/AP
4900003010,2025-02-11,2025-02-01,2000,,CC200,620000,4441.98,D,SA,Payroll/AP
4900003011,2025-02-17,2025-02-01,2000,,CC200,660000,8750.64,D,SA,Payroll/AP
4900003012,2025-02-27,2025-02-01,3000,,CC200,600000,116581.15,D,SA,Payroll/AP
4900003013,2025-02-17,2025-02-01,3000,,CC200,600100,24108.81,D,SA,Payroll/AP
4900003014,2025-02-18,2025-02-01,3000,,CC200,600200,9290.51,D,SA,Payroll/AP
4900003015,2025-02-16,2025-02-01,3000,,CC200,630000,12252.22,D,SA,Payroll/AP
4900003016,2025-02-23,2025-02-01,3000,,CC200,640000,4780.28,D,SA,Payroll/AP
4900003017,2025-02-19,2025-02-01,3000,,CC200,620000,2177.0,D,SA,Payroll/AP
4900003018,2025-02-10,2025-02-01,3000,,CC200,660000,4740.77,D,SA,Payroll/AP
4900003019,2025-02-16,2025-02-01,1000,,CC300,600000,78181.15,D,SA,Payroll/AP
4900003020,2025-02-27,2025-02-01,1000,,CC300,600100,15960.92,D,SA,Payroll/AP
4900003021,2025-02-01,2025-02-01,1000,,CC300,600200,5929.53,D,SA,Payroll/AP
4900003022,2025-02-12,2025-02-01,1000,,CC300,650000,12515.91,D,SA,Payroll/AP
4900003023,2025-02-11,2025-02-01,1000,,CC300,630000,3888.66,D,SA,Payroll/AP
4900003024,2025-02-22,2025-02-01,1000,,CC300,640000,3082.8,D,SA,Payroll/AP
4900003025,2025-02-04,2025-02-01,1000,,CC300,660000,3020.17,D,SA,Payroll/AP
4900003026,2025-02-14,2025-02-01,2000,,CC300,600000,42355.07,D,SA,Payroll/AP
4900003027,2025-02-19,2025-02-01,2000,,CC300,600100,8595.39,D,SA,Payroll/AP
4900003028,2025-02-10,2025-02-01,2000,,CC300,600200,3325.38,D,SA,Payroll/AP
4900003029,2025-02-26,2025-02-01,2000,,CC300,650000,7131.71,D,SA,Payroll/AP
4900003030,2025-02-24,2025-02-01,2000,,CC300,630000,2360.25,D,SA,Payroll/AP
4900003031,2025-02-28,2025-02-01,2000,,CC300,640000,1478.07,D,SA,Payroll/AP
4900003032,2025-02-23,2025-02-01,2000,,CC300,660000,1580.91,D,SA,Payroll/AP
4900003033,2025-02-21,2025-02-01,3000,,CC300,600000,21080.06,D,SA,Payroll/AP
4900003034,2025-02-01,2025-02-01,3000,,CC300,600100,4410.13,D,SA,Payroll/AP
4900003035,2025-02-20,2025-02-01,3000,,CC300,600200,1703.14,D,SA,Payroll/AP
4900003036,2025-02-16,2025-02-01,3000,,CC300,650000,4391.72,D,SA,Payroll/AP
4900003037,2025-02-09,2025-02-01,3000,,CC300,630000,1222.67,D,SA,Payroll/AP
4900003038,2025-02-21,2025-02-01,3000,,CC300,640000,878.89,D,SA,Payroll/AP
4900003039,2025-02-26,2025-02-01,3000,,CC300,660000,789.18,D,SA,Payroll/AP
4900003040,2025-02-25,2025-02-01,1000,,CC400,600000,128865.55,D,SA,Payroll/AP
4900003041,2025-02-19,2025-02-01,1000,,CC400,600100,26194.78,D,SA,Payroll/AP
4900003042,2025-02-19,2025-02-01,1000,,CC400,600200,10244.3,D,SA,Payroll/AP
4900003043,2025-02-08,2025-02-01,1000,,CC400,630000,7320.42,D,SA,Payroll/AP
4900003044,2025-02-24,2025-02-01,1000,,CC400,620000,3623.52,D,SA,Payroll/AP
4900003045,2025-02-02,2025-02-01,1000,,CC400,640000,5434.9,D,SA,Payroll/AP
4900003046,2025-02-19,2025-02-01,2000,,CC400,600000,73538.65,D,SA,Payroll/AP
4900003047,2025-02-16,2025-02-01,2000,,CC400,600100,14433.11,D,SA,Payroll/AP
4900003048,2025-02-06,2025-02-01,2000,,CC400,600200,5534.87,D,SA,Payroll/AP
4900003049,2025-02-17,2025-02-01,2000,,CC400,630000,5585.21,D,SA,Payroll/AP
4900003050,2025-02-21,2025-02-01,2000,,CC400,620000,1706.69,D,SA,Payroll/AP
4900003051,2025-02-24,2025-02-01,2000,,CC400,640000,2309.72,D,SA,Payroll/AP
4900003052,2025-02-20,2025-02-01,3000,,CC400,600000,33812.5,D,SA,Payroll/AP
4900003053,2025-02-25,2025-02-01,3000,,CC400,600100,7309.6,D,SA,Payroll/AP
4900003054,2025-02-27,2025-02-01,3000,,CC400,600200,2600.79,D,SA,Payroll/AP
4900003055,2025-02-13,2025-02-01,3000,,CC400,630000,2168.3,D,SA,Payroll/AP
4900003056,2025-02-05,2025-02-01,3000,,CC400,620000,940.26,D,SA,Payroll/AP
4900003057,2025-02-27,2025-02-01,3000,,CC400,640000,1376.31,D,SA,Payroll/AP
4900003058,2025-02-22,2025-02-01,1000,,CC500,600000,83978.29,D,SA,Payroll/AP
4900003059,2025-02-08,2025-02-01,1000,,CC500,600100,17156.91,D,SA,Payroll/AP
4900003060,2025-02-02,2025-02-01,1000,,CC500,600200,6569.2,D,SA,Payroll/AP
4900003061,2025-02-19,2025-02-01,1000,,CC500,500000,338063.4,D,SA,Payroll/AP
4900003062,2025-02-23,2025-02-01,1000,,CC500,500100,149293.15,D,SA,Payroll/AP
4900003063,2025-02-04,2025-02-01,2000,,CC500,600000,44717.99,D,SA,Payroll/AP
4900003064,2025-02-07,2025-02-01,2000,,CC500,600100,9471.59,D,SA,Payroll/AP
4900003065,2025-02-01,2025-02-01,2000,,CC500,600200,3556.75,D,SA,Payroll/AP
4900003066,2025-02-15,2025-02-01,2000,,CC500,500000,213003.39,D,SA,Payroll/AP
4900003067,2025-02-11,2025-02-01,2000,,CC500,500100,97683.23,D,SA,Payroll/AP
4900003068,2025-02-14,2025-02-01,3000,,CC500,600000,22174.87,D,SA,Payroll/AP
4900003069,2025-02-05,2025-02-01,3000,,CC500,600100,4813.78,D,SA,Payroll/AP
4900003070,2025-02-14,2025-02-01,3000,,CC500,600200,1800.14,D,SA,Payroll/AP
4900003071,2025-02-23,2025-02-01,3000,,CC500,500000,109399.8,D,SA,Payroll/AP
4900003072,2025-02-07,2025-02-01,3000,,CC500,500100,51454.59,D,SA,Payroll/AP
4900003073,2025-03-14,2025-03-01,1000,,CC100,600000,229397.46,D,SA,Payroll/AP
4900003074,2025-03-17,2025-03-01,1000,,CC100,600100,48157.91,D,SA,Payroll/AP
4900003075,2025-03-25,2025-03-01,1000,,CC100,600200,17982.25,D,SA,Payroll/AP
4900003076,2025-03-20,2025-03-01,1000,,CC100,610000,114143.13,D,SA,Payroll/AP
4900003077,2025-03-16,2025-03-01,1000,,CC100,620000,13611.73,D,SA,Payroll/AP
4900003078,2025-03-28,2025-03-01,1000,,CC100,630000,13088.75,D,SA,Payroll/AP
4900003079,2025-03-28,2025-03-01,1000,,CC100,640000,10375.98,D,SA,Payroll/AP
4900003080,2025-03-24,2025-03-01,2000,,CC100,600000,131438.51,D,SA,Payroll/AP
4900003081,2025-03-24,2025-03-01,2000,,CC100,600100,26742.92,D,SA,Payroll/AP
4900003082,2025-03-02,2025-03-01,2000,,CC100,600200,9774.98,D,SA,Payroll/AP
4900003083,2025-03-23,2025-03-01,2000,,CC100,610000,53243.88,D,SA,Payroll/AP
4900003084,2025-03-05,2025-03-01,2000,,CC100,620000,9348.44,D,SA,Payroll/AP
4900003085,2025-03-17,2025-03-01,2000,,CC100,630000,7166.11,D,SA,Payroll/AP
4900003086,2025-03-07,2025-03-01,2000,,CC100,640000,4966.55,D,SA,Payroll/AP
4900003087,2025-03-18,2025-03-01,3000,,CC100,600000,63872.0,D,SA,Payroll/AP
4900003088,2025-03-11,2025-03-01,3000,,CC100,600100,12677.07,D,SA,Payroll/AP
4900003089,2025-03-22,2025-03-01,3000,,CC100,600200,4848.53,D,SA,Payroll/AP
4900003090,2025-03-16,2025-03-01,3000,,CC100,610000,34426.48,D,SA,Payroll/AP
4900003091,2025-03-17,2025-03-01,3000,,CC100,620000,3600.19,D,SA,Payroll/AP
4900003092,2025-03-13,2025-03-01,3000,,CC100,630000,3365.68,D,SA,Payroll/AP
4900003093,2025-03-11,2025-03-01,3000,,CC100,640000,2726.9,D,SA,Payroll/AP
4900003094,2025-03-06,2025-03-01,1000,,CC200,600000,436174.8,D,SA,Payroll/AP
4900003095,2025-03-15,2025-03-01,1000,,CC200,600100,92114.2,D,SA,Payroll/AP
4900003096,2025-03-18,2025-03-01,1000,,CC200,600200,35061.27,D,SA,Payroll/AP
4900003097,2025-03-11,2025-03-01,1000,,CC200,630000,40201.82,D,SA,Payroll/AP
4900003098,2025-03-18,2025-03-01,1000,,CC200,640000,22143.75,D,SA,Payroll/AP
4900003099,2025-03-12,2025-03-01,1000,,CC200,620000,7168.27,D,SA,Payroll/AP
4900003100,2025-03-22,2025-03-01,1000,,CC200,660000,18118.77,D,SA,Payroll/AP
4900003101,2025-03-25,2025-03-01,2000,,CC200,600000,242814.52,D,SA,Payroll/AP
4900003102,2025-03-28,2025-03-01,2000,,CC200,600100,50752.47,D,SA,Payroll/AP
4900003103,2025-03-24,2025-03-01,2000,,CC200,600200,18908.24,D,SA,Payroll/AP
4900003104,2025-03-22,2025-03-01,2000,,CC200,630000,20263.45,D,SA,Payroll/AP
4900003105,2025-03-21,2025-03-01,2000,,CC200,640000,9586.01,D,SA,Payroll/AP
4900003106,2025-03-26,2025-03-01,2000,,CC200,620000,3815.15,D,SA,Payroll/AP
4900003107,2025-03-23,2025-03-01,2000,,CC200,660000,9654.07,D,SA,Payroll/AP
4900003108,2025-03-09,2025-03-01,3000,,CC200,600000,122554.79,D,SA,Payroll/AP
4900003109,2025-03-20,2025-03-01,3000,,CC200,600100,25309.63,D,SA,Payroll/AP
4900003110,2025-03-16,2025-03-01,3000,,CC200,600200,9569.73,D,SA,Payroll/AP
4900003111,2025-03-07,2025-03-01,3000,,CC200,630000,11335.24,D,SA,Payroll/AP
4900003112,2025-03-08,2025-03-01,3000,,CC200,640000,4755.09,D,SA,Payroll/AP
4900003113,2025-03-09,2025-03-01,3000,,CC200,620000,2136.43,D,SA,Payroll/AP
4900003114,2025-03-18,2025-03-01,3000,,CC200,660000,4518.84,D,SA,Payroll/AP
4900003115,2025-03-10,2025-03-01,1000,,CC300,600000,80956.15,D,SA,Payroll/AP
4900003116,2025-03-08,2025-03-01,1000,,CC300,600100,16687.37,D,SA,Payroll/AP
4900003117,2025-03-10,2025-03-01,1000,,CC300,600200,6054.05,D,SA,Payroll/AP
4900003118,2025-03-25,2025-03-01,1000,,CC300,650000,15277.5,D,SA,Payroll/AP
4900003119,2025-03-10,2025-03-01,1000,,CC300,630000,3688.49,D,SA,Payroll/AP
4900003120,2025-03-23,2025-03-01,1000,,CC300,640000,3398.2,D,SA,Payroll/AP
4900003121,2025-03-07,2025-03-01,1000,,CC300,660000,3142.7,D,SA,Payroll/AP
4900003122,2025-03-23,2025-03-01,2000,,CC300,600000,45219.87,D,SA,Payroll/AP
4900003123,2025-03-23,2025-03-01,2000,,CC300,600100,8772.35,D,SA,Payroll/AP
4900003124,2025-03-16,2025-03-01,2000,,CC300,600200,3323.14,D,SA,Payroll/AP
4900003125,2025-03-11,2025-03-01,2000,,CC300,650000,8564.87,D,SA,Payroll/AP
4900003126,2025-03-16,2025-03-01,2000,,CC300,630000,2376.62,D,SA,Payroll/AP
4900003127,2025-03-12,2025-03-01,2000,,CC300,640000,1638.12,D,SA,Payroll/AP
4900003128,2025-03-18,2025-03-01,2000,,CC300,660000,1601.15,D,SA,Payroll/AP
4900003129,2025-03-26,2025-03-01,3000,,CC300,600000,22148.6,D,SA,Payroll/AP
4900003130,2025-03-24,2025-03-01,3000,,CC300,600100,4528.99,D,SA,Payroll/AP
4900003131,2025-03-09,2025-03-01,3000,,CC300,600200,1643.54,D,SA,Payroll/AP
4900003132,2025-03-10,2025-03-01,3000,,CC300,650000,4752.89,D,SA,Payroll/AP
4900003133,2025-03-04,2025-03-01,3000,,CC300,630000,1246.76,D,SA,Payroll/AP
4900003134,2025-03-19,2025-03-01,3000,,CC300,640000,848.35,D,SA,Payroll/AP
4900003135,2025-03-22,2025-03-01,3000,,CC300,660000,840.44,D,SA,Payroll/AP
4900003136,2025-03-18,2025-03-01,1000,,CC400,600000,132134.44,D,SA,Payroll/AP
4900003137,2025-03-13,2025-03-01,1000,,CC400,600100,26345.44,D,SA,Payroll/AP
4900003138,2025-03-13,2025-03-01,1000,,CC400,600200,10058.83,D,SA,Payroll/AP
4900003139,2025-03-27,2025-03-01,1000,,CC400,630000,6574.2,D,SA,Payroll/AP
4900003140,2025-03-12,2025-03-01,1000,,CC400,620000,3644.62,D,SA,Payroll/AP
4900003141,2025-03-25,2025-03-01,1000,,CC400,640000,4241.53,D,SA,Payroll/AP
4900003142,2025-03-26,2025-03-01,2000,,CC400,600000,73236.58,D,SA,Payroll/AP
4900003143,2025-03-05,2025-03-01,2000,,CC400,600100,14488.07,D,SA,Payroll/AP
4900003144,2025-03-10,2025-03-01,2000,,CC400,600200,5445.98,D,SA,Payroll/AP
4900003145,2025-03-02,2025-03-01,2000,,CC400,630000,4271.52,D,SA,Payroll/AP
4900003146,2025-03-10,2025-03-01,2000,,CC400,620000,1770.53,D,SA,Payroll/AP
4900003147,2025-03-23,2025-03-01,2000,,CC400,640000,3122.47,D,SA,Payroll/AP
4900003148,2025-03-03,2025-03-01,3000,,CC400,600000,34102.3,D,SA,Payroll/AP
4900003149,2025-03-12,2025-03-01,3000,,CC400,600100,7549.64,D,SA,Payroll/AP
4900003150,2025-03-15,2025-03-01,3000,,CC400,600200,2779.27,D,SA,Payroll/AP
4900003151,2025-03-21,2025-03-01,3000,,CC400,630000,2022.83,D,SA,Payroll/AP
4900003152,2025-03-09,2025-03-01,3000,,CC400,620000,821.25,D,SA,Payroll/AP
4900003153,2025-03-24,2025-03-01,3000,,CC400,640000,1611.7,D,SA,Payroll/AP
4900003154,2025-03-16,2025-03-01,1000,,CC500,600000,83528.87,D,SA,Payroll/AP
4900003155,2025-03-07,2025-03-01,1000,,CC500,600100,17061.53,D,SA,Payroll/AP
4900003156,2025-03-07,2025-03-01,1000,,CC500,600200,6698.11,D,SA,Payroll/AP
4900003157,2025-03-27,2025-03-01,1000,,CC500,500000,394967.19,D,SA,Payroll/AP
4900003158,2025-03-18,2025-03-01,1000,,CC500,500100,148372.05,D,SA,Payroll/AP
4900003159,2025-03-09,2025-03-01,2000,,CC500,600000,46563.61,D,SA,Payroll/AP
4900003160,2025-03-18,2025-03-01,2000,,CC500,600100,9315.2,D,SA,Payroll/AP
4900003161,2025-03-23,2025-03-01,2000,,CC500,600200,3644.88,D,SA,Payroll/AP
4900003162,2025-03-09,2025-03-01,2000,,CC500,500000,230118.5,D,SA,Payroll/AP
4900003163,2025-03-05,2025-03-01,2000,,CC500,500100,93902.45,D,SA,Payroll/AP
4900003164,2025-03-04,2025-03-01,3000,,CC500,600000,23773.58,D,SA,Payroll/AP
4900003165,2025-03-20,2025-03-01,3000,,CC500,600100,5012.15,D,SA,Payroll/AP
4900003166,2025-03-24,2025-03-01,3000,,CC500,600200,1815.59,D,SA,Payroll/AP
4900003167,2025-03-19,2025-03-01,3000,,CC500,500000,93392.98,D,SA,Payroll/AP
4900003168,2025-03-08,2025-03-01,3000,,CC500,500100,47430.27,D,SA,Payroll/AP
4900003169,2025-04-08,2025-04-01,1000,,CC100,600000,250253.18,D,SA,Payroll/AP
4900003170,2025-04-02,2025-04-01,1000,,CC100,600100,48277.95,D,SA,Payroll/AP
4900003171,2025-04-22,2025-04-01,1000,,CC100,600200,18345.68,D,SA,Payroll/AP
4900003172,2025-04-17,2025-04-01,1000,,CC100,610000,112284.86,D,SA,Payroll/AP
4900003173,2025-04-08,2025-04-01,1000,,CC100,620000,15316.38,D,SA,Payroll/AP
4900003174,2025-04-21,2025-04-01,1000,,CC100,630000,11109.36,D,SA,Payroll/AP
4900003175,2025-04-08,2025-04-01,1000,,CC100,640000,10276.19,D,SA,Payroll/AP
4900003176,2025-04-02,2025-04-01,2000,,CC100,600000,137659.07,D,SA,Payroll/AP
4900003177,2025-04-04,2025-04-01,2000,,CC100,600100,27091.46,D,SA,Payroll/AP
4900003178,2025-04-14,2025-04-01,2000,,CC100,600200,9936.63,D,SA,Payroll/AP
4900003179,2025-04-11,2025-04-01,2000,,CC100,610000,49887.34,D,SA,Payroll/AP
4900003180,2025-04-23,2025-04-01,2000,,CC100,620000,8650.55,D,SA,Payroll/AP
4900003181,2025-04-16,2025-04-01,2000,,CC100,630000,7491.12,D,SA,Payroll/AP
4900003182,2025-04-04,2025-04-01,2000,,CC100,640000,5300.23,D,SA,Payroll/AP
4900003183,2025-04-22,2025-04-01,3000,,CC100,600000,65365.71,D,SA,Payroll/AP
4900003184,2025-04-25,2025-04-01,3000,,CC100,600100,13250.96,D,SA,Payroll/AP
4900003185,2025-04-05,2025-04-01,3000,,CC100,600200,4918.54,D,SA,Payroll/AP
4900003186,2025-04-01,2025-04-01,3000,,CC100,610000,31780.69,D,SA,Payroll/AP
4900003187,2025-04-18,2025-04-01,3000,,CC100,620000,4573.21,D,SA,Payroll/AP
4900003188,2025-04-06,2025-04-01,3000,,CC100,630000,2834.08,D,SA,Payroll/AP
4900003189,2025-04-14,2025-04-01,3000,,CC100,640000,2913.9,D,SA,Payroll/AP
4900003190,2025-04-21,2025-04-01,1000,,CC200,600000,458857.3,D,SA,Payroll/AP
4900003191,2025-04-16,2025-04-01,1000,,CC200,600100,95660.97,D,SA,Payroll/AP
4900003192,2025-04-16,2025-04-01,1000,,CC200,600200,33959.36,D,SA,Payroll/AP
4900003193,2025-04-21,2025-04-01,1000,,CC200,630000,35151.52,D,SA,Payroll/AP
4900003194,2025-04-07,2025-04-01,1000,,CC200,640000,17188.11,D,SA,Payroll/AP
4900003195,2025-04-25,2025-04-01,1000,,CC200,620000,9162.64,D,SA,Payroll/AP
4900003196,2025-04-10,2025-04-01,1000,,CC200,660000,19015.18,D,SA,Payroll/AP
4900003197,2025-04-11,2025-04-01,2000,,CC200,600000,250842.05,D,SA,Payroll/AP
4900003198,2025-04-10,2025-04-01,2000,,CC200,600100,50492.01,D,SA,Payroll/AP
4900003199,2025-04-21,2025-04-01,2000,,CC200,600200,18636.28,D,SA,Payroll/AP
4900003200,2025-04-02,2025-04-01,2000,,CC200,630000,24928.35,D,SA,Payroll/AP
4900003201,2025-04-25,2025-04-01,2000,,CC200,640000,8595.66,D,SA,Payroll/AP
4900003202,2025-04-03,2025-04-01,2000,,CC200,620000,5531.33,D,SA,Payroll/AP
4900003203,2025-04-21,2025-04-01,2000,,CC200,660000,9378.15,D,SA,Payroll/AP
4900003204,2025-04-19,2025-04-01,3000,,CC200,600000,128151.85,D,SA,Payroll/AP
4900003205,2025-04-08,2025-04-01,3000,,CC200,600100,25823.04,D,SA,Payroll/AP
4900003206,2025-04-18,2025-04-01,3000,,CC200,600200,9527.73,D,SA,Payroll/AP
4900003207,2025-04-24,2025-04-01,3000,,CC200,630000,10567.3,D,SA,Payroll/AP
4900003208,2025-04-24,2025-04-01,3000,,CC200,640000,4614.1,D,SA,Payroll/AP
4900003209,2025-04-28,2025-04-01,3000,,CC200,620000,2490.78,D,SA,Payroll/AP
4900003210,2025-04-02,2025-04-01,3000,,CC200,660000,4795.38,D,SA,Payroll/AP
4900003211,2025-04-06,2025-04-01,1000,,CC300,600000,79030.04,D,SA,Payroll/AP
4900003212,2025-04-14,2025-04-01,1000,,CC300,600100,16351.79,D,SA,Payroll/AP
4900003213,2025-04-27,2025-04-01,1000,,CC300,600200,6161.97,D,SA,Payroll/AP
4900003214,2025-04-06,2025-04-01,1000,,CC300,650000,12106.6,D,SA,Payroll/AP
4900003215,2025-04-02,2025-04-01,1000,,CC300,630000,4289.45,D,SA,Payroll/AP
4900003216,2025-04-27,2025-04-01,1000,,CC300,640000,2774.77,D,SA,Payroll/AP
4900003217,2025-04-13,2025-04-01,1000,,CC300,660000,2898.76,D,SA,Payroll/AP
4900003218,2025-04-26,2025-04-01,2000,,CC300,600000,42153.18,D,SA,Payroll/AP
4900003219,2025-04-16,2025-04-01,2000,,CC300,600100,8627.74,D,SA,Payroll/AP
4900003220,2025-04-06,2025-04-01,2000,,CC300,600200,3264.83,D,SA,Payroll/AP
4900003221,2025-04-24,2025-04-01,2000,,CC300,650000,7794.67,D,SA,Payroll/AP
4900003222,2025-04-28,2025-04-01,2000,,CC300,630000,2674.18,D,SA,Payroll/AP
4900003223,2025-04-10,2025-04-01,2000,,CC300,640000,1589.66,D,SA,Payroll/AP
4900003224,2025-04-02,2025-04-01,2000,,CC300,660000,1692.81,D,SA,Payroll/AP
4900003225,2025-04-01,2025-04-01,3000,,CC300,600000,21987.41,D,SA,Payroll/AP
4900003226,2025-04-10,2025-04-01,3000,,CC300,600100,4486.13,D,SA,Payroll/AP
4900003227,2025-04-19,2025-04-01,3000,,CC300,600200,1675.3,D,SA,Payroll/AP
4900003228,2025-04-20,2025-04-01,3000,,CC300,650000,3693.35,D,SA,Payroll/AP
4900003229,2025-04-04,2025-04-01,3000,,CC300,630000,1280.9,D,SA,Payroll/AP
4900003230,2025-04-11,2025-04-01,3000,,CC300,640000,990.56,D,SA,Payroll/AP
4900003231,2025-04-10,2025-04-01,3000,,CC300,660000,768.37,D,SA,Payroll/AP
4900003232,2025-04-15,2025-04-01,1000,,CC400,600000,129620.18,D,SA,Payroll/AP
4900003233,2025-04-21,2025-04-01,1000,,CC400,600100,26992.79,D,SA,Payroll/AP
4900003234,2025-04-18,2025-04-01,1000,,CC400,600200,9982.89,D,SA,Payroll/AP
4900003235,2025-04-17,2025-04-01,1000,,CC400,630000,8911.91,D,SA,Payroll/AP
4900003236,2025-04-16,2025-04-01,1000,,CC400,620000,3145.98,D,SA,Payroll/AP
4900003237,2025-04-05,2025-04-01,1000,,CC400,640000,6191.56,D,SA,Payroll/AP
4900003238,2025-04-28,2025-04-01,2000,,CC400,600000,74341.02,D,SA,Payroll/AP
4900003239,2025-04-17,2025-04-01,2000,,CC400,600100,14958.11,D,SA,Payroll/AP
4900003240,2025-04-15,2025-04-01,2000,,CC400,600200,5700.27,D,SA,Payroll/AP
4900003241,2025-04-09,2025-04-01,2000,,CC400,630000,5169.37,D,SA,Payroll/AP
4900003242,2025-04-07,2025-04-01,2000,,CC400,620000,1756.85,D,SA,Payroll/AP
4900003243,2025-04-26,2025-04-01,2000,,CC400,640000,2564.82,D,SA,Payroll/AP
4900003244,2025-04-04,2025-04-01,3000,,CC400,600000,36022.93,D,SA,Payroll/AP
4900003245,2025-04-11,2025-04-01,3000,,CC400,600100,7504.93,D,SA,Payroll/AP
4900003246,2025-04-06,2025-04-01,3000,,CC400,600200,2774.37,D,SA,Payroll/AP
4900003247,2025-04-24,2025-04-01,3000,,CC400,630000,1941.97,D,SA,Payroll/AP
4900003248,2025-04-15,2025-04-01,3000,,CC400,620000,848.19,D,SA,Payroll/AP
4900003249,2025-04-21,2025-04-01,3000,,CC400,640000,1373.1,D,SA,Payroll/AP
4900003250,2025-04-09,2025-04-01,1000,,CC500,600000,86040.15,D,SA,Payroll/AP
4900003251,2025-04-23,2025-04-01,1000,,CC500,600100,18373.34,D,SA,Payroll/AP
4900003252,2025-04-06,2025-04-01,1000,,CC500,600200,6444.76,D,SA,Payroll/AP
4900003253,2025-04-01,2025-04-01,1000,,CC500,500000,406211.99,D,SA,Payroll/AP
4900003254,2025-04-24,2025-04-01,1000,,CC500,500100,190389.08,D,SA,Payroll/AP
4900003255,2025-04-11,2025-04-01,2000,,CC500,600000,49458.54,D,SA,Payroll/AP
4900003256,2025-04-26,2025-04-01,2000,,CC500,600100,9625.99,D,SA,Payroll/AP
4900003257,2025-04-10,2025-04-01,2000,,CC500,600200,3674.95,D,SA,Payroll/AP
4900003258,2025-04-19,2025-04-01,2000,,CC500,500000,224380.6,D,SA,Payroll/AP
4900003259,2025-04-22,2025-04-01,2000,,CC500,500100,92757.95,D,SA,Payroll/AP
4900003260,2025-04-25,2025-04-01,3000,,CC500,600000,23607.9,D,SA,Payroll/AP
4900003261,2025-04-07,2025-04-01,3000,,CC500,600100,4894.55,D,SA,Payroll/AP
4900003262,2025-04-06,2025-04-01,3000,,CC500,600200,1727.44,D,SA,Payroll/AP
4900003263,2025-04-20,2025-04-01,3000,,CC500,500000,113382.38,D,SA,Payroll/AP
4900003264,2025-04-28,2025-04-01,3000,,CC500,500100,46063.71,D,SA,Payroll/AP
4900003265,2025-05-21,2025-05-01,1000,,CC100,600000,241315.96,D,SA,Payroll/AP
4900003266,2025-05-13,2025-05-01,1000,,CC100,600100,51757.43,D,SA,Payroll/AP
4900003267,2025-05-27,2025-05-01,1000,,CC100,600200,18394.04,D,SA,Payroll/AP
4900003268,2025-05-14,2025-05-01,1000,,CC100,610000,104382.64,D,SA,Payroll/AP
4900003269,2025-05-17,2025-05-01,1000,,CC100,620000,18632.61,D,SA,Payroll/AP
4900003270,2025-05-11,2025-05-01,1000,,CC100,630000,11396.19,D,SA,Payroll/AP
4900003271,2025-05-03,2025-05-01,1000,,CC100,640000,8810.0,D,SA,Payroll/AP
4900003272,2025-05-13,2025-05-01,2000,,CC100,600000,131455.27,D,SA,Payroll/AP
4900003273,2025-05-22,2025-05-01,2000,,CC100,600100,27499.46,D,SA,Payroll/AP
4900003274,2025-05-04,2025-05-01,2000,,CC100,600200,10183.92,D,SA,Payroll/AP
4900003275,2025-05-06,2025-05-01,2000,,CC100,610000,51513.09,D,SA,Payroll/AP
4900003276,2025-05-05,2025-05-01,2000,,CC100,620000,8001.71,D,SA,Payroll/AP
4900003277,2025-05-16,2025-05-01,2000,,CC100,630000,6350.53,D,SA,Payroll/AP
4900003278,2025-05-11,2025-05-01,2000,,CC100,640000,5031.72,D,SA,Payroll/AP
4900003279,2025-05-08,2025-05-01,3000,,CC100,600000,66895.86,D,SA,Payroll/AP
4900003280,2025-05-01,2025-05-01,3000,,CC100,600100,13720.15,D,SA,Payroll/AP
4900003281,2025-05-09,2025-05-01,3000,,CC100,600200,4921.14,D,SA,Payroll/AP
4900003282,2025-05-13,2025-05-01,3000,,CC100,610000,32930.58,D,SA,Payroll/AP
4900003283,2025-05-08,2025-05-01,3000,,CC100,620000,4359.37,D,SA,Payroll/AP
4900003284,2025-05-15,2025-05-01,3000,,CC100,630000,3872.55,D,SA,Payroll/AP
4900003285,2025-05-25,2025-05-01,3000,,CC100,640000,2664.51,D,SA,Payroll/AP
4900003286,2025-05-09,2025-05-01,1000,,CC200,600000,471125.06,D,SA,Payroll/AP
4900003287,2025-05-11,2025-05-01,1000,,CC200,600100,95440.57,D,SA,Payroll/AP
4900003288,2025-05-10,2025-05-01,1000,,CC200,600200,36414.07,D,SA,Payroll/AP
4900003289,2025-05-19,2025-05-01,1000,,CC200,630000,43529.75,D,SA,Payroll/AP
4900003290,2025-05-24,2025-05-01,1000,,CC200,640000,17556.07,D,SA,Payroll/AP
4900003291,2025-05-19,2025-05-01,1000,,CC200,620000,10879.31,D,SA,Payroll/AP
4900003292,2025-05-01,2025-05-01,1000,,CC200,660000,18517.79,D,SA,Payroll/AP
4900003293,2025-05-09,2025-05-01,2000,,CC200,600000,255003.2,D,SA,Payroll/AP
4900003294,2025-05-21,2025-05-01,2000,,CC200,600100,50394.85,D,SA,Payroll/AP
4900003295,2025-05-12,2025-05-01,2000,,CC200,600200,18893.41,D,SA,Payroll/AP
4900003296,2025-05-23,2025-05-01,2000,,CC200,630000,23287.56,D,SA,Payroll/AP
4900003297,2025-05-08,2025-05-01,2000,,CC200,640000,9837.65,D,SA,Payroll/AP
4900003298,2025-05-02,2025-05-01,2000,,CC200,620000,4550.53,D,SA,Payroll/AP
4900003299,2025-05-22,2025-05-01,2000,,CC200,660000,9764.9,D,SA,Payroll/AP
4900003300,2025-05-04,2025-05-01,3000,,CC200,600000,129516.04,D,SA,Payroll/AP
4900003301,2025-05-15,2025-05-01,3000,,CC200,600100,26107.4,D,SA,Payroll/AP
4900003302,2025-05-10,2025-05-01,3000,,CC200,600200,9435.63,D,SA,Payroll/AP
4900003303,2025-05-06,2025-05-01,3000,,CC200,630000,11139.69,D,SA,Payroll/AP
4900003304,2025-05-13,2025-05-01,3000,,CC200,640000,4439.35,D,SA,Payroll/AP
4900003305,2025-05-22,2025-05-01,3000,,CC200,620000,2320.4,D,SA,Payroll/AP
4900003306,2025-05-17,2025-05-01,3000,,CC200,660000,4728.14,D,SA,Payroll/AP
4900003307,2025-05-23,2025-05-01,1000,,CC300,600000,80832.8,D,SA,Payroll/AP
4900003308,2025-05-25,2025-05-01,1000,,CC300,600100,16320.77,D,SA,Payroll/AP
4900003309,2025-05-10,2025-05-01,1000,,CC300,600200,6261.85,D,SA,Payroll/AP
4900003310,2025-05-23,2025-05-01,1000,,CC300,650000,14814.84,D,SA,Payroll/AP
4900003311,2025-05-04,2025-05-01,1000,,CC300,630000,2959.2,D,SA,Payroll/AP
4900003312,2025-05-21,2025-05-01,1000,,CC300,640000,3783.36,D,SA,Payroll/AP
4900003313,2025-05-10,2025-05-01,1000,,CC300,660000,3309.82,D,SA,Payroll/AP
4900003314,2025-05-12,2025-05-01,2000,,CC300,600000,44115.1,D,SA,Payroll/AP
4900003315,2025-05-20,2025-05-01,2000,,CC300,600100,9121.31,D,SA,Payroll/AP
4900003316,2025-05-08,2025-05-01,2000,,CC300,600200,3339.08,D,SA,Payroll/AP
4900003317,2025-05-08,2025-05-01,2000,,CC300,650000,9997.51,D,SA,Payroll/AP
4900003318,2025-05-05,2025-05-01,2000,,CC300,630000,2711.95,D,SA,Payroll/AP
4900003319,2025-05-16,2025-05-01,2000,,CC300,640000,1736.39,D,SA,Payroll/AP
4900003320,2025-05-05,2025-05-01,2000,,CC300,660000,1797.09,D,SA,Payroll/AP
4900003321,2025-05-15,2025-05-01,3000,,CC300,600000,21937.11,D,SA,Payroll/AP
4900003322,2025-05-24,2025-05-01,3000,,CC300,600100,4364.32,D,SA,Payroll/AP
4900003323,2025-05-20,2025-05-01,3000,,CC300,600200,1667.72,D,SA,Payroll/AP
4900003324,2025-05-12,2025-05-01,3000,,CC300,650000,4259.4,D,SA,Payroll/AP
4900003325,2025-05-14,2025-05-01,3000,,CC300,630000,1070.09,D,SA,Payroll/AP
4900003326,2025-05-23,2025-05-01,3000,,CC300,640000,822.4,D,SA,Payroll/AP
4900003327,2025-05-18,2025-05-01,3000,,CC300,660000,836.95,D,SA,Payroll/AP
4900003328,2025-05-16,2025-05-01,1000,,CC400,600000,135121.71,D,SA,Payroll/AP
4900003329,2025-05-25,2025-05-01,1000,,CC400,600100,27791.2,D,SA,Payroll/AP
4900003330,2025-05-18,2025-05-01,1000,,CC400,600200,10189.98,D,SA,Payroll/AP
4900003331,2025-05-26,2025-05-01,1000,,CC400,630000,8053.62,D,SA,Payroll/AP
4900003332,2025-05-22,2025-05-01,1000,,CC400,620000,3024.49,D,SA,Payroll/AP
4900003333,2025-05-27,2025-05-01,1000,,CC400,640000,5714.4,D,SA,Payroll/AP
4900003334,2025-05-07,2025-05-01,2000,,CC400,600000,71009.41,D,SA,Payroll/AP
4900003335,2025-05-25,2025-05-01,2000,,CC400,600100,15557.26,D,SA,Payroll/AP
4900003336,2025-05-08,2025-05-01,2000,,CC400,600200,5860.52,D,SA,Payroll/AP
4900003337,2025-05-22,2025-05-01,2000,,CC400,630000,4608.41,D,SA,Payroll/AP
4900003338,2025-05-25,2025-05-01,2000,,CC400,620000,1406.0,D,SA,Payroll/AP
4900003339,2025-05-20,2025-05-01,2000,,CC400,640000,2748.19,D,SA,Payroll/AP
4900003340,2025-05-28,2025-05-01,3000,,CC400,600000,36678.45,D,SA,Payroll/AP
4900003341,2025-05-26,2025-05-01,3000,,CC400,600100,7381.19,D,SA,Payroll/AP
4900003342,2025-05-03,2025-05-01,3000,,CC400,600200,2795.94,D,SA,Payroll/AP
4900003343,2025-05-17,2025-05-01,3000,,CC400,630000,2714.44,D,SA,Payroll/AP
4900003344,2025-05-15,2025-05-01,3000,,CC400,620000,1004.3,D,SA,Payroll/AP
4900003345,2025-05-17,2025-05-01,3000,,CC400,640000,1281.93,D,SA,Payroll/AP
4900003346,2025-05-23,2025-05-01,1000,,CC500,600000,85239.15,D,SA,Payroll/AP
4900003347,2025-05-12,2025-05-01,1000,,CC500,600100,17943.94,D,SA,Payroll/AP
4900003348,2025-05-03,2025-05-01,1000,,CC500,600200,6744.36,D,SA,Payroll/AP
4900003349,2025-05-19,2025-05-01,1000,,CC500,500000,414713.06,D,SA,Payroll/AP
4900003350,2025-05-04,2025-05-01,1000,,CC500,500100,160267.31,D,SA,Payroll/AP
4900003351,2025-05-02,2025-05-01,2000,,CC500,600000,48753.3,D,SA,Payroll/AP
4900003352,2025-05-27,2025-05-01,2000,,CC500,600100,10282.54,D,SA,Payroll/AP
4900003353,2025-05-18,2025-05-01,2000,,CC500,600200,3772.82,D,SA,Payroll/AP
4900003354,2025-05-17,2025-05-01,2000,,CC500,500000,215508.14,D,SA,Payroll/AP
4900003355,2025-05-07,2025-05-01,2000,,CC500,500100,91107.16,D,SA,Payroll/AP
4900003356,2025-05-19,2025-05-01,3000,,CC500,600000,23537.36,D,SA,Payroll/AP
4900003357,2025-05-18,2025-05-01,3000,,CC500,600100,4977.69,D,SA,Payroll/AP
4900003358,2025-05-05,2025-05-01,3000,,CC500,600200,1800.7,D,SA,Payroll/AP
4900003359,2025-05-06,2025-05-01,3000,,CC500,500000,106856.25,D,SA,Payroll/AP
4900003360,2025-05-11,2025-05-01,3000,,CC500,500100,45822.77,D,SA,Payroll/AP
4900003361,2025-06-28,2025-06-01,1000,,CC100,600000,241298.78,D,SA,Payroll/AP
4900003362,2025-06-17,2025-06-01,1000,,CC100,600100,48626.52,D,SA,Payroll/AP
4900003363,2025-06-15,2025-06-01,1000,,CC100,600200,18870.72,D,SA,Payroll/AP
4900003364,2025-06-04,2025-06-01,1000,,CC100,610000,108705.51,D,SA,Payroll/AP
4900003365,2025-06-22,2025-06-01,1000,,CC100,620000,16406.28,D,SA,Payroll/AP
4900003366,2025-06-07,2025-06-01,1000,,CC100,630000,11832.75,D,SA,Payroll/AP
4900003367,2025-06-23,2025-06-01,1000,,CC100,640000,10519.3,D,SA,Payroll/AP
4900003368,2025-06-19,2025-06-01,2000,,CC100,600000,130620.41,D,SA,Payroll/AP
4900003369,2025-06-16,2025-06-01,2000,,CC100,600100,28205.98,D,SA,Payroll/AP
4900003370,2025-06-03,2025-06-01,2000,,CC100,600200,9869.6,D,SA,Payroll/AP
4900003371,2025-06-17,2025-06-01,2000,,CC100,610000,62251.59,D,SA,Payroll/AP
4900003372,2025-06-15,2025-06-01,2000,,CC100,620000,8927.74,D,SA,Payroll/AP
4900003373,2025-06-26,2025-06-01,2000,,CC100,630000,6275.63,D,SA,Payroll/AP
4900003374,2025-06-02,2025-06-01,2000,,CC100,640000,5330.55,D,SA,Payroll/AP
4900003375,2025-06-15,2025-06-01,3000,,CC100,600000,68177.03,D,SA,Payroll/AP
4900003376,2025-06-05,2025-06-01,3000,,CC100,600100,13031.51,D,SA,Payroll/AP
4900003377,2025-06-17,2025-06-01,3000,,CC100,600200,5164.95,D,SA,Payroll/AP
4900003378,2025-06-14,2025-06-01,3000,,CC100,610000,22391.77,D,SA,Payroll/AP
4900003379,2025-06-15,2025-06-01,3000,,CC100,620000,3849.78,D,SA,Payroll/AP
4900003380,2025-06-19,2025-06-01,3000,,CC100,630000,3964.41,D,SA,Payroll/AP
4900003381,2025-06-02,2025-06-01,3000,,CC100,640000,2408.02,D,SA,Payroll/AP
4900003382,2025-06-18,2025-06-01,1000,,CC200,600000,454229.79,D,SA,Payroll/AP
4900003383,2025-06-15,2025-06-01,1000,,CC200,600100,95037.74,D,SA,Payroll/AP
4900003384,2025-06-22,2025-06-01,1000,,CC200,600200,37260.63,D,SA,Payroll/AP
4900003385,2025-06-26,2025-06-01,1000,,CC200,630000,34098.04,D,SA,Payroll/AP
4900003386,2025-06-10,2025-06-01,1000,,CC200,640000,16009.56,D,SA,Payroll/AP
4900003387,2025-06-24,2025-06-01,1000,,CC200,620000,10284.68,D,SA,Payroll/AP
4900003388,2025-06-01,2025-06-01,1000,,CC200,660000,19552.15,D,SA,Payroll/AP
4900003389,2025-06-13,2025-06-01,2000,,CC200,600000,253193.55,D,SA,Payroll/AP
4900003390,2025-06-09,2025-06-01,2000,,CC200,600100,50755.07,D,SA,Payroll/AP
4900003391,2025-06-27,2025-06-01,2000,,CC200,600200,20334.88,D,SA,Payroll/AP
4900003392,2025-06-01,2025-06-01,2000,,CC200,630000,26400.08,D,SA,Payroll/AP
4900003393,2025-06-24,2025-06-01,2000,,CC200,640000,10420.94,D,SA,Payroll/AP
4900003394,2025-06-07,2025-06-01,2000,,CC200,620000,4482.81,D,SA,Payroll/AP
4900003395,2025-06-19,2025-06-01,2000,,CC200,660000,9734.48,D,SA,Payroll/AP
4900003396,2025-06-03,2025-06-01,3000,,CC200,600000,126452.34,D,SA,Payroll/AP
4900003397,2025-06-02,2025-06-01,3000,,CC200,600100,26194.59,D,SA,Payroll/AP
4900003398,2025-06-14,2025-06-01,3000,,CC200,600200,10041.59,D,SA,Payroll/AP
4900003399,2025-06-12,2025-06-01,3000,,CC200,630000,12386.0,D,SA,Payroll/AP
4900003400,2025-06-23,2025-06-01,3000,,CC200,640000,4353.53,D,SA,Payroll/AP
4900003401,2025-06-03,2025-06-01,3000,,CC200,620000,2775.41,D,SA,Payroll/AP
4900003402,2025-06-18,2025-06-01,3000,,CC200,660000,4955.59,D,SA,Payroll/AP
4900003403,2025-06-02,2025-06-01,1000,,CC300,600000,82914.71,D,SA,Payroll/AP
4900003404,2025-06-03,2025-06-01,1000,,CC300,600100,17269.7,D,SA,Payroll/AP
4900003405,2025-06-16,2025-06-01,1000,,CC300,600200,6151.73,D,SA,Payroll/AP
4900003406,2025-06-02,2025-06-01,1000,,CC300,650000,15672.65,D,SA,Payroll/AP
4900003407,2025-06-10,2025-06-01,1000,,CC300,630000,3971.49,D,SA,Payroll/AP
4900003408,2025-06-14,2025-06-01,1000,,CC300,640000,2652.58,D,SA,Payroll/AP
4900003409,2025-06-06,2025-06-01,1000,,CC300,660000,3200.33,D,SA,Payroll/AP
4900003410,2025-06-25,2025-06-01,2000,,CC300,600000,46784.41,D,SA,Payroll/AP
4900003411,2025-06-05,2025-06-01,2000,,CC300,600100,8801.51,D,SA,Payroll/AP
4900003412,2025-06-25,2025-06-01,2000,,CC300,600200,3424.46,D,SA,Payroll/AP
4900003413,2025-06-21,2025-06-01,2000,,CC300,650000,9115.42,D,SA,Payroll/AP
4900003414,2025-06-24,2025-06-01,2000,,CC300,630000,2312.57,D,SA,Payroll/AP
4900003415,2025-06-21,2025-06-01,2000,,CC300,640000,1693.95,D,SA,Payroll/AP
4900003416,2025-06-14,2025-06-01,2000,,CC300,660000,1602.04,D,SA,Payroll/AP
4900003417,2025-06-12,2025-06-01,3000,,CC300,600000,22010.25,D,SA,Payroll/AP
4900003418,2025-06-13,2025-06-01,3000,,CC300,600100,4425.98,D,SA,Payroll/AP
4900003419,2025-06-15,2025-06-01,3000,,CC300,600200,1611.44,D,SA,Payroll/AP
4900003420,2025-06-28,2025-06-01,3000,,CC300,650000,4716.42,D,SA,Payroll/AP
4900003421,2025-06-13,2025-06-01,3000,,CC300,630000,1231.17,D,SA,Payroll/AP
4900003422,2025-06-13,2025-06-01,3000,,CC300,640000,846.98,D,SA,Payroll/AP
4900003423,2025-06-03,2025-06-01,3000,,CC300,660000,852.28,D,SA,Payroll/AP
4900003424,2025-06-22,2025-06-01,1000,,CC400,600000,139943.21,D,SA,Payroll/AP
4900003425,2025-06-22,2025-06-01,1000,,CC400,600100,28228.57,D,SA,Payroll/AP
4900003426,2025-06-28,2025-06-01,1000,,CC400,600200,10728.97,D,SA,Payroll/AP
4900003427,2025-06-18,2025-06-01,1000,,CC400,630000,8520.78,D,SA,Payroll/AP
4900003428,2025-06-05,2025-06-01,1000,,CC400,620000,3973.68,D,SA,Payroll/AP
4900003429,2025-06-21,2025-06-01,1000,,CC400,640000,5438.24,D,SA,Payroll/AP
4900003430,2025-06-28,2025-06-01,2000,,CC400,600000,75265.88,D,SA,Payroll/AP
4900003431,2025-06-12,2025-06-01,2000,,CC400,600100,14988.81,D,SA,Payroll/AP
4900003432,2025-06-04,2025-06-01,2000,,CC400,600200,5800.4,D,SA,Payroll/AP
4900003433,2025-06-06,2025-06-01,2000,,CC400,630000,4406.24,D,SA,Payroll/AP
4900003434,2025-06-18,2025-06-01,2000,,CC400,620000,1799.73,D,SA,Payroll/AP
4900003435,2025-06-13,2025-06-01,2000,,CC400,640000,2648.52,D,SA,Payroll/AP
4900003436,2025-06-17,2025-06-01,3000,,CC400,600000,36688.04,D,SA,Payroll/AP
4900003437,2025-06-05,2025-06-01,3000,,CC400,600100,8016.51,D,SA,Payroll/AP
4900003438,2025-06-24,2025-06-01,3000,,CC400,600200,2960.43,D,SA,Payroll/AP
4900003439,2025-06-08,2025-06-01,3000,,CC400,630000,2864.51,D,SA,Payroll/AP
4900003440,2025-06-27,2025-06-01,3000,,CC400,620000,843.67,D,SA,Payroll/AP
4900003441,2025-06-01,2025-06-01,3000,,CC400,640000,1452.1,D,SA,Payroll/AP
4900003442,2025-06-25,2025-06-01,1000,,CC500,600000,87615.25,D,SA,Payroll/AP
4900003443,2025-06-01,2025-06-01,1000,,CC500,600100,18192.95,D,SA,Payroll/AP
4900003444,2025-06-10,2025-06-01,1000,,CC500,600200,6791.58,D,SA,Payroll/AP
4900003445,2025-06-15,2025-06-01,1000,,CC500,500000,453614.06,D,SA,Payroll/AP
4900003446,2025-06-22,2025-06-01,1000,,CC500,500100,166112.09,D,SA,Payroll/AP
4900003447,2025-06-24,2025-06-01,2000,,CC500,600000,50265.16,D,SA,Payroll/AP
4900003448,2025-06-18,2025-06-01,2000,,CC500,600100,10217.07,D,SA,Payroll/AP
4900003449,2025-06-14,2025-06-01,2000,,CC500,600200,3960.08,D,SA,Payroll/AP
4900003450,2025-06-18,2025-06-01,2000,,CC500,500000,188159.58,D,SA,Payroll/AP
4900003451,2025-06-13,2025-06-01,2000,,CC500,500100,106559.07,D,SA,Payroll/AP
4900003452,2025-06-27,2025-06-01,3000,,CC500,600000,25170.99,D,SA,Payroll/AP
4900003453,2025-06-08,2025-06-01,3000,,CC500,600100,4949.28,D,SA,Payroll/AP
4900003454,2025-06-08,2025-06-01,3000,,CC500,600200,1930.96,D,SA,Payroll/AP
4900003455,2025-06-15,2025-06-01,3000,,CC500,500000,114126.63,D,SA,Payroll/AP
4900003456,2025-06-12,2025-06-01,3000,,CC500,500100,46244.32,D,SA,Payroll/AP
4900003457,2025-07-05,2025-07-01,1000,,CC100,600000,240251.1,D,SA,Payroll/AP
4900003458,2025-07-09,2025-07-01,1000,,CC100,600100,49387.33,D,SA,Payroll/AP
4900003459,2025-07-07,2025-07-01,1000,,CC100,600200,19560.84,D,SA,Payroll/AP
4900003460,2025-07-24,2025-07-01,1000,,CC100,610000,109618.72,D,SA,Payroll/AP
4900003461,2025-07-25,2025-07-01,1000,,CC100,620000,16883.47,D,SA,Payroll/AP
4900003462,2025-07-04,2025-07-01,1000,,CC100,630000,11536.24,D,SA,Payroll/AP
4900003463,2025-07-02,2025-07-01,1000,,CC100,640000,8662.56,D,SA,Payroll/AP
4900003464,2025-07-26,2025-07-01,2000,,CC100,600000,136125.02,D,SA,Payroll/AP
4900003465,2025-07-22,2025-07-01,2000,,CC100,600100,26593.91,D,SA,Payroll/AP
4900003466,2025-07-14,2025-07-01,2000,,CC100,600200,10164.25,D,SA,Payroll/AP
4900003467,2025-07-20,2025-07-01,2000,,CC100,610000,59991.39,D,SA,Payroll/AP
4900003468,2025-07-25,2025-07-01,2000,,CC100,620000,8636.26,D,SA,Payroll/AP
4900003469,2025-07-01,2025-07-01,2000,,CC100,630000,6710.54,D,SA,Payroll/AP
4900003470,2025-07-08,2025-07-01,2000,,CC100,640000,5327.53,D,SA,Payroll/AP
4900003471,2025-07-07,2025-07-01,3000,,CC100,600000,67544.03,D,SA,Payroll/AP
4900003472,2025-07-03,2025-07-01,3000,,CC100,600100,13866.6,D,SA,Payroll/AP
4900003473,2025-07-04,2025-07-01,3000,,CC100,600200,5023.64,D,SA,Payroll/AP
4900003474,2025-07-20,2025-07-01,3000,,CC100,610000,29044.52,D,SA,Payroll/AP
4900003475,2025-07-02,2025-07-01,3000,,CC100,620000,4780.8,D,SA,Payroll/AP
4900003476,2025-07-15,2025-07-01,3000,,CC100,630000,3722.11,D,SA,Payroll/AP
4900003477,2025-07-20,2025-07-01,3000,,CC100,640000,2210.57,D,SA,Payroll/AP
4900003478,2025-07-22,2025-07-01,1000,,CC200,600000,479043.91,D,SA,Payroll/AP
4900003479,2025-07-23,2025-07-01,1000,,CC200,600100,93718.79,D,SA,Payroll/AP
4900003480,2025-07-28,2025-07-01,1000,,CC200,600200,36626.65,D,SA,Payroll/AP
4900003481,2025-07-02,2025-07-01,1000,,CC200,630000,50792.78,D,SA,Payroll/AP
4900003482,2025-07-08,2025-07-01,1000,,CC200,640000,16561.87,D,SA,Payroll/AP
4900003483,2025-07-24,2025-07-01,1000,,CC200,620000,8384.83,D,SA,Payroll/AP
4900003484,2025-07-02,2025-07-01,1000,,CC200,660000,18995.09,D,SA,Payroll/AP
4900003485,2025-07-13,2025-07-01,2000,,CC200,600000,251559.74,D,SA,Payroll/AP
4900003486,2025-07-15,2025-07-01,2000,,CC200,600100,52571.1,D,SA,Payroll/AP
4900003487,2025-07-08,2025-07-01,2000,,CC200,600200,20205.03,D,SA,Payroll/AP
4900003488,2025-07-18,2025-07-01,2000,,CC200,630000,21817.11,D,SA,Payroll/AP
4900003489,2025-07-07,2025-07-01,2000,,CC200,640000,9747.84,D,SA,Payroll/AP
4900003490,2025-07-25,2025-07-01,2000,,CC200,620000,5363.19,D,SA,Payroll/AP
4900003491,2025-07-28,2025-07-01,2000,,CC200,660000,10193.85,D,SA,Payroll/AP
4900003492,2025-07-25,2025-07-01,3000,,CC200,600000,131009.64,D,SA,Payroll/AP
4900003493,2025-07-02,2025-07-01,3000,,CC200,600100,26549.82,D,SA,Payroll/AP
4900003494,2025-07-05,2025-07-01,3000,,CC200,600200,10098.36,D,SA,Payroll/AP
4900003495,2025-07-17,2025-07-01,3000,,CC200,630000,11550.16,D,SA,Payroll/AP
4900003496,2025-07-10,2025-07-01,3000,,CC200,640000,5241.54,D,SA,Payroll/AP
4900003497,2025-07-08,2025-07-01,3000,,CC200,620000,2381.51,D,SA,Payroll/AP
4900003498,2025-07-27,2025-07-01,3000,,CC200,660000,4966.33,D,SA,Payroll/AP
4900003499,2025-07-24,2025-07-01,1000,,CC300,600000,80346.24,D,SA,Payroll/AP
4900003500,2025-07-19,2025-07-01,1000,,CC300,600100,16802.41,D,SA,Payroll/AP
4900003501,2025-07-11,2025-07-01,1000,,CC300,600200,6203.05,D,SA,Payroll/AP
4900003502,2025-07-19,2025-07-01,1000,,CC300,650000,14007.2,D,SA,Payroll/AP
4900003503,2025-07-20,2025-07-01,1000,,CC300,630000,4312.28,D,SA,Payroll/AP
4900003504,2025-07-25,2025-07-01,1000,,CC300,640000,3219.73,D,SA,Payroll/AP
4900003505,2025-07-22,2025-07-01,1000,,CC300,660000,3276.07,D,SA,Payroll/AP
4900003506,2025-07-27,2025-07-01,2000,,CC300,600000,44258.97,D,SA,Payroll/AP
4900003507,2025-07-11,2025-07-01,2000,,CC300,600100,9232.46,D,SA,Payroll/AP
4900003508,2025-07-08,2025-07-01,2000,,CC300,600200,3471.98,D,SA,Payroll/AP
4900003509,2025-07-10,2025-07-01,2000,,CC300,650000,8967.22,D,SA,Payroll/AP
4900003510,2025-07-05,2025-07-01,2000,,CC300,630000,2100.4,D,SA,Payroll/AP
4900003511,2025-07-22,2025-07-01,2000,,CC300,640000,1742.72,D,SA,Payroll/AP
4900003512,2025-07-17,2025-07-01,2000,,CC300,660000,1748.34,D,SA,Payroll/AP
4900003513,2025-07-08,2025-07-01,3000,,CC300,600000,22691.15,D,SA,Payroll/AP
4900003514,2025-07-14,2025-07-01,3000,,CC300,600100,4459.72,D,SA,Payroll/AP
4900003515,2025-07-10,2025-07-01,3000,,CC300,600200,1750.82,D,SA,Payroll/AP
4900003516,2025-07-09,2025-07-01,3000,,CC300,650000,5328.4,D,SA,Payroll/AP
4900003517,2025-07-02,2025-07-01,3000,,CC300,630000,1121.59,D,SA,Payroll/AP
4900003518,2025-07-18,2025-07-01,3000,,CC300,640000,809.08,D,SA,Payroll/AP
4900003519,2025-07-19,2025-07-01,3000,,CC300,660000,888.9,D,SA,Payroll/AP
4900003520,2025-07-24,2025-07-01,1000,,CC400,600000,139530.81,D,SA,Payroll/AP
4900003521,2025-07-06,2025-07-01,1000,,CC400,600100,29122.52,D,SA,Payroll/AP
4900003522,2025-07-21,2025-07-01,1000,,CC400,600200,10398.16,D,SA,Payroll/AP
4900003523,2025-07-22,2025-07-01,1000,,CC400,630000,9538.86,D,SA,Payroll/AP
4900003524,2025-07-14,2025-07-01,1000,,CC400,620000,3765.42,D,SA,Payroll/AP
4900003525,2025-07-18,2025-07-01,1000,,CC400,640000,5257.44,D,SA,Payroll/AP
4900003526,2025-07-16,2025-07-01,2000,,CC400,600000,76335.07,D,SA,Payroll/AP
4900003527,2025-07-02,2025-07-01,2000,,CC400,600100,15873.35,D,SA,Payroll/AP
4900003528,2025-07-12,2025-07-01,2000,,CC400,600200,5934.18,D,SA,Payroll/AP
4900003529,2025-07-21,2025-07-01,2000,,CC400,630000,4304.8,D,SA,Payroll/AP
4900003530,2025-07-22,2025-07-01,2000,,CC400,620000,2103.59,D,SA,Payroll/AP
4900003531,2025-07-13,2025-07-01,2000,,CC400,640000,2897.35,D,SA,Payroll/AP
4900003532,2025-07-26,2025-07-01,3000,,CC400,600000,37623.95,D,SA,Payroll/AP
4900003533,2025-07-17,2025-07-01,3000,,CC400,600100,7717.78,D,SA,Payroll/AP
4900003534,2025-07-11,2025-07-01,3000,,CC400,600200,2881.25,D,SA,Payroll/AP
4900003535,2025-07-23,2025-07-01,3000,,CC400,630000,2695.28,D,SA,Payroll/AP
4900003536,2025-07-14,2025-07-01,3000,,CC400,620000,955.25,D,SA,Payroll/AP
4900003537,2025-07-14,2025-07-01,3000,,CC400,640000,1283.2,D,SA,Payroll/AP
4900003538,2025-07-05,2025-07-01,1000,,CC500,600000,89428.75,D,SA,Payroll/AP
4900003539,2025-07-10,2025-07-01,1000,,CC500,600100,18555.97,D,SA,Payroll/AP
4900003540,2025-07-13,2025-07-01,1000,,CC500,600200,7104.17,D,SA,Payroll/AP
4900003541,2025-07-06,2025-07-01,1000,,CC500,500000,428859.41,D,SA,Payroll/AP
4900003542,2025-07-25,2025-07-01,1000,,CC500,500100,158599.28,D,SA,Payroll/AP
4900003543,2025-07-18,2025-07-01,2000,,CC500,600000,51772.34,D,SA,Payroll/AP
4900003544,2025-07-16,2025-07-01,2000,,CC500,600100,10170.68,D,SA,Payroll/AP
4900003545,2025-07-08,2025-07-01,2000,,CC500,600200,3890.69,D,SA,Payroll/AP
4900003546,2025-07-28,2025-07-01,2000,,CC500,500000,217954.11,D,SA,Payroll/AP
4900003547,2025-07-08,2025-07-01,2000,,CC500,500100,99906.68,D,SA,Payroll/AP
4900003548,2025-07-10,2025-07-01,3000,,CC500,600000,25074.48,D,SA,Payroll/AP
4900003549,2025-07-28,2025-07-01,3000,,CC500,600100,5181.8,D,SA,Payroll/AP
4900003550,2025-07-23,2025-07-01,3000,,CC500,600200,1937.07,D,SA,Payroll/AP
4900003551,2025-07-05,2025-07-01,3000,,CC500,500000,120307.24,D,SA,Payroll/AP
4900003552,2025-07-26,2025-07-01,3000,,CC500,500100,45929.68,D,SA,Payroll/AP
4900003553,2025-08-15,2025-08-01,1000,,CC100,600000,242008.63,D,SA,Payroll/AP
4900003554,2025-08-02,2025-08-01,1000,,CC100,600100,50551.08,D,SA,Payroll/AP
4900003555,2025-08-18,2025-08-01,1000,,CC100,600200,19182.83,D,SA,Payroll/AP
4900003556,2025-08-14,2025-08-01,1000,,CC100,610000,107403.16,D,SA,Payroll/AP
4900003557,2025-08-14,2025-08-01,1000,,CC100,620000,17364.38,D,SA,Payroll/AP
4900003558,2025-08-18,2025-08-01,1000,,CC100,630000,14377.91,D,SA,Payroll/AP
4900003559,2025-08-17,2025-08-01,1000,,CC100,640000,8552.91,D,SA,Payroll/AP
4900003560,2025-08-05,2025-08-01,2000,,CC100,600000,131296.52,D,SA,Payroll/AP
4900003561,2025-08-13,2025-08-01,2000,,CC100,600100,27314.2,D,SA,Payroll/AP
4900003562,2025-08-08,2025-08-01,2000,,CC100,600200,10334.86,D,SA,Payroll/AP
4900003563,2025-08-09,2025-08-01,2000,,CC100,610000,56774.94,D,SA,Payroll/AP
4900003564,2025-08-07,2025-08-01,2000,,CC100,620000,9717.17,D,SA,Payroll/AP
4900003565,2025-08-11,2025-08-01,2000,,CC100,630000,7138.17,D,SA,Payroll/AP
4900003566,2025-08-21,2025-08-01,2000,,CC100,640000,5156.09,D,SA,Payroll/AP
4900003567,2025-08-03,2025-08-01,3000,,CC100,600000,64848.42,D,SA,Payroll/AP
4900003568,2025-08-15,2025-08-01,3000,,CC100,600100,13335.14,D,SA,Payroll/AP
4900003569,2025-08-28,2025-08-01,3000,,CC100,600200,5164.7,D,SA,Payroll/AP
4900003570,2025-08-12,2025-08-01,3000,,CC100,610000,23569.97,D,SA,Payroll/AP
4900003571,2025-08-03,2025-08-01,3000,,CC100,620000,4713.25,D,SA,Payroll/AP
4900003572,2025-08-18,2025-08-01,3000,,CC100,630000,3369.74,D,SA,Payroll/AP
4900003573,2025-08-24,2025-08-01,3000,,CC100,640000,3400.72,D,SA,Payroll/AP
4900003574,2025-08-27,2025-08-01,1000,,CC200,600000,507626.56,D,SA,Payroll/AP
4900003575,2025-08-07,2025-08-01,1000,,CC200,600100,99172.99,D,SA,Payroll/AP
4900003576,2025-08-02,2025-08-01,1000,,CC200,600200,37245.94,D,SA,Payroll/AP
4900003577,2025-08-09,2025-08-01,1000,,CC200,630000,47881.59,D,SA,Payroll/AP
4900003578,2025-08-13,2025-08-01,1000,,CC200,640000,21841.23,D,SA,Payroll/AP
4900003579,2025-08-22,2025-08-01,1000,,CC200,620000,7802.83,D,SA,Payroll/AP
4900003580,2025-08-20,2025-08-01,1000,,CC200,660000,16995.74,D,SA,Payroll/AP
4900003581,2025-08-20,2025-08-01,2000,,CC200,600000,261091.81,D,SA,Payroll/AP
4900003582,2025-08-02,2025-08-01,2000,,CC200,600100,54864.04,D,SA,Payroll/AP
4900003583,2025-08-28,2025-08-01,2000,,CC200,600200,20539.09,D,SA,Payroll/AP
4900003584,2025-08-03,2025-08-01,2000,,CC200,630000,26264.68,D,SA,Payroll/AP
4900003585,2025-08-07,2025-08-01,2000,,CC200,640000,8948.58,D,SA,Payroll/AP
4900003586,2025-08-26,2025-08-01,2000,,CC200,620000,3906.66,D,SA,Payroll/AP
4900003587,2025-08-25,2025-08-01,2000,,CC200,660000,10604.73,D,SA,Payroll/AP
4900003588,2025-08-19,2025-08-01,3000,,CC200,600000,130522.95,D,SA,Payroll/AP
4900003589,2025-08-24,2025-08-01,3000,,CC200,600100,26125.83,D,SA,Payroll/AP
4900003590,2025-08-22,2025-08-01,3000,,CC200,600200,10238.95,D,SA,Payroll/AP
4900003591,2025-08-18,2025-08-01,3000,,CC200,630000,12855.63,D,SA,Payroll/AP
4900003592,2025-08-07,2025-08-01,3000,,CC200,640000,5042.36,D,SA,Payroll/AP
4900003593,2025-08-16,2025-08-01,3000,,CC200,620000,2435.48,D,SA,Payroll/AP
4900003594,2025-08-07,2025-08-01,3000,,CC200,660000,5063.99,D,SA,Payroll/AP
4900003595,2025-08-28,2025-08-01,1000,,CC300,600000,81538.67,D,SA,Payroll/AP
4900003596,2025-08-11,2025-08-01,1000,,CC300,600100,16396.46,D,SA,Payroll/AP
4900003597,2025-08-10,2025-08-01,1000,,CC300,600200,6228.72,D,SA,Payroll/AP
4900003598,2025-08-01,2025-08-01,1000,,CC300,650000,16621.1,D,SA,Payroll/AP
4900003599,2025-08-07,2025-08-01,1000,,CC300,630000,4348.21,D,SA,Payroll/AP
4900003600,2025-08-07,2025-08-01,1000,,CC300,640000,3212.62,D,SA,Payroll/AP
4900003601,2025-08-24,2025-08-01,1000,,CC300,660000,3002.31,D,SA,Payroll/AP
4900003602,2025-08-04,2025-08-01,2000,,CC300,600000,44578.65,D,SA,Payroll/AP
4900003603,2025-08-24,2025-08-01,2000,,CC300,600100,8778.05,D,SA,Payroll/AP
4900003604,2025-08-25,2025-08-01,2000,,CC300,600200,3453.9,D,SA,Payroll/AP
4900003605,2025-08-16,2025-08-01,2000,,CC300,650000,9833.45,D,SA,Payroll/AP
4900003606,2025-08-08,2025-08-01,2000,,CC300,630000,1956.19,D,SA,Payroll/AP
4900003607,2025-08-23,2025-08-01,2000,,CC300,640000,1619.98,D,SA,Payroll/AP
4900003608,2025-08-20,2025-08-01,2000,,CC300,660000,1749.13,D,SA,Payroll/AP
4900003609,2025-08-23,2025-08-01,3000,,CC300,600000,23306.98,D,SA,Payroll/AP
4900003610,2025-08-07,2025-08-01,3000,,CC300,600100,4622.24,D,SA,Payroll/AP
4900003611,2025-08-13,2025-08-01,3000,,CC300,600200,1724.8,D,SA,Payroll/AP
4900003612,2025-08-08,2025-08-01,3000,,CC300,650000,3511.63,D,SA,Payroll/AP
4900003613,2025-08-18,2025-08-01,3000,,CC300,630000,1178.07,D,SA,Payroll/AP
4900003614,2025-08-11,2025-08-01,3000,,CC300,640000,1053.09,D,SA,Payroll/AP
4900003615,2025-08-25,2025-08-01,3000,,CC300,660000,886.64,D,SA,Payroll/AP
4900003616,2025-08-10,2025-08-01,1000,,CC400,600000,139588.56,D,SA,Payroll/AP
4900003617,2025-08-13,2025-08-01,1000,,CC400,600100,28830.84,D,SA,Payroll/AP
4900003618,2025-08-15,2025-08-01,1000,,CC400,600200,10739.98,D,SA,Payroll/AP
4900003619,2025-08-18,2025-08-01,1000,,CC400,630000,8224.17,D,SA,Payroll/AP
4900003620,2025-08-21,2025-08-01,1000,,CC400,620000,3875.59,D,SA,Payroll/AP
4900003621,2025-08-12,2025-08-01,1000,,CC400,640000,5492.44,D,SA,Payroll/AP
4900003622,2025-08-10,2025-08-01,2000,,CC400,600000,76013.22,D,SA,Payroll/AP
4900003623,2025-08-09,2025-08-01,2000,,CC400,600100,15282.91,D,SA,Payroll/AP
4900003624,2025-08-12,2025-08-01,2000,,CC400,600200,5997.49,D,SA,Payroll/AP
4900003625,2025-08-17,2025-08-01,2000,,CC400,630000,5194.7,D,SA,Payroll/AP
4900003626,2025-08-16,2025-08-01,2000,,CC400,620000,1840.64,D,SA,Payroll/AP
4900003627,2025-08-15,2025-08-01,2000,,CC400,640000,3215.34,D,SA,Payroll/AP
4900003628,2025-08-04,2025-08-01,3000,,CC400,600000,37954.02,D,SA,Payroll/AP
4900003629,2025-08-26,2025-08-01,3000,,CC400,600100,7740.71,D,SA,Payroll/AP
4900003630,2025-08-24,2025-08-01,3000,,CC400,600200,2904.08,D,SA,Payroll/AP
4900003631,2025-08-16,2025-08-01,3000,,CC400,630000,2022.18,D,SA,Payroll/AP
4900003632,2025-08-25,2025-08-01,3000,,CC400,620000,1029.31,D,SA,Payroll/AP
4900003633,2025-08-27,2025-08-01,3000,,CC400,640000,1204.45,D,SA,Payroll/AP
4900003634,2025-08-11,2025-08-01,1000,,CC500,600000,88946.19,D,SA,Payroll/AP
4900003635,2025-08-07,2025-08-01,1000,,CC500,600100,17928.46,D,SA,Payroll/AP
4900003636,2025-08-12,2025-08-01,1000,,CC500,600200,7002.27,D,SA,Payroll/AP
4900003637,2025-08-11,2025-08-01,1000,,CC500,500000,403019.71,D,SA,Payroll/AP
4900003638,2025-08-14,2025-08-01,1000,,CC500,500100,169629.83,D,SA,Payroll/AP
4900003639,2025-08-02,2025-08-01,2000,,CC500,600000,48397.56,D,SA,Payroll/AP
4900003640,2025-08-19,2025-08-01,2000,,CC500,600100,9901.41,D,SA,Payroll/AP
4900003641,2025-08-28,2025-08-01,2000,,CC500,600200,3837.48,D,SA,Payroll/AP
4900003642,2025-08-08,2025-08-01,2000,,CC500,500000,209582.42,D,SA,Payroll/AP
4900003643,2025-08-24,2025-08-01,2000,,CC500,500100,98061.39,D,SA,Payroll/AP
4900003644,2025-08-05,2025-08-01,3000,,CC500,600000,24276.55,D,SA,Payroll/AP
4900003645,2025-08-01,2025-08-01,3000,,CC500,600100,5087.92,D,SA,Payroll/AP
4900003646,2025-08-09,2025-08-01,3000,,CC500,600200,1950.64,D,SA,Payroll/AP
4900003647,2025-08-18,2025-08-01,3000,,CC500,500000,117397.03,D,SA,Payroll/AP
4900003648,2025-08-19,2025-08-01,3000,,CC500,500100,45567.05,D,SA,Payroll/AP
4900003649,2025-09-19,2025-09-01,1000,,CC100,600000,248262.16,D,SA,Payroll/AP
4900003650,2025-09-24,2025-09-01,1000,,CC100,600100,50421.09,D,SA,Payroll/AP
4900003651,2025-09-14,2025-09-01,1000,,CC100,600200,19002.35,D,SA,Payroll/AP
4900003652,2025-09-10,2025-09-01,1000,,CC100,610000,107220.85,D,SA,Payroll/AP
4900003653,2025-09-05,2025-09-01,1000,,CC100,620000,15572.61,D,SA,Payroll/AP
4900003654,2025-09-07,2025-09-01,1000,,CC100,630000,12934.88,D,SA,Payroll/AP
4900003655,2025-09-11,2025-09-01,1000,,CC100,640000,8556.02,D,SA,Payroll/AP
4900003656,2025-09-08,2025-09-01,2000,,CC100,600000,131911.9,D,SA,Payroll/AP
4900003657,2025-09-13,2025-09-01,2000,,CC100,600100,26852.99,D,SA,Payroll/AP
4900003658,2025-09-19,2025-09-01,2000,,CC100,600200,10026.01,D,SA,Payroll/AP
4900003659,2025-09-27,2025-09-01,2000,,CC100,610000,53064.13,D,SA,Payroll/AP
4900003660,2025-09-08,2025-09-01,2000,,CC100,620000,8768.89,D,SA,Payroll/AP
4900003661,2025-09-16,2025-09-01,2000,,CC100,630000,6288.54,D,SA,Payroll/AP
4900003662,2025-09-18,2025-09-01,2000,,CC100,640000,5444.74,D,SA,Payroll/AP
4900003663,2025-09-21,2025-09-01,3000,,CC100,600000,66957.23,D,SA,Payroll/AP
4900003664,2025-09-22,2025-09-01,3000,,CC100,600100,13184.92,D,SA,Payroll/AP
4900003665,2025-09-11,2025-09-01,3000,,CC100,600200,5214.41,D,SA,Payroll/AP
4900003666,2025-09-09,2025-09-01,3000,,CC100,610000,32458.41,D,SA,Payroll/AP
4900003667,2025-09-25,2025-09-01,3000,,CC100,620000,3862.87,D,SA,Payroll/AP
4900003668,2025-09-27,2025-09-01,3000,,CC100,630000,3575.5,D,SA,Payroll/AP
4900003669,2025-09-16,2025-09-01,3000,,CC100,640000,2353.07,D,SA,Payroll/AP
4900003670,2025-09-24,2025-09-01,1000,,CC200,600000,497894.19,D,SA,Payroll/AP
4900003671,2025-09-21,2025-09-01,1000,,CC200,600100,99355.14,D,SA,Payroll/AP
4900003672,2025-09-24,2025-09-01,1000,,CC200,600200,36854.06,D,SA,Payroll/AP
4900003673,2025-09-16,2025-09-01,1000,,CC200,630000,42888.5,D,SA,Payroll/AP
4900003674,2025-09-15,2025-09-01,1000,,CC200,640000,18875.97,D,SA,Payroll/AP
4900003675,2025-09-06,2025-09-01,1000,,CC200,620000,9176.19,D,SA,Payroll/AP
4900003676,2025-09-24,2025-09-01,1000,,CC200,660000,17980.96,D,SA,Payroll/AP
4900003677,2025-09-26,2025-09-01,2000,,CC200,600000,269169.21,D,SA,Payroll/AP
4900003678,2025-09-12,2025-09-01,2000,,CC200,600100,55959.14,D,SA,Payroll/AP
4900003679,2025-09-06,2025-09-01,2000,,CC200,600200,20853.52,D,SA,Payroll/AP
4900003680,2025-09-05,2025-09-01,2000,,CC200,630000,24795.38,D,SA,Payroll/AP
4900003681,2025-09-24,2025-09-01,2000,,CC200,640000,9736.79,D,SA,Payroll/AP
4900003682,2025-09-18,2025-09-01,2000,,CC200,620000,5829.48,D,SA,Payroll/AP
4900003683,2025-09-16,2025-09-01,2000,,CC200,660000,9822.4,D,SA,Payroll/AP
4900003684,2025-09-06,2025-09-01,3000,,CC200,600000,136455.41,D,SA,Payroll/AP
4900003685,2025-09-18,2025-09-01,3000,,CC200,600100,28375.8,D,SA,Payroll/AP
4900003686,2025-09-21,2025-09-01,3000,,CC200,600200,10495.19,D,SA,Payroll/AP
4900003687,2025-09-02,2025-09-01,3000,,CC200,630000,11882.12,D,SA,Payroll/AP
4900003688,2025-09-17,2025-09-01,3000,,CC200,640000,4923.01,D,SA,Payroll/AP
4900003689,2025-09-02,2025-09-01,3000,,CC200,620000,2868.06,D,SA,Payroll/AP
4900003690,2025-09-27,2025-09-01,3000,,CC200,660000,4827.8,D,SA,Payroll/AP
4900003691,2025-09-28,2025-09-01,1000,,CC300,600000,81449.34,D,SA,Payroll/AP
4900003692,2025-09-03,2025-09-01,1000,,CC300,600100,16902.67,D,SA,Payroll/AP
4900003693,2025-09-27,2025-09-01,1000,,CC300,600200,6547.46,D,SA,Payroll/AP
4900003694,2025-09-22,2025-09-01,1000,,CC300,650000,16579.87,D,SA,Payroll/AP
4900003695,2025-09-02,2025-09-01,1000,,CC300,630000,3847.19,D,SA,Payroll/AP
4900003696,2025-09-25,2025-09-01,1000,,CC300,640000,3095.52,D,SA,Payroll/AP
4900003697,2025-09-01,2025-09-01,1000,,CC300,660000,3096.52,D,SA,Payroll/AP
4900003698,2025-09-14,2025-09-01,2000,,CC300,600000,44201.69,D,SA,Payroll/AP
4900003699,2025-09-05,2025-09-01,2000,,CC300,600100,9377.65,D,SA,Payroll/AP
4900003700,2025-09-27,2025-09-01,2000,,CC300,600200,3354.47,D,SA,Payroll/AP
4900003701,2025-09-21,2025-09-01,2000,,CC300,650000,10009.94,D,SA,Payroll/AP
4900003702,2025-09-08,2025-09-01,2000,,CC300,630000,2489.84,D,SA,Payroll/AP
4900003703,2025-09-03,2025-09-01,2000,,CC300,640000,1912.67,D,SA,Payroll/AP
4900003704,2025-09-23,2025-09-01,2000,,CC300,660000,1684.63,D,SA,Payroll/AP
4900003705,2025-09-05,2025-09-01,3000,,CC300,600000,22718.29,D,SA,Payroll/AP
4900003706,2025-09-01,2025-09-01,3000,,CC300,600100,4540.2,D,SA,Payroll/AP
4900003707,2025-09-07,2025-09-01,3000,,CC300,600200,1734.42,D,SA,Payroll/AP
4900003708,2025-09-17,2025-09-01,3000,,CC300,650000,4598.37,D,SA,Payroll/AP
4900003709,2025-09-15,2025-09-01,3000,,CC300,630000,1320.0,D,SA,Payroll/AP
4900003710,2025-09-12,2025-09-01,3000,,CC300,640000,779.38,D,SA,Payroll/AP
4900003711,2025-09-02,2025-09-01,3000,,CC300,660000,860.39,D,SA,Payroll/AP
4900003712,2025-09-20,2025-09-01,1000,,CC400,600000,139530.5,D,SA,Payroll/AP
4900003713,2025-09-21,2025-09-01,1000,,CC400,600100,27907.09,D,SA,Payroll/AP
4900003714,2025-09-22,2025-09-01,1000,,CC400,600200,10893.02,D,SA,Payroll/AP
4900003715,2025-09-20,2025-09-01,1000,,CC400,630000,8321.89,D,SA,Payroll/AP
4900003716,2025-09-16,2025-09-01,1000,,CC400,620000,3518.45,D,SA,Payroll/AP
4900003717,2025-09-22,2025-09-01,1000,,CC400,640000,5139.57,D,SA,Payroll/AP
4900003718,2025-09-16,2025-09-01,2000,,CC400,600000,74949.25,D,SA,Payroll/AP
4900003719,2025-09-01,2025-09-01,2000,,CC400,600100,15618.61,D,SA,Payroll/AP
4900003720,2025-09-01,2025-09-01,2000,,CC400,600200,5832.54,D,SA,Payroll/AP
4900003721,2025-09-18,2025-09-01,2000,,CC400,630000,4699.98,D,SA,Payroll/AP
4900003722,2025-09-18,2025-09-01,2000,,CC400,620000,1810.36,D,SA,Payroll/AP
4900003723,2025-09-14,2025-09-01,2000,,CC400,640000,3022.49,D,SA,Payroll/AP
4900003724,2025-09-01,2025-09-01,3000,,CC400,600000,39689.34,D,SA,Payroll/AP
4900003725,2025-09-01,2025-09-01,3000,,CC400,600100,7902.82,D,SA,Payroll/AP
4900003726,2025-09-17,2025-09-01,3000,,CC400,600200,3014.16,D,SA,Payroll/AP
4900003727,2025-09-24,2025-09-01,3000,,CC400,630000,2120.36,D,SA,Payroll/AP
4900003728,2025-09-09,2025-09-01,3000,,CC400,620000,1000.64,D,SA,Payroll/AP
4900003729,2025-09-18,2025-09-01,3000,,CC400,640000,1315.49,D,SA,Payroll/AP
4900003730,2025-09-10,2025-09-01,1000,,CC500,600000,89514.0,D,SA,Payroll/AP
4900003731,2025-09-01,2025-09-01,1000,,CC500,600100,18640.95,D,SA,Payroll/AP
4900003732,2025-09-17,2025-09-01,1000,,CC500,600200,7264.41,D,SA,Payroll/AP
4900003733,2025-09-27,2025-09-01,1000,,CC500,500000,453211.41,D,SA,Payroll/AP
4900003734,2025-09-23,2025-09-01,1000,,CC500,500100,181692.36,D,SA,Payroll/AP
4900003735,2025-09-22,2025-09-01,2000,,CC500,600000,48844.96,D,SA,Payroll/AP
4900003736,2025-09-14,2025-09-01,2000,,CC500,600100,10295.75,D,SA,Payroll/AP
4900003737,2025-09-26,2025-09-01,2000,,CC500,600200,3899.51,D,SA,Payroll/AP
4900003738,2025-09-06,2025-09-01,2000,,CC500,500000,230076.18,D,SA,Payroll/AP
4900003739,2025-09-04,2025-09-01,2000,,CC500,500100,79036.15,D,SA,Payroll/AP
4900003740,2025-09-04,2025-09-01,3000,,CC500,600000,24326.75,D,SA,Payroll/AP
4900003741,2025-09-17,2025-09-01,3000,,CC500,600100,5074.06,D,SA,Payroll/AP
4900003742,2025-09-05,2025-09-01,3000,,CC500,600200,1925.65,D,SA,Payroll/AP
4900003743,2025-09-08,2025-09-01,3000,,CC500,500000,86730.23,D,SA,Payroll/AP
4900003744,2025-09-07,2025-09-01,3000,,CC500,500100,46858.12,D,SA,Payroll/AP
4900003745,2025-10-20,2025-10-01,1000,,CC100,600000,249895.35,D,SA,Payroll/AP
4900003746,2025-10-17,2025-10-01,1000,,CC100,600100,51982.9,D,SA,Payroll/AP
4900003747,2025-10-09,2025-10-01,1000,,CC100,600200,19433.49,D,SA,Payroll/AP
4900003748,2025-10-27,2025-10-01,1000,,CC100,610000,118326.52,D,SA,Payroll/AP
4900003749,2025-10-12,2025-10-01,1000,,CC100,620000,14695.47,D,SA,Payroll/AP
4900003750,2025-10-09,2025-10-01,1000,,CC100,630000,10340.43,D,SA,Payroll/AP
4900003751,2025-10-26,2025-10-01,1000,,CC100,640000,9207.24,D,SA,Payroll/AP
4900003752,2025-10-13,2025-10-01,2000,,CC100,600000,138486.96,D,SA,Payroll/AP
4900003753,2025-10-03,2025-10-01,2000,,CC100,600100,28625.82,D,SA,Payroll/AP
4900003754,2025-10-12,2025-10-01,2000,,CC100,600200,10592.04,D,SA,Payroll/AP
4900003755,2025-10-13,2025-10-01,2000,,CC100,610000,63536.77,D,SA,Payroll/AP
4900003756,2025-10-15,2025-10-01,2000,,CC100,620000,9033.43,D,SA,Payroll/AP
4900003757,2025-10-19,2025-10-01,2000,,CC100,630000,6575.23,D,SA,Payroll/AP
4900003758,2025-10-08,2025-10-01,2000,,CC100,640000,5153.9,D,SA,Payroll/AP
4900003759,2025-10-23,2025-10-01,3000,,CC100,600000,70149.64,D,SA,Payroll/AP
4900003760,2025-10-08,2025-10-01,3000,,CC100,600100,13662.34,D,SA,Payroll/AP
4900003761,2025-10-10,2025-10-01,3000,,CC100,600200,5390.46,D,SA,Payroll/AP
4900003762,2025-10-22,2025-10-01,3000,,CC100,610000,29479.67,D,SA,Payroll/AP
4900003763,2025-10-27,2025-10-01,3000,,CC100,620000,4928.28,D,SA,Payroll/AP
4900003764,2025-10-28,2025-10-01,3000,,CC100,630000,2991.47,D,SA,Payroll/AP
4900003765,2025-10-03,2025-10-01,3000,,CC100,640000,2763.88,D,SA,Payroll/AP
4900003766,2025-10-21,2025-10-01,1000,,CC200,600000,488560.52,D,SA,Payroll/AP
4900003767,2025-10-28,2025-10-01,1000,,CC200,600100,98837.26,D,SA,Payroll/AP
4900003768,2025-10-21,2025-10-01,1000,,CC200,600200,38310.35,D,SA,Payroll/AP
4900003769,2025-10-25,2025-10-01,1000,,CC200,630000,48993.15,D,SA,Payroll/AP
4900003770,2025-10-02,2025-10-01,1000,,CC200,640000,17460.36,D,SA,Payroll/AP
4900003771,2025-10-03,2025-10-01,1000,,CC200,620000,8106.46,D,SA,Payroll/AP
4900003772,2025-10-13,2025-10-01,1000,,CC200,660000,18984.24,D,SA,Payroll/AP
4900003773,2025-10-13,2025-10-01,2000,,CC200,600000,270387.2,D,SA,Payroll/AP
4900003774,2025-10-13,2025-10-01,2000,,CC200,600100,56170.51,D,SA,Payroll/AP
4900003775,2025-10-18,2025-10-01,2000,,CC200,600200,21231.16,D,SA,Payroll/AP
4900003776,2025-10-16,2025-10-01,2000,,CC200,630000,24163.6,D,SA,Payroll/AP
4900003777,2025-10-02,2025-10-01,2000,,CC200,640000,12350.74,D,SA,Payroll/AP
4900003778,2025-10-21,2025-10-01,2000,,CC200,620000,5325.66,D,SA,Payroll/AP
4900003779,2025-10-01,2025-10-01,2000,,CC200,660000,10237.28,D,SA,Payroll/AP
4900003780,2025-10-23,2025-10-01,3000,,CC200,600000,131065.32,D,SA,Payroll/AP
4900003781,2025-10-06,2025-10-01,3000,,CC200,600100,27634.66,D,SA,Payroll/AP
4900003782,2025-10-03,2025-10-01,3000,,CC200,600200,10347.64,D,SA,Payroll/AP
4900003783,2025-10-16,2025-10-01,3000,,CC200,630000,13321.17,D,SA,Payroll/AP
4900003784,2025-10-28,2025-10-01,3000,,CC200,640000,5449.76,D,SA,Payroll/AP
4900003785,2025-10-14,2025-10-01,3000,,CC200,620000,2297.27,D,SA,Payroll/AP
4900003786,2025-10-21,2025-10-01,3000,,CC200,660000,5253.73,D,SA,Payroll/AP
4900003787,2025-10-26,2025-10-01,1000,,CC300,600000,84358.86,D,SA,Payroll/AP
4900003788,2025-10-11,2025-10-01,1000,,CC300,600100,17596.88,D,SA,Payroll/AP
4900003789,2025-10-19,2025-10-01,1000,,CC300,600200,6516.8,D,SA,Payroll/AP
4900003790,2025-10-28,2025-10-01,1000,,CC300,650000,17225.82,D,SA,Payroll/AP
4900003791,2025-10-04,2025-10-01,1000,,CC300,630000,4294.41,D,SA,Payroll/AP
4900003792,2025-10-17,2025-10-01,1000,,CC300,640000,3325.89,D,SA,Payroll/AP
4900003793,2025-10-02,2025-10-01,1000,,CC300,660000,3401.59,D,SA,Payroll/AP
4900003794,2025-10-08,2025-10-01,2000,,CC300,600000,44454.58,D,SA,Payroll/AP
4900003795,2025-10-07,2025-10-01,2000,,CC300,600100,9303.14,D,SA,Payroll/AP
4900003796,2025-10-28,2025-10-01,2000,,CC300,600200,3458.95,D,SA,Payroll/AP
4900003797,2025-10-23,2025-10-01,2000,,CC300,650000,9116.09,D,SA,Payroll/AP
4900003798,2025-10-19,2025-10-01,2000,,CC300,630000,2630.29,D,SA,Payroll/AP
4900003799,2025-10-16,2025-10-01,2000,,CC300,640000,1651.75,D,SA,Payroll/AP
4900003800,2025-10-09,2025-10-01,2000,,CC300,660000,1546.67,D,SA,Payroll/AP
4900003801,2025-10-02,2025-10-01,3000,,CC300,600000,22647.73,D,SA,Payroll/AP
4900003802,2025-10-03,2025-10-01,3000,,CC300,600100,4769.89,D,SA,Payroll/AP
4900003803,2025-10-22,2025-10-01,3000,,CC300,600200,1775.5,D,SA,Payroll/AP
4900003804,2025-10-09,2025-10-01,3000,,CC300,650000,4579.58,D,SA,Payroll/AP
4900003805,2025-10-18,2025-10-01,3000,,CC300,630000,1138.29,D,SA,Payroll/AP
4900003806,2025-10-19,2025-10-01,3000,,CC300,640000,765.97,D,SA,Payroll/AP
4900003807,2025-10-22,2025-10-01,3000,,CC300,660000,900.94,D,SA,Payroll/AP
4900003808,2025-10-02,2025-10-01,1000,,CC400,600000,139269.05,D,SA,Payroll/AP
4900003809,2025-10-06,2025-10-01,1000,,CC400,600100,30321.86,D,SA,Payroll/AP
4900003810,2025-10-28,2025-10-01,1000,,CC400,600200,11019.1,D,SA,Payroll/AP
4900003811,2025-10-11,2025-10-01,1000,,CC400,630000,8551.82,D,SA,Payroll/AP
4900003812,2025-10-01,2025-10-01,1000,,CC400,620000,3409.57,D,SA,Payroll/AP
4900003813,2025-10-07,2025-10-01,1000,,CC400,640000,5396.76,D,SA,Payroll/AP
4900003814,2025-10-19,2025-10-01,2000,,CC400,600000,76635.11,D,SA,Payroll/AP
4900003815,2025-10-05,2025-10-01,2000,,CC400,600100,16148.51,D,SA,Payroll/AP
4900003816,2025-10-25,2025-10-01,2000,,CC400,600200,5945.47,D,SA,Payroll/AP
4900003817,2025-10-27,2025-10-01,2000,,CC400,630000,4575.01,D,SA,Payroll/AP
4900003818,2025-10-23,2025-10-01,2000,,CC400,620000,2347.72,D,SA,Payroll/AP
4900003819,2025-10-27,2025-10-01,2000,,CC400,640000,2976.29,D,SA,Payroll/AP
4900003820,2025-10-13,2025-10-01,3000,,CC400,600000,39094.02,D,SA,Payroll/AP
4900003821,2025-10-03,2025-10-01,3000,,CC400,600100,7801.77,D,SA,Payroll/AP
4900003822,2025-10-10,2025-10-01,3000,,CC400,600200,2983.2,D,SA,Payroll/AP
4900003823,2025-10-06,2025-10-01,3000,,CC400,630000,2544.86,D,SA,Payroll/AP
4900003824,2025-10-19,2025-10-01,3000,,CC400,620000,800.68,D,SA,Payroll/AP
4900003825,2025-10-08,2025-10-01,3000,,CC400,640000,1779.28,D,SA,Payroll/AP
4900003826,2025-10-19,2025-10-01,1000,,CC500,600000,95702.53,D,SA,Payroll/AP
4900003827,2025-10-27,2025-10-01,1000,,CC500,600100,18985.27,D,SA,Payroll/AP
4900003828,2025-10-28,2025-10-01,1000,,CC500,600200,7018.28,D,SA,Payroll/AP
4900003829,2025-10-13,2025-10-01,1000,,CC500,500000,433178.34,D,SA,Payroll/AP
4900003830,2025-10-22,2025-10-01,1000,,CC500,500100,180967.65,D,SA,Payroll/AP
4900003831,2025-10-18,2025-10-01,2000,,CC500,600000,51719.99,D,SA,Payroll/AP
4900003832,2025-10-11,2025-10-01,2000,,CC500,600100,10574.66,D,SA,Payroll/AP
4900003833,2025-10-13,2025-10-01,2000,,CC500,600200,3990.36,D,SA,Payroll/AP
4900003834,2025-10-25,2025-10-01,2000,,CC500,500000,263789.04,D,SA,Payroll/AP
4900003835,2025-10-24,2025-10-01,2000,,CC500,500100,104369.53,D,SA,Payroll/AP
4900003836,2025-10-05,2025-10-01,3000,,CC500,600000,25138.29,D,SA,Payroll/AP
4900003837,2025-10-26,2025-10-01,3000,,CC500,600100,5410.68,D,SA,Payroll/AP
4900003838,2025-10-23,2025-10-01,3000,,CC500,600200,2039.99,D,SA,Payroll/AP
4900003839,2025-10-24,2025-10-01,3000,,CC500,500000,151536.46,D,SA,Payroll/AP
4900003840,2025-10-03,2025-10-01,3000,,CC500,500100,43831.74,D,SA,Payroll/AP
4900003841,2025-11-17,2025-11-01,1000,,CC100,600000,255936.2,D,SA,Payroll/AP
4900003842,2025-11-24,2025-11-01,1000,,CC100,600100,50070.32,D,SA,Payroll/AP
4900003843,2025-11-12,2025-11-01,1000,,CC100,600200,19808.98,D,SA,Payroll/AP
4900003844,2025-11-02,2025-11-01,1000,,CC100,610000,108022.73,D,SA,Payroll/AP
4900003845,2025-11-04,2025-11-01,1000,,CC100,620000,19467.24,D,SA,Payroll/AP
4900003846,2025-11-14,2025-11-01,1000,,CC100,630000,12049.72,D,SA,Payroll/AP
4900003847,2025-11-08,2025-11-01,1000,,CC100,640000,8141.37,D,SA,Payroll/AP
4900003848,2025-11-27,2025-11-01,2000,,CC100,600000,137243.73,D,SA,Payroll/AP
4900003849,2025-11-03,2025-11-01,2000,,CC100,600100,27297.55,D,SA,Payroll/AP
4900003850,2025-11-11,2025-11-01,2000,,CC100,600200,10817.76,D,SA,Payroll/AP
4900003851,2025-11-20,2025-11-01,2000,,CC100,610000,49331.14,D,SA,Payroll/AP
4900003852,2025-11-25,2025-11-01,2000,,CC100,620000,8906.66,D,SA,Payroll/AP
4900003853,2025-11-20,2025-11-01,2000,,CC100,630000,5628.8,D,SA,Payroll/AP
4900003854,2025-11-20,2025-11-01,2000,,CC100,640000,5158.15,D,SA,Payroll/AP
4900003855,2025-11-13,2025-11-01,3000,,CC100,600000,71980.15,D,SA,Payroll/AP
4900003856,2025-11-25,2025-11-01,3000,,CC100,600100,14398.42,D,SA,Payroll/AP
4900003857,2025-11-11,2025-11-01,3000,,CC100,600200,5268.16,D,SA,Payroll/AP
4900003858,2025-11-01,2025-11-01,3000,,CC100,610000,31173.41,D,SA,Payroll/AP
4900003859,2025-11-21,2025-11-01,3000,,CC100,620000,4475.33,D,SA,Payroll/AP
4900003860,2025-11-09,2025-11-01,3000,,CC100,630000,3742.74,D,SA,Payroll/AP
4900003861,2025-11-26,2025-11-01,3000,,CC100,640000,2314.0,D,SA,Payroll/AP
4900003862,2025-11-15,2025-11-01,1000,,CC200,600000,512560.87,D,SA,Payroll/AP
4900003863,2025-11-16,2025-11-01,1000,,CC200,600100,98289.0,D,SA,Payroll/AP
4900003864,2025-11-08,2025-11-01,1000,,CC200,600200,38475.08,D,SA,Payroll/AP
4900003865,2025-11-12,2025-11-01,1000,,CC200,630000,43240.58,D,SA,Payroll/AP
4900003866,2025-11-18,2025-11-01,1000,,CC200,640000,20716.89,D,SA,Payroll/AP
4900003867,2025-11-13,2025-11-01,1000,,CC200,620000,9763.54,D,SA,Payroll/AP
4900003868,2025-11-14,2025-11-01,1000,,CC200,660000,18113.75,D,SA,Payroll/AP
4900003869,2025-11-06,2025-11-01,2000,,CC200,600000,270289.49,D,SA,Payroll/AP
4900003870,2025-11-22,2025-11-01,2000,,CC200,600100,56782.93,D,SA,Payroll/AP
4900003871,2025-11-19,2025-11-01,2000,,CC200,600200,21175.78,D,SA,Payroll/AP
4900003872,2025-11-22,2025-11-01,2000,,CC200,630000,23311.21,D,SA,Payroll/AP
4900003873,2025-11-13,2025-11-01,2000,,CC200,640000,10094.75,D,SA,Payroll/AP
4900003874,2025-11-03,2025-11-01,2000,,CC200,620000,5671.46,D,SA,Payroll/AP
4900003875,2025-11-25,2025-11-01,2000,,CC200,660000,10330.16,D,SA,Payroll/AP
4900003876,2025-11-20,2025-11-01,3000,,CC200,600000,137617.69,D,SA,Payroll/AP
4900003877,2025-11-10,2025-11-01,3000,,CC200,600100,29506.37,D,SA,Payroll/AP
4900003878,2025-11-26,2025-11-01,3000,,CC200,600200,10302.71,D,SA,Payroll/AP
4900003879,2025-11-08,2025-11-01,3000,,CC200,630000,10080.98,D,SA,Payroll/AP
4900003880,2025-11-23,2025-11-01,3000,,CC200,640000,5717.82,D,SA,Payroll/AP
4900003881,2025-11-03,2025-11-01,3000,,CC200,620000,2471.25,D,SA,Payroll/AP
4900003882,2025-11-03,2025-11-01,3000,,CC200,660000,5217.96,D,SA,Payroll/AP
4900003883,2025-11-09,2025-11-01,1000,,CC300,600000,82117.54,D,SA,Payroll/AP
4900003884,2025-11-05,2025-11-01,1000,,CC300,600100,17023.05,D,SA,Payroll/AP
4900003885,2025-11-13,2025-11-01,1000,,CC300,600200,6622.14,D,SA,Payroll/AP
4900003886,2025-11-23,2025-11-01,1000,,CC300,650000,17329.28,D,SA,Payroll/AP
4900003887,2025-11-26,2025-11-01,1000,,CC300,630000,4646.85,D,SA,Payroll/AP
4900003888,2025-11-21,2025-11-01,1000,,CC300,640000,2754.1,D,SA,Payroll/AP
4900003889,2025-11-05,2025-11-01,1000,,CC300,660000,3023.82,D,SA,Payroll/AP
4900003890,2025-11-24,2025-11-01,2000,,CC300,600000,43171.79,D,SA,Payroll/AP
4900003891,2025-11-13,2025-11-01,2000,,CC300,600100,9236.88,D,SA,Payroll/AP
4900003892,2025-11-11,2025-11-01,2000,,CC300,600200,3588.19,D,SA,Payroll/AP
4900003893,2025-11-12,2025-11-01,2000,,CC300,650000,9257.08,D,SA,Payroll/AP
4900003894,2025-11-04,2025-11-01,2000,,CC300,630000,2295.22,D,SA,Payroll/AP
4900003895,2025-11-03,2025-11-01,2000,,CC300,640000,1756.49,D,SA,Payroll/AP
4900003896,2025-11-01,2025-11-01,2000,,CC300,660000,1699.78,D,SA,Payroll/AP
4900003897,2025-11-10,2025-11-01,3000,,CC300,600000,22979.08,D,SA,Payroll/AP
4900003898,2025-11-15,2025-11-01,3000,,CC300,600100,4766.34,D,SA,Payroll/AP
4900003899,2025-11-12,2025-11-01,3000,,CC300,600200,1703.52,D,SA,Payroll/AP
4900003900,2025-11-25,2025-11-01,3000,,CC300,650000,4532.91,D,SA,Payroll/AP
4900003901,2025-11-09,2025-11-01,3000,,CC300,630000,1283.04,D,SA,Payroll/AP
4900003902,2025-11-04,2025-11-01,3000,,CC300,640000,843.67,D,SA,Payroll/AP
4900003903,2025-11-05,2025-11-01,3000,,CC300,660000,911.04,D,SA,Payroll/AP
4900003904,2025-11-03,2025-11-01,1000,,CC400,600000,150656.43,D,SA,Payroll/AP
4900003905,2025-11-06,2025-11-01,1000,,CC400,600100,29195.87,D,SA,Payroll/AP
4900003906,2025-11-14,2025-11-01,1000,,CC400,600200,11057.65,D,SA,Payroll/AP
4900003907,2025-11-15,2025-11-01,1000,,CC400,630000,8468.0,D,SA,Payroll/AP
4900003908,2025-11-18,2025-11-01,1000,,CC400,620000,3723.4,D,SA,Payroll/AP
4900003909,2025-11-18,2025-11-01,1000,,CC400,640000,5738.16,D,SA,Payroll/AP
4900003910,2025-11-17,2025-11-01,2000,,CC400,600000,78162.85,D,SA,Payroll/AP
4900003911,2025-11-14,2025-11-01,2000,,CC400,600100,15645.45,D,SA,Payroll/AP
4900003912,2025-11-04,2025-11-01,2000,,CC400,600200,6013.91,D,SA,Payroll/AP
4900003913,2025-11-01,2025-11-01,2000,,CC400,630000,5720.77,D,SA,Payroll/AP
4900003914,2025-11-03,2025-11-01,2000,,CC400,620000,2085.96,D,SA,Payroll/AP
4900003915,2025-11-12,2025-11-01,2000,,CC400,640000,3282.67,D,SA,Payroll/AP
4900003916,2025-11-18,2025-11-01,3000,,CC400,600000,38402.31,D,SA,Payroll/AP
4900003917,2025-11-03,2025-11-01,3000,,CC400,600100,8033.62,D,SA,Payroll/AP
4900003918,2025-11-20,2025-11-01,3000,,CC400,600200,2984.67,D,SA,Payroll/AP
4900003919,2025-11-20,2025-11-01,3000,,CC400,630000,2238.21,D,SA,Payroll/AP
4900003920,2025-11-26,2025-11-01,3000,,CC400,620000,1020.88,D,SA,Payroll/AP
4900003921,2025-11-11,2025-11-01,3000,,CC400,640000,1336.87,D,SA,Payroll/AP
4900003922,2025-11-28,2025-11-01,1000,,CC500,600000,94853.3,D,SA,Payroll/AP
4900003923,2025-11-13,2025-11-01,1000,,CC500,600100,19781.14,D,SA,Payroll/AP
4900003924,2025-11-01,2025-11-01,1000,,CC500,600200,7433.88,D,SA,Payroll/AP
4900003925,2025-11-10,2025-11-01,1000,,CC500,500000,379814.76,D,SA,Payroll/AP
4900003926,2025-11-14,2025-11-01,1000,,CC500,500100,204220.91,D,SA,Payroll/AP
4900003927,2025-11-13,2025-11-01,2000,,CC500,600000,52922.05,D,SA,Payroll/AP
4900003928,2025-11-25,2025-11-01,2000,,CC500,600100,10581.74,D,SA,Payroll/AP
4900003929,2025-11-03,2025-11-01,2000,,CC500,600200,3901.11,D,SA,Payroll/AP
4900003930,2025-11-24,2025-11-01,2000,,CC500,500000,231382.63,D,SA,Payroll/AP
4900003931,2025-11-18,2025-11-01,2000,,CC500,500100,96134.86,D,SA,Payroll/AP
4900003932,2025-11-08,2025-11-01,3000,,CC500,600000,26650.78,D,SA,Payroll/AP
4900003933,2025-11-19,2025-11-01,3000,,CC500,600100,5414.87,D,SA,Payroll/AP
4900003934,2025-11-17,2025-11-01,3000,,CC500,600200,1963.31,D,SA,Payroll/AP
4900003935,2025-11-06,2025-11-01,3000,,CC500,500000,114683.21,D,SA,Payroll/AP
4900003936,2025-11-22,2025-11-01,3000,,CC500,500100,49572.98,D,SA,Payroll/AP
4900003937,2025-12-13,2025-12-01,1000,,CC100,600000,261009.11,D,SA,Payroll/AP
4900003938,2025-12-06,2025-12-01,1000,,CC100,600100,52132.01,D,SA,Payroll/AP
4900003939,2025-12-05,2025-12-01,1000,,CC100,600200,20492.0,D,SA,Payroll/AP
4900003940,2025-12-09,2025-12-01,1000,,CC100,610000,93544.92,D,SA,Payroll/AP
4900003941,2025-12-10,2025-12-01,1000,,CC100,620000,18688.27,D,SA,Payroll/AP
4900003942,2025-12-09,2025-12-01,1000,,CC100,630000,12921.08,D,SA,Payroll/AP
4900003943,2025-12-16,2025-12-01,1000,,CC100,640000,10765.3,D,SA,Payroll/AP
4900003944,2025-12-05,2025-12-01,2000,,CC100,600000,140735.59,D,SA,Payroll/AP
4900003945,2025-12-03,2025-12-01,2000,,CC100,600100,29479.74,D,SA,Payroll/AP
4900003946,2025-12-06,2025-12-01,2000,,CC100,600200,10724.83,D,SA,Payroll/AP
4900003947,2025-12-14,2025-12-01,2000,,CC100,610000,56123.16,D,SA,Payroll/AP
4900003948,2025-12-09,2025-12-01,2000,,CC100,620000,10286.6,D,SA,Payroll/AP
4900003949,2025-12-14,2025-12-01,2000,,CC100,630000,7123.94,D,SA,Payroll/AP
4900003950,2025-12-10,2025-12-01,2000,,CC100,640000,5524.02,D,SA,Payroll/AP
4900003951,2025-12-16,2025-12-01,3000,,CC100,600000,72416.61,D,SA,Payroll/AP
4900003952,2025-12-26,2025-12-01,3000,,CC100,600100,14197.49,D,SA,Payroll/AP
4900003953,2025-12-03,2025-12-01,3000,,CC100,600200,5501.0,D,SA,Payroll/AP
4900003954,2025-12-12,2025-12-01,3000,,CC100,610000,29840.87,D,SA,Payroll/AP
4900003955,2025-12-09,2025-12-01,3000,,CC100,620000,4470.34,D,SA,Payroll/AP
4900003956,2025-12-08,2025-12-01,3000,,CC100,630000,3650.37,D,SA,Payroll/AP
4900003957,2025-12-24,2025-12-01,3000,,CC100,640000,2310.35,D,SA,Payroll/AP
4900003958,2025-12-21,2025-12-01,1000,,CC200,600000,505014.22,D,SA,Payroll/AP
4900003959,2025-12-16,2025-12-01,1000,,CC200,600100,108075.35,D,SA,Payroll/AP
4900003960,2025-12-20,2025-12-01,1000,,CC200,600200,40161.35,D,SA,Payroll/AP
4900003961,2025-12-20,2025-12-01,1000,,CC200,630000,45750.54,D,SA,Payroll/AP
4900003962,2025-12-07,2025-12-01,1000,,CC200,640000,20210.67,D,SA,Payroll/AP
4900003963,2025-12-15,2025-12-01,1000,,CC200,620000,9575.2,D,SA,Payroll/AP
4900003964,2025-12-04,2025-12-01,1000,,CC200,660000,21069.3,D,SA,Payroll/AP
4900003965,2025-12-05,2025-12-01,2000,,CC200,600000,279475.53,D,SA,Payroll/AP
4900003966,2025-12-10,2025-12-01,2000,,CC200,600100,57825.85,D,SA,Payroll/AP
4900003967,2025-12-01,2025-12-01,2000,,CC200,600200,22079.34,D,SA,Payroll/AP
4900003968,2025-12-13,2025-12-01,2000,,CC200,630000,23224.46,D,SA,Payroll/AP
4900003969,2025-12-11,2025-12-01,2000,,CC200,640000,12474.6,D,SA,Payroll/AP
4900003970,2025-12-27,2025-12-01,2000,,CC200,620000,4570.29,D,SA,Payroll/AP
4900003971,2025-12-20,2025-12-01,2000,,CC200,660000,11671.68,D,SA,Payroll/AP
4900003972,2025-12-13,2025-12-01,3000,,CC200,600000,139254.22,D,SA,Payroll/AP
4900003973,2025-12-26,2025-12-01,3000,,CC200,600100,28639.78,D,SA,Payroll/AP
4900003974,2025-12-28,2025-12-01,3000,,CC200,600200,10384.35,D,SA,Payroll/AP
4900003975,2025-12-11,2025-12-01,3000,,CC200,630000,12018.39,D,SA,Payroll/AP
4900003976,2025-12-15,2025-12-01,3000,,CC200,640000,4835.06,D,SA,Payroll/AP
4900003977,2025-12-11,2025-12-01,3000,,CC200,620000,2534.13,D,SA,Payroll/AP
4900003978,2025-12-14,2025-12-01,3000,,CC200,660000,5359.1,D,SA,Payroll/AP
4900003979,2025-12-27,2025-12-01,1000,,CC300,600000,85202.23,D,SA,Payroll/AP
4900003980,2025-12-27,2025-12-01,1000,,CC300,600100,17220.08,D,SA,Payroll/AP
4900003981,2025-12-28,2025-12-01,1000,,CC300,600200,6470.4,D,SA,Payroll/AP
4900003982,2025-12-21,2025-12-01,1000,,CC300,650000,14315.8,D,SA,Payroll/AP
4900003983,2025-12-20,2025-12-01,1000,,CC300,630000,3909.62,D,SA,Payroll/AP
4900003984,2025-12-05,2025-12-01,1000,,CC300,640000,3793.78,D,SA,Payroll/AP
4900003985,2025-12-10,2025-12-01,1000,,CC300,660000,3097.22,D,SA,Payroll/AP
4900003986,2025-12-11,2025-12-01,2000,,CC300,600000,47388.85,D,SA,Payroll/AP
4900003987,2025-12-20,2025-12-01,2000,,CC300,600100,9363.38,D,SA,Payroll/AP
4900003988,2025-12-23,2025-12-01,2000,,CC300,600200,3528.58,D,SA,Payroll/AP
4900003989,2025-12-07,2025-12-01,2000,,CC300,650000,9765.22,D,SA,Payroll/AP
4900003990,2025-12-16,2025-12-01,2000,,CC300,630000,2651.46,D,SA,Payroll/AP
4900003991,2025-12-11,2025-12-01,2000,,CC300,640000,1744.66,D,SA,Payroll/AP
4900003992,2025-12-06,2025-12-01,2000,,CC300,660000,1729.96,D,SA,Payroll/AP
4900003993,2025-12-13,2025-12-01,3000,,CC300,600000,22909.08,D,SA,Payroll/AP
4900003994,2025-12-11,2025-12-01,3000,,CC300,600100,4736.36,D,SA,Payroll/AP
4900003995,2025-12-10,2025-12-01,3000,,CC300,600200,1795.66,D,SA,Payroll/AP
4900003996,2025-12-24,2025-12-01,3000,,CC300,650000,4412.39,D,SA,Payroll/AP
4900003997,2025-12-23,2025-12-01,3000,,CC300,630000,1248.93,D,SA,Payroll/AP
4900003998,2025-12-21,2025-12-01,3000,,CC300,640000,1026.63,D,SA,Payroll/AP
4900003999,2025-12-16,2025-12-01,3000,,CC300,660000,898.92,D,SA,Payroll/AP
4900004000,2025-12-19,2025-12-01,1000,,CC400,600000,145910.51,D,SA,Payroll/AP
4900004001,2025-12-26,2025-12-01,1000,,CC400,600100,28841.36,D,SA,Payroll/AP
4900004002,2025-12-08,2025-12-01,1000,,CC400,600200,10567.48,D,SA,Payroll/AP
4900004003,2025-12-11,2025-12-01,1000,,CC400,630000,9656.31,D,SA,Payroll/AP
4900004004,2025-12-13,2025-12-01,1000,,CC400,620000,3682.86,D,SA,Payroll/AP
4900004005,2025-12-09,2025-12-01,1000,,CC400,640000,5290.08,D,SA,Payroll/AP
4900004006,2025-12-27,2025-12-01,2000,,CC400,600000,79101.32,D,SA,Payroll/AP
4900004007,2025-12-26,2025-12-01,2000,,CC400,600100,16127.76,D,SA,Payroll/AP
4900004008,2025-12-13,2025-12-01,2000,,CC400,600200,6191.8,D,SA,Payroll/AP
4900004009,2025-12-12,2025-12-01,2000,,CC400,630000,5089.47,D,SA,Payroll/AP
4900004010,2025-12-04,2025-12-01,2000,,CC400,620000,1867.65,D,SA,Payroll/AP
4900004011,2025-12-19,2025-12-01,2000,,CC400,640000,3327.4,D,SA,Payroll/AP
4900004012,2025-12-07,2025-12-01,3000,,CC400,600000,39188.03,D,SA,Payroll/AP
4900004013,2025-12-19,2025-12-01,3000,,CC400,600100,8158.65,D,SA,Payroll/AP
4900004014,2025-12-18,2025-12-01,3000,,CC400,600200,2998.7,D,SA,Payroll/AP
4900004015,2025-12-06,2025-12-01,3000,,CC400,630000,2359.06,D,SA,Payroll/AP
4900004016,2025-12-22,2025-12-01,3000,,CC400,620000,1017.7,D,SA,Payroll/AP
4900004017,2025-12-25,2025-12-01,3000,,CC400,640000,1515.75,D,SA,Payroll/AP
4900004018,2025-12-18,2025-12-01,1000,,CC500,600000,98068.33,D,SA,Payroll/AP
4900004019,2025-12-01,2025-12-01,1000,,CC500,600100,19818.31,D,SA,Payroll/AP
4900004020,2025-12-24,2025-12-01,1000,,CC500,600200,7197.59,D,SA,Payroll/AP
4900004021,2025-12-15,2025-12-01,1000,,CC500,500000,417004.17,D,SA,Payroll/AP
4900004022,2025-12-23,2025-12-01,1000,,CC500,500100,201628.85,D,SA,Payroll/AP
4900004023,2025-12-07,2025-12-01,2000,,CC500,600000,52978.97,D,SA,Payroll/AP
4900004024,2025-12-15,2025-12-01,2000,,CC500,600100,10878.63,D,SA,Payroll/AP
4900004025,2025-12-26,2025-12-01,2000,,CC500,600200,4180.56,D,SA,Payroll/AP
4900004026,2025-12-10,2025-12-01,2000,,CC500,500000,222121.74,D,SA,Payroll/AP
4900004027,2025-12-27,2025-12-01,2000,,CC500,500100,86679.67,D,SA,Payroll/AP
4900004028,2025-12-23,2025-12-01,3000,,CC500,600000,26562.36,D,SA,Payroll/AP
4900004029,2025-12-03,2025-12-01,3000,,CC500,600100,5413.32,D,SA,Payroll/AP
4900004030,2025-12-27,2025-12-01,3000,,CC500,600200,2010.23,D,SA,Payroll/AP
4900004031,2025-12-28,2025-12-01,3000,,CC500,500000,117477.16,D,SA,Payroll/AP
4900004032,2025-12-26,2025-12-01,3000,,CC500,500100,53764.87,D,SA,Payroll/AP
4900004033,2026-01-26,2026-01-01,1000,,CC100,600000,259915.62,D,SA,Payroll/AP
4900004034,2026-01-14,2026-01-01,1000,,CC100,600100,53653.33,D,SA,Payroll/AP
4900004035,2026-01-22,2026-01-01,1000,,CC100,600200,20722.49,D,SA,Payroll/AP
4900004036,2026-01-16,2026-01-01,1000,,CC100,610000,112650.78,D,SA,Payroll/AP
4900004037,2026-01-05,2026-01-01,1000,,CC100,620000,17128.2,D,SA,Payroll/AP
4900004038,2026-01-21,2026-01-01,1000,,CC100,630000,12652.63,D,SA,Payroll/AP
4900004039,2026-01-10,2026-01-01,1000,,CC100,640000,9152.37,D,SA,Payroll/AP
4900004040,2026-01-08,2026-01-01,2000,,CC100,600000,139990.0,D,SA,Payroll/AP
4900004041,2026-01-09,2026-01-01,2000,,CC100,600100,28777.58,D,SA,Payroll/AP
4900004042,2026-01-22,2026-01-01,2000,,CC100,600200,10974.26,D,SA,Payroll/AP
4900004043,2026-01-05,2026-01-01,2000,,CC100,610000,78490.17,D,SA,Payroll/AP
4900004044,2026-01-23,2026-01-01,2000,,CC100,620000,8429.77,D,SA,Payroll/AP
4900004045,2026-01-14,2026-01-01,2000,,CC100,630000,6961.31,D,SA,Payroll/AP
4900004046,2026-01-26,2026-01-01,2000,,CC100,640000,5413.57,D,SA,Payroll/AP
4900004047,2026-01-13,2026-01-01,3000,,CC100,600000,71384.14,D,SA,Payroll/AP
4900004048,2026-01-03,2026-01-01,3000,,CC100,600100,14604.47,D,SA,Payroll/AP
4900004049,2026-01-15,2026-01-01,3000,,CC100,600200,5587.88,D,SA,Payroll/AP
4900004050,2026-01-20,2026-01-01,3000,,CC100,610000,24068.76,D,SA,Payroll/AP
4900004051,2026-01-16,2026-01-01,3000,,CC100,620000,3456.31,D,SA,Payroll/AP
4900004052,2026-01-19,2026-01-01,3000,,CC100,630000,3451.87,D,SA,Payroll/AP
4900004053,2026-01-13,2026-01-01,3000,,CC100,640000,3022.88,D,SA,Payroll/AP
4900004054,2026-01-18,2026-01-01,1000,,CC200,600000,503209.58,D,SA,Payroll/AP
4900004055,2026-01-17,2026-01-01,1000,,CC200,600100,100149.35,D,SA,Payroll/AP
4900004056,2026-01-28,2026-01-01,1000,,CC200,600200,40416.17,D,SA,Payroll/AP
4900004057,2026-01-23,2026-01-01,1000,,CC200,630000,47755.55,D,SA,Payroll/AP
4900004058,2026-01-14,2026-01-01,1000,,CC200,640000,17801.62,D,SA,Payroll/AP
4900004059,2026-01-18,2026-01-01,1000,,CC200,620000,9005.38,D,SA,Payroll/AP
4900004060,2026-01-02,2026-01-01,1000,,CC200,660000,19011.08,D,SA,Payroll/AP
4900004061,2026-01-26,2026-01-01,2000,,CC200,600000,283976.9,D,SA,Payroll/AP
4900004062,2026-01-12,2026-01-01,2000,,CC200,600100,57395.11,D,SA,Payroll/AP
4900004063,2026-01-23,2026-01-01,2000,,CC200,600200,22011.57,D,SA,Payroll/AP
4900004064,2026-01-26,2026-01-01,2000,,CC200,630000,18169.89,D,SA,Payroll/AP
4900004065,2026-01-18,2026-01-01,2000,,CC200,640000,9964.29,D,SA,Payroll/AP
4900004066,2026-01-20,2026-01-01,2000,,CC200,620000,4835.46,D,SA,Payroll/AP
4900004067,2026-01-21,2026-01-01,2000,,CC200,660000,10758.41,D,SA,Payroll/AP
4900004068,2026-01-03,2026-01-01,3000,,CC200,600000,140150.69,D,SA,Payroll/AP
4900004069,2026-01-04,2026-01-01,3000,,CC200,600100,29525.32,D,SA,Payroll/AP
4900004070,2026-01-25,2026-01-01,3000,,CC200,600200,10492.83,D,SA,Payroll/AP
4900004071,2026-01-08,2026-01-01,3000,,CC200,630000,12772.29,D,SA,Payroll/AP
4900004072,2026-01-22,2026-01-01,3000,,CC200,640000,5753.29,D,SA,Payroll/AP
4900004073,2026-01-22,2026-01-01,3000,,CC200,620000,3230.37,D,SA,Payroll/AP
4900004074,2026-01-12,2026-01-01,3000,,CC200,660000,5317.79,D,SA,Payroll/AP
4900004075,2026-01-06,2026-01-01,1000,,CC300,600000,85070.64,D,SA,Payroll/AP
4900004076,2026-01-21,2026-01-01,1000,,CC300,600100,16712.38,D,SA,Payroll/AP
4900004077,2026-01-20,2026-01-01,1000,,CC300,600200,6190.67,D,SA,Payroll/AP
4900004078,2026-01-02,2026-01-01,1000,,CC300,650000,17627.38,D,SA,Payroll/AP
4900004079,2026-01-19,2026-01-01,1000,,CC300,630000,4332.06,D,SA,Payroll/AP
4900004080,2026-01-21,2026-01-01,1000,,CC300,640000,3633.97,D,SA,Payroll/AP
4900004081,2026-01-22,2026-01-01,1000,,CC300,660000,3027.62,D,SA,Payroll/AP
4900004082,2026-01-21,2026-01-01,2000,,CC300,600000,46446.17,D,SA,Payroll/AP
4900004083,2026-01-13,2026-01-01,2000,,CC300,600100,9781.81,D,SA,Payroll/AP
4900004084,2026-01-25,2026-01-01,2000,,CC300,600200,3565.7,D,SA,Payroll/AP
4900004085,2026-01-11,2026-01-01,2000,,CC300,650000,9084.54,D,SA,Payroll/AP
4900004086,2026-01-26,2026-01-01,2000,,CC300,630000,2359.36,D,SA,Payroll/AP
4900004087,2026-01-14,2026-01-01,2000,,CC300,640000,1490.27,D,SA,Payroll/AP
4900004088,2026-01-04,2026-01-01,2000,,CC300,660000,1887.84,D,SA,Payroll/AP
4900004089,2026-01-01,2026-01-01,3000,,CC300,600000,22703.3,D,SA,Payroll/AP
4900004090,2026-01-04,2026-01-01,3000,,CC300,600100,4762.26,D,SA,Payroll/AP
4900004091,2026-01-09,2026-01-01,3000,,CC300,600200,1712.74,D,SA,Payroll/AP
4900004092,2026-01-08,2026-01-01,3000,,CC300,650000,3898.7,D,SA,Payroll/AP
4900004093,2026-01-17,2026-01-01,3000,,CC300,630000,1347.82,D,SA,Payroll/AP
4900004094,2026-01-24,2026-01-01,3000,,CC300,640000,853.3,D,SA,Payroll/AP
4900004095,2026-01-17,2026-01-01,3000,,CC300,660000,948.24,D,SA,Payroll/AP
4900004096,2026-01-18,2026-01-01,1000,,CC400,600000,145782.35,D,SA,Payroll/AP
4900004097,2026-01-19,2026-01-01,1000,,CC400,600100,28847.6,D,SA,Payroll/AP
4900004098,2026-01-23,2026-01-01,1000,,CC400,600200,11431.99,D,SA,Payroll/AP
4900004099,2026-01-19,2026-01-01,1000,,CC400,630000,8807.55,D,SA,Payroll/AP
4900004100,2026-01-08,2026-01-01,1000,,CC400,620000,4005.45,D,SA,Payroll/AP
4900004101,2026-01-15,2026-01-01,1000,,CC400,640000,5629.96,D,SA,Payroll/AP
4900004102,2026-01-12,2026-01-01,2000,,CC400,600000,77123.34,D,SA,Payroll/AP
4900004103,2026-01-13,2026-01-01,2000,,CC400,600100,16377.61,D,SA,Payroll/AP
4900004104,2026-01-15,2026-01-01,2000,,CC400,600200,6390.37,D,SA,Payroll/AP
4900004105,2026-01-25,2026-01-01,2000,,CC400,630000,5352.72,D,SA,Payroll/AP
4900004106,2026-01-22,2026-01-01,2000,,CC400,620000,2028.76,D,SA,Payroll/AP
4900004107,2026-01-19,2026-01-01,2000,,CC400,640000,3389.88,D,SA,Payroll/AP
4900004108,2026-01-23,2026-01-01,3000,,CC400,600000,40304.78,D,SA,Payroll/AP
4900004109,2026-01-17,2026-01-01,3000,,CC400,600100,8267.46,D,SA,Payroll/AP
4900004110,2026-01-05,2026-01-01,3000,,CC400,600200,3019.95,D,SA,Payroll/AP
4900004111,2026-01-12,2026-01-01,3000,,CC400,630000,2632.96,D,SA,Payroll/AP
4900004112,2026-01-01,2026-01-01,3000,,CC400,620000,1135.68,D,SA,Payroll/AP
4900004113,2026-01-16,2026-01-01,3000,,CC400,640000,1414.62,D,SA,Payroll/AP
4900004114,2026-01-04,2026-01-01,1000,,CC500,600000,101004.61,D,SA,Payroll/AP
4900004115,2026-01-10,2026-01-01,1000,,CC500,600100,20108.02,D,SA,Payroll/AP
4900004116,2026-01-14,2026-01-01,1000,,CC500,600200,7420.23,D,SA,Payroll/AP
4900004117,2026-01-03,2026-01-01,1000,,CC500,500000,484633.88,D,SA,Payroll/AP
4900004118,2026-01-04,2026-01-01,1000,,CC500,500100,183442.68,D,SA,Payroll/AP
4900004119,2026-01-27,2026-01-01,2000,,CC500,600000,54221.99,D,SA,Payroll/AP
4900004120,2026-01-24,2026-01-01,2000,,CC500,600100,10892.1,D,SA,Payroll/AP
4900004121,2026-01-05,2026-01-01,2000,,CC500,600200,4103.6,D,SA,Payroll/AP
4900004122,2026-01-12,2026-01-01,2000,,CC500,500000,251492.06,D,SA,Payroll/AP
4900004123,2026-01-10,2026-01-01,2000,,CC500,500100,105700.7,D,SA,Payroll/AP
4900004124,2026-01-11,2026-01-01,3000,,CC500,600000,25639.51,D,SA,Payroll/AP
4900004125,2026-01-15,2026-01-01,3000,,CC500,600100,5355.17,D,SA,Payroll/AP
4900004126,2026-01-26,2026-01-01,3000,,CC500,600200,2092.44,D,SA,Payroll/AP
4900004127,2026-01-07,2026-01-01,3000,,CC500,500000,118248.21,D,SA,Payroll/AP
4900004128,2026-01-17,2026-01-01,3000,,CC500,500100,48666.71,D,SA,Payroll/AP
4900004129,2026-02-16,2026-02-01,1000,,CC100,600000,255880.47,D,SA,Payroll/AP
4900004130,2026-02-12,2026-02-01,1000,,CC100,600100,52789.19,D,SA,Payroll/AP
4900004131,2026-02-16,2026-02-01,1000,,CC100,600200,19414.73,D,SA,Payroll/AP
4900004132,2026-02-04,2026-02-01,1000,,CC100,610000,116829.71,D,SA,Payroll/AP
4900004133,2026-02-15,2026-02-01,1000,,CC100,620000,15851.72,D,SA,Payroll/AP
4900004134,2026-02-24,2026-02-01,1000,,CC100,630000,12184.79,D,SA,Payroll/AP
4900004135,2026-02-23,2026-02-01,1000,,CC100,640000,10047.52,D,SA,Payroll/AP
4900004136,2026-02-15,2026-02-01,2000,,CC100,600000,144666.74,D,SA,Payroll/AP
4900004137,2026-02-11,2026-02-01,2000,,CC100,600100,30694.12,D,SA,Payroll/AP
4900004138,2026-02-03,2026-02-01,2000,,CC100,600200,10713.73,D,SA,Payroll/AP
4900004139,2026-02-10,2026-02-01,2000,,CC100,610000,71917.12,D,SA,Payroll/AP
4900004140,2026-02-02,2026-02-01,2000,,CC100,620000,10102.38,D,SA,Payroll/AP
4900004141,2026-02-26,2026-02-01,2000,,CC100,630000,6791.38,D,SA,Payroll/AP
4900004142,2026-02-23,2026-02-01,2000,,CC100,640000,5636.16,D,SA,Payroll/AP
4900004143,2026-02-04,2026-02-01,3000,,CC100,600000,71153.37,D,SA,Payroll/AP
4900004144,2026-02-01,2026-02-01,3000,,CC100,600100,14785.09,D,SA,Payroll/AP
4900004145,2026-02-28,2026-02-01,3000,,CC100,600200,5690.62,D,SA,Payroll/AP
4900004146,2026-02-11,2026-02-01,3000,,CC100,610000,34174.15,D,SA,Payroll/AP
4900004147,2026-02-21,2026-02-01,3000,,CC100,620000,4837.37,D,SA,Payroll/AP
4900004148,2026-02-04,2026-02-01,3000,,CC100,630000,3524.13,D,SA,Payroll/AP
4900004149,2026-02-22,2026-02-01,3000,,CC100,640000,2352.06,D,SA,Payroll/AP
4900004150,2026-02-26,2026-02-01,1000,,CC200,600000,523776.74,D,SA,Payroll/AP
4900004151,2026-02-06,2026-02-01,1000,,CC200,600100,110494.87,D,SA,Payroll/AP
4900004152,2026-02-24,2026-02-01,1000,,CC200,600200,39223.45,D,SA,Payroll/AP
4900004153,2026-02-08,2026-02-01,1000,,CC200,630000,42222.13,D,SA,Payroll/AP
4900004154,2026-02-17,2026-02-01,1000,,CC200,640000,20485.04,D,SA,Payroll/AP
4900004155,2026-02-06,2026-02-01,1000,,CC200,620000,9118.84,D,SA,Payroll/AP
4900004156,2026-02-18,2026-02-01,1000,,CC200,660000,19427.98,D,SA,Payroll/AP
4900004157,2026-02-06,2026-02-01,2000,,CC200,600000,284752.88,D,SA,Payroll/AP
4900004158,2026-02-11,2026-02-01,2000,,CC200,600100,57300.96,D,SA,Payroll/AP
4900004159,2026-02-18,2026-02-01,2000,,CC200,600200,21660.83,D,SA,Payroll/AP
4900004160,2026-02-14,2026-02-01,2000,,CC200,630000,27586.05,D,SA,Payroll/AP
4900004161,2026-02-15,2026-02-01,2000,,CC200,640000,9601.54,D,SA,Payroll/AP
4900004162,2026-02-08,2026-02-01,2000,,CC200,620000,4640.33,D,SA,Payroll/AP
4900004163,2026-02-26,2026-02-01,2000,,CC200,660000,10697.66,D,SA,Payroll/AP
4900004164,2026-02-13,2026-02-01,3000,,CC200,600000,145149.35,D,SA,Payroll/AP
4900004165,2026-02-21,2026-02-01,3000,,CC200,600100,29229.08,D,SA,Payroll/AP
4900004166,2026-02-06,2026-02-01,3000,,CC200,600200,10902.0,D,SA,Payroll/AP
4900004167,2026-02-06,2026-02-01,3000,,CC200,630000,12895.23,D,SA,Payroll/AP
4900004168,2026-02-21,2026-02-01,3000,,CC200,640000,4541.61,D,SA,Payroll/AP
4900004169,2026-02-22,2026-02-01,3000,,CC200,620000,2887.16,D,SA,Payroll/AP
4900004170,2026-02-14,2026-02-01,3000,,CC200,660000,5607.61,D,SA,Payroll/AP
4900004171,2026-02-13,2026-02-01,1000,,CC300,600000,84747.24,D,SA,Payroll/AP
4900004172,2026-02-01,2026-02-01,1000,,CC300,600100,17880.16,D,SA,Payroll/AP
4900004173,2026-02-24,2026-02-01,1000,,CC300,600200,6424.61,D,SA,Payroll/AP
4900004174,2026-02-20,2026-02-01,1000,,CC300,650000,18285.45,D,SA,Payroll/AP
4900004175,2026-02-07,2026-02-01,1000,,CC300,630000,4449.58,D,SA,Payroll/AP
4900004176,2026-02-15,2026-02-01,1000,,CC300,640000,3175.81,D,SA,Payroll/AP
4900004177,2026-02-19,2026-02-01,1000,,CC300,660000,3283.15,D,SA,Payroll/AP
4900004178,2026-02-14,2026-02-01,2000,,CC300,600000,46709.52,D,SA,Payroll/AP
4900004179,2026-02-13,2026-02-01,2000,,CC300,600100,9836.38,D,SA,Payroll/AP
4900004180,2026-02-01,2026-02-01,2000,,CC300,600200,3523.23,D,SA,Payroll/AP
4900004181,2026-02-23,2026-02-01,2000,,CC300,650000,8315.5,D,SA,Payroll/AP
4900004182,2026-02-07,2026-02-01,2000,,CC300,630000,2649.28,D,SA,Payroll/AP
4900004183,2026-02-07,2026-02-01,2000,,CC300,640000,1693.16,D,SA,Payroll/AP
4900004184,2026-02-09,2026-02-01,2000,,CC300,660000,1881.45,D,SA,Payroll/AP
4900004185,2026-02-25,2026-02-01,3000,,CC300,600000,23816.34,D,SA,Payroll/AP
4900004186,2026-02-23,2026-02-01,3000,,CC300,600100,4686.85,D,SA,Payroll/AP
4900004187,2026-02-26,2026-02-01,3000,,CC300,600200,1795.95,D,SA,Payroll/AP
4900004188,2026-02-26,2026-02-01,3000,,CC300,650000,3918.48,D,SA,Payroll/AP
4900004189,2026-02-03,2026-02-01,3000,,CC300,630000,1270.35,D,SA,Payroll/AP
4900004190,2026-02-19,2026-02-01,3000,,CC300,640000,903.57,D,SA,Payroll/AP
4900004191,2026-02-04,2026-02-01,3000,,CC300,660000,906.86,D,SA,Payroll/AP
4900004192,2026-02-26,2026-02-01,1000,,CC400,600000,143750.63,D,SA,Payroll/AP
4900004193,2026-02-28,2026-02-01,1000,,CC400,600100,28880.58,D,SA,Payroll/AP
4900004194,2026-02-18,2026-02-01,1000,,CC400,600200,11315.13,D,SA,Payroll/AP
4900004195,2026-02-06,2026-02-01,1000,,CC400,630000,7409.06,D,SA,Payroll/AP
4900004196,2026-02-12,2026-02-01,1000,,CC400,620000,3615.62,D,SA,Payroll/AP
4900004197,2026-02-11,2026-02-01,1000,,CC400,640000,6128.36,D,SA,Payroll/AP
4900004198,2026-02-07,2026-02-01,2000,,CC400,600000,80056.35,D,SA,Payroll/AP
4900004199,2026-02-15,2026-02-01,2000,,CC400,600100,16996.49,D,SA,Payroll/AP
4900004200,2026-02-04,2026-02-01,2000,,CC400,600200,6260.41,D,SA,Payroll/AP
4900004201,2026-02-09,2026-02-01,2000,,CC400,630000,4777.91,D,SA,Payroll/AP
4900004202,2026-02-22,2026-02-01,2000,,CC400,620000,2050.46,D,SA,Payroll/AP
4900004203,2026-02-28,2026-02-01,2000,,CC400,640000,3052.79,D,SA,Payroll/AP
4900004204,2026-02-16,2026-02-01,3000,,CC400,600000,38277.58,D,SA,Payroll/AP
4900004205,2026-02-17,2026-02-01,3000,,CC400,600100,7955.89,D,SA,Payroll/AP
4900004206,2026-02-21,2026-02-01,3000,,CC400,600200,3006.54,D,SA,Payroll/AP
4900004207,2026-02-11,2026-02-01,3000,,CC400,630000,2017.92,D,SA,Payroll/AP
4900004208,2026-02-20,2026-02-01,3000,,CC400,620000,1018.36,D,SA,Payroll/AP
4900004209,2026-02-13,2026-02-01,3000,,CC400,640000,1482.46,D,SA,Payroll/AP
4900004210,2026-02-20,2026-02-01,1000,,CC500,600000,95959.23,D,SA,Payroll/AP
4900004211,2026-02-13,2026-02-01,1000,,CC500,600100,20529.96,D,SA,Payroll/AP
4900004212,2026-02-19,2026-02-01,1000,,CC500,600200,7746.34,D,SA,Payroll/AP
4900004213,2026-02-04,2026-02-01,1000,,CC500,500000,455605.66,D,SA,Payroll/AP
4900004214,2026-02-12,2026-02-01,1000,,CC500,500100,184737.65,D,SA,Payroll/AP
4900004215,2026-02-12,2026-02-01,2000,,CC500,600000,55032.05,D,SA,Payroll/AP
4900004216,2026-02-28,2026-02-01,2000,,CC500,600100,11308.44,D,SA,Payroll/AP
4900004217,2026-02-15,2026-02-01,2000,,CC500,600200,4209.47,D,SA,Payroll/AP
4900004218,2026-02-20,2026-02-01,2000,,CC500,500000,223927.04,D,SA,Payroll/AP
4900004219,2026-02-06,2026-02-01,2000,,CC500,500100,107486.72,D,SA,Payroll/AP
4900004220,2026-02-27,2026-02-01,3000,,CC500,600000,27402.58,D,SA,Payroll/AP
4900004221,2026-02-22,2026-02-01,3000,,CC500,600100,5424.28,D,SA,Payroll/AP
4900004222,2026-02-23,2026-02-01,3000,,CC500,600200,2145.05,D,SA,Payroll/AP
4900004223,2026-02-26,2026-02-01,3000,,CC500,500000,113776.76,D,SA,Payroll/AP
4900004224,2026-02-10,2026-02-01,3000,,CC500,500100,51633.5,D,SA,Payroll/AP
4900004225,2026-03-20,2026-03-01,1000,,CC100,600000,264173.54,D,SA,Payroll/AP
4900004226,2026-03-19,2026-03-01,1000,,CC100,600100,55173.49,D,SA,Payroll/AP
4900004227,2026-03-03,2026-03-01,1000,,CC100,600200,19880.35,D,SA,Payroll/AP
4900004228,2026-03-22,2026-03-01,1000,,CC100,610000,113594.48,D,SA,Payroll/AP
4900004229,2026-03-05,2026-03-01,1000,,CC100,620000,15290.43,D,SA,Payroll/AP
4900004230,2026-03-11,2026-03-01,1000,,CC100,630000,13917.9,D,SA,Payroll/AP
4900004231,2026-03-04,2026-03-01,1000,,CC100,640000,11323.23,D,SA,Payroll/AP
4900004232,2026-03-08,2026-03-01,2000,,CC100,600000,147483.88,D,SA,Payroll/AP
4900004233,2026-03-10,2026-03-01,2000,,CC100,600100,28450.52,D,SA,Payroll/AP
4900004234,2026-03-04,2026-03-01,2000,,CC100,600200,11657.64,D,SA,Payroll/AP
4900004235,2026-03-06,2026-03-01,2000,,CC100,610000,67263.73,D,SA,Payroll/AP
4900004236,2026-03-12,2026-03-01,2000,,CC100,620000,8608.76,D,SA,Payroll/AP
4900004237,2026-03-23,2026-03-01,2000,,CC100,630000,7584.13,D,SA,Payroll/AP
4900004238,2026-03-05,2026-03-01,2000,,CC100,640000,5698.77,D,SA,Payroll/AP
4900004239,2026-03-17,2026-03-01,3000,,CC100,600000,71830.39,D,SA,Payroll/AP
4900004240,2026-03-13,2026-03-01,3000,,CC100,600100,14992.72,D,SA,Payroll/AP
4900004241,2026-03-14,2026-03-01,3000,,CC100,600200,5532.06,D,SA,Payroll/AP
4900004242,2026-03-20,2026-03-01,3000,,CC100,610000,31346.33,D,SA,Payroll/AP
4900004243,2026-03-05,2026-03-01,3000,,CC100,620000,4346.48,D,SA,Payroll/AP
4900004244,2026-03-19,2026-03-01,3000,,CC100,630000,3198.53,D,SA,Payroll/AP
4900004245,2026-03-13,2026-03-01,3000,,CC100,640000,2840.89,D,SA,Payroll/AP
4900004246,2026-03-14,2026-03-01,1000,,CC200,600000,533267.2,D,SA,Payroll/AP
4900004247,2026-03-06,2026-03-01,1000,,CC200,600100,109235.87,D,SA,Payroll/AP
4900004248,2026-03-16,2026-03-01,1000,,CC200,600200,41210.82,D,SA,Payroll/AP
4900004249,2026-03-21,2026-03-01,1000,,CC200,630000,48837.82,D,SA,Payroll/AP
4900004250,2026-03-18,2026-03-01,1000,,CC200,640000,19192.97,D,SA,Payroll/AP
4900004251,2026-03-23,2026-03-01,1000,,CC200,620000,10987.6,D,SA,Payroll/AP
4900004252,2026-03-21,2026-03-01,1000,,CC200,660000,18896.92,D,SA,Payroll/AP
4900004253,2026-03-06,2026-03-01,2000,,CC200,600000,281558.65,D,SA,Payroll/AP
4900004254,2026-03-18,2026-03-01,2000,,CC200,600100,57680.89,D,SA,Payroll/AP
4900004255,2026-03-06,2026-03-01,2000,,CC200,600200,22532.08,D,SA,Payroll/AP
4900004256,2026-03-16,2026-03-01,2000,,CC200,630000,28157.54,D,SA,Payroll/AP
4900004257,2026-03-10,2026-03-01,2000,,CC200,640000,11565.22,D,SA,Payroll/AP
4900004258,2026-03-05,2026-03-01,2000,,CC200,620000,6104.97,D,SA,Payroll/AP
4900004259,2026-03-06,2026-03-01,2000,,CC200,660000,10543.0,D,SA,Payroll/AP
4900004260,2026-03-11,2026-03-01,3000,,CC200,600000,144361.27,D,SA,Payroll/AP
4900004261,2026-03-27,2026-03-01,3000,,CC200,600100,29333.92,D,SA,Payroll/AP
4900004262,2026-03-15,2026-03-01,3000,,CC200,600200,11214.61,D,SA,Payroll/AP
4900004263,2026-03-20,2026-03-01,3000,,CC200,630000,12717.55,D,SA,Payroll/AP
4900004264,2026-03-02,2026-03-01,3000,,CC200,640000,5301.66,D,SA,Payroll/AP
4900004265,2026-03-28,2026-03-01,3000,,CC200,620000,2906.08,D,SA,Payroll/AP
4900004266,2026-03-12,2026-03-01,3000,,CC200,660000,5755.47,D,SA,Payroll/AP
4900004267,2026-03-01,2026-03-01,1000,,CC300,600000,84485.26,D,SA,Payroll/AP
4900004268,2026-03-16,2026-03-01,1000,,CC300,600100,17543.64,D,SA,Payroll/AP
4900004269,2026-03-05,2026-03-01,1000,,CC300,600200,6447.48,D,SA,Payroll/AP
4900004270,2026-03-07,2026-03-01,1000,,CC300,650000,12353.65,D,SA,Payroll/AP
4900004271,2026-03-27,2026-03-01,1000,,CC300,630000,4479.3,D,SA,Payroll/AP
4900004272,2026-03-13,2026-03-01,1000,,CC300,640000,3494.0,D,SA,Payroll/AP
4900004273,2026-03-18,2026-03-01,1000,,CC300,660000,3336.61,D,SA,Payroll/AP
4900004274,2026-03-17,2026-03-01,2000,,CC300,600000,45081.18,D,SA,Payroll/AP
4900004275,2026-03-21,2026-03-01,2000,,CC300,600100,9555.1,D,SA,Payroll/AP
4900004276,2026-03-16,2026-03-01,2000,,CC300,600200,3448.39,D,SA,Payroll/AP
4900004277,2026-03-14,2026-03-01,2000,,CC300,650000,10256.84,D,SA,Payroll/AP
4900004278,2026-03-22,2026-03-01,2000,,CC300,630000,2144.39,D,SA,Payroll/AP
4900004279,2026-03-16,2026-03-01,2000,,CC300,640000,2030.75,D,SA,Payroll/AP
4900004280,2026-03-14,2026-03-01,2000,,CC300,660000,1889.57,D,SA,Payroll/AP
4900004281,2026-03-23,2026-03-01,3000,,CC300,600000,22667.07,D,SA,Payroll/AP
4900004282,2026-03-27,2026-03-01,3000,,CC300,600100,4627.67,D,SA,Payroll/AP
4900004283,2026-03-15,2026-03-01,3000,,CC300,600200,1788.04,D,SA,Payroll/AP
4900004284,2026-03-16,2026-03-01,3000,,CC300,650000,4064.21,D,SA,Payroll/AP
4900004285,2026-03-06,2026-03-01,3000,,CC300,630000,1195.87,D,SA,Payroll/AP
4900004286,2026-03-03,2026-03-01,3000,,CC300,640000,844.94,D,SA,Payroll/AP
4900004287,2026-03-19,2026-03-01,3000,,CC300,660000,808.74,D,SA,Payroll/AP
4900004288,2026-03-01,2026-03-01,1000,,CC400,600000,140760.57,D,SA,Payroll/AP
4900004289,2026-03-26,2026-03-01,1000,,CC400,600100,30359.17,D,SA,Payroll/AP
4900004290,2026-03-25,2026-03-01,1000,,CC400,600200,11206.02,D,SA,Payroll/AP
4900004291,2026-03-08,2026-03-01,1000,,CC400,630000,8922.06,D,SA,Payroll/AP
4900004292,2026-03-10,2026-03-01,1000,,CC400,620000,4040.65,D,SA,Payroll/AP
4900004293,2026-03-02,2026-03-01,1000,,CC400,640000,6331.6,D,SA,Payroll/AP
4900004294,2026-03-09,2026-03-01,2000,,CC400,600000,80176.74,D,SA,Payroll/AP
4900004295,2026-03-08,2026-03-01,2000,,CC400,600100,16424.0,D,SA,Payroll/AP
4900004296,2026-03-18,2026-03-01,2000,,CC400,600200,6263.27,D,SA,Payroll/AP
4900004297,2026-03-10,2026-03-01,2000,,CC400,630000,4466.48,D,SA,Payroll/AP
4900004298,2026-03-06,2026-03-01,2000,,CC400,620000,2113.21,D,SA,Payroll/AP
4900004299,2026-03-25,2026-03-01,2000,,CC400,640000,3271.74,D,SA,Payroll/AP
4900004300,2026-03-15,2026-03-01,3000,,CC400,600000,40856.46,D,SA,Payroll/AP
4900004301,2026-03-19,2026-03-01,3000,,CC400,600100,7948.05,D,SA,Payroll/AP
4900004302,2026-03-24,2026-03-01,3000,,CC400,600200,3053.41,D,SA,Payroll/AP
4900004303,2026-03-25,2026-03-01,3000,,CC400,630000,2356.92,D,SA,Payroll/AP
4900004304,2026-03-25,2026-03-01,3000,,CC400,620000,1043.86,D,SA,Payroll/AP
4900004305,2026-03-16,2026-03-01,3000,,CC400,640000,1624.84,D,SA,Payroll/AP
4900004306,2026-03-18,2026-03-01,1000,,CC500,600000,103363.07,D,SA,Payroll/AP
4900004307,2026-03-17,2026-03-01,1000,,CC500,600100,20382.65,D,SA,Payroll/AP
4900004308,2026-03-04,2026-03-01,1000,,CC500,600200,7643.09,D,SA,Payroll/AP
4900004309,2026-03-19,2026-03-01,1000,,CC500,500000,502101.43,D,SA,Payroll/AP
4900004310,2026-03-04,2026-03-01,1000,,CC500,500100,198721.77,D,SA,Payroll/AP
4900004311,2026-03-09,2026-03-01,2000,,CC500,600000,55887.14,D,SA,Payroll/AP
4900004312,2026-03-25,2026-03-01,2000,,CC500,600100,11245.13,D,SA,Payroll/AP
4900004313,2026-03-18,2026-03-01,2000,,CC500,600200,4095.68,D,SA,Payroll/AP
4900004314,2026-03-27,2026-03-01,2000,,CC500,500000,211969.95,D,SA,Payroll/AP
4900004315,2026-03-12,2026-03-01,2000,,CC500,500100,88555.21,D,SA,Payroll/AP
4900004316,2026-03-18,2026-03-01,3000,,CC500,600000,28051.8,D,SA,Payroll/AP
4900004317,2026-03-27,2026-03-01,3000,,CC500,600100,5814.02,D,SA,Payroll/AP
4900004318,2026-03-25,2026-03-01,3000,,CC500,600200,2208.4,D,SA,Payroll/AP
4900004319,2026-03-02,2026-03-01,3000,,CC500,500000,134702.31,D,SA,Payroll/AP
4900004320,2026-03-25,2026-03-01,3000,,CC500,500100,59431.85,D,SA,Payroll/AP
4900004321,2026-04-24,2026-04-01,1000,,CC100,600000,266063.67,D,SA,Payroll/AP
4900004322,2026-04-15,2026-04-01,1000,,CC100,600100,53940.61,D,SA,Payroll/AP
4900004323,2026-04-18,2026-04-01,1000,,CC100,600200,21058.69,D,SA,Payroll/AP
4900004324,2026-04-07,2026-04-01,1000,,CC100,610000,125833.85,D,SA,Payroll/AP
4900004325,2026-04-14,2026-04-01,1000,,CC100,620000,17440.93,D,SA,Payroll/AP
4900004326,2026-04-04,2026-04-01,1000,,CC100,630000,14339.17,D,SA,Payroll/AP
4900004327,2026-04-24,2026-04-01,1000,,CC100,640000,10687.92,D,SA,Payroll/AP
4900004328,2026-04-27,2026-04-01,2000,,CC100,600000,150520.74,D,SA,Payroll/AP
4900004329,2026-04-21,2026-04-01,2000,,CC100,600100,30882.77,D,SA,Payroll/AP
4900004330,2026-04-25,2026-04-01,2000,,CC100,600200,11411.54,D,SA,Payroll/AP
4900004331,2026-04-08,2026-04-01,2000,,CC100,610000,71420.21,D,SA,Payroll/AP
4900004332,2026-04-10,2026-04-01,2000,,CC100,620000,9890.81,D,SA,Payroll/AP
4900004333,2026-04-28,2026-04-01,2000,,CC100,630000,7178.71,D,SA,Payroll/AP
4900004334,2026-04-02,2026-04-01,2000,,CC100,640000,6071.36,D,SA,Payroll/AP
4900004335,2026-04-15,2026-04-01,3000,,CC100,600000,71737.47,D,SA,Payroll/AP
4900004336,2026-04-09,2026-04-01,3000,,CC100,600100,15456.63,D,SA,Payroll/AP
4900004337,2026-04-12,2026-04-01,3000,,CC100,600200,5540.97,D,SA,Payroll/AP
4900004338,2026-04-28,2026-04-01,3000,,CC100,610000,34059.81,D,SA,Payroll/AP
4900004339,2026-04-27,2026-04-01,3000,,CC100,620000,4330.69,D,SA,Payroll/AP
4900004340,2026-04-03,2026-04-01,3000,,CC100,630000,3993.82,D,SA,Payroll/AP
4900004341,2026-04-15,2026-04-01,3000,,CC100,640000,2828.66,D,SA,Payroll/AP
4900004342,2026-04-28,2026-04-01,1000,,CC200,600000,513468.06,D,SA,Payroll/AP
4900004343,2026-04-04,2026-04-01,1000,,CC200,600100,109712.29,D,SA,Payroll/AP
4900004344,2026-04-25,2026-04-01,1000,,CC200,600200,40327.26,D,SA,Payroll/AP
4900004345,2026-04-26,2026-04-01,1000,,CC200,630000,51792.77,D,SA,Payroll/AP
4900004346,2026-04-08,2026-04-01,1000,,CC200,640000,20402.12,D,SA,Payroll/AP
4900004347,2026-04-07,2026-04-01,1000,,CC200,620000,10603.02,D,SA,Payroll/AP
4900004348,2026-04-26,2026-04-01,1000,,CC200,660000,19422.72,D,SA,Payroll/AP
4900004349,2026-04-24,2026-04-01,2000,,CC200,600000,286084.97,D,SA,Payroll/AP
4900004350,2026-04-19,2026-04-01,2000,,CC200,600100,58839.32,D,SA,Payroll/AP
4900004351,2026-04-23,2026-04-01,2000,,CC200,600200,22650.57,D,SA,Payroll/AP
4900004352,2026-04-12,2026-04-01,2000,,CC200,630000,30338.43,D,SA,Payroll/AP
4900004353,2026-04-28,2026-04-01,2000,,CC200,640000,10237.99,D,SA,Payroll/AP
4900004354,2026-04-23,2026-04-01,2000,,CC200,620000,6166.76,D,SA,Payroll/AP
4900004355,2026-04-20,2026-04-01,2000,,CC200,660000,9926.59,D,SA,Payroll/AP
4900004356,2026-04-21,2026-04-01,3000,,CC200,600000,141291.44,D,SA,Payroll/AP
4900004357,2026-04-14,2026-04-01,3000,,CC200,600100,29122.66,D,SA,Payroll/AP
4900004358,2026-04-06,2026-04-01,3000,,CC200,600200,10833.32,D,SA,Payroll/AP
4900004359,2026-04-20,2026-04-01,3000,,CC200,630000,10933.14,D,SA,Payroll/AP
4900004360,2026-04-05,2026-04-01,3000,,CC200,640000,5797.18,D,SA,Payroll/AP
4900004361,2026-04-26,2026-04-01,3000,,CC200,620000,2724.04,D,SA,Payroll/AP
4900004362,2026-04-07,2026-04-01,3000,,CC200,660000,5672.87,D,SA,Payroll/AP
4900004363,2026-04-27,2026-04-01,1000,,CC300,600000,88511.04,D,SA,Payroll/AP
4900004364,2026-04-07,2026-04-01,1000,,CC300,600100,18003.94,D,SA,Payroll/AP
4900004365,2026-04-26,2026-04-01,1000,,CC300,600200,6804.15,D,SA,Payroll/AP
4900004366,2026-04-02,2026-04-01,1000,,CC300,650000,16672.76,D,SA,Payroll/AP
4900004367,2026-04-19,2026-04-01,1000,,CC300,630000,3945.76,D,SA,Payroll/AP
4900004368,2026-04-12,2026-04-01,1000,,CC300,640000,3713.1,D,SA,Payroll/AP
4900004369,2026-04-18,2026-04-01,1000,,CC300,660000,3258.99,D,SA,Payroll/AP
4900004370,2026-04-09,2026-04-01,2000,,CC300,600000,46863.18,D,SA,Payroll/AP
4900004371,2026-04-20,2026-04-01,2000,,CC300,600100,9761.41,D,SA,Payroll/AP
4900004372,2026-04-18,2026-04-01,2000,,CC300,600200,3606.53,D,SA,Payroll/AP
4900004373,2026-04-06,2026-04-01,2000,,CC300,650000,8800.63,D,SA,Payroll/AP
4900004374,2026-04-11,2026-04-01,2000,,CC300,630000,2533.33,D,SA,Payroll/AP
4900004375,2026-04-23,2026-04-01,2000,,CC300,640000,1900.78,D,SA,Payroll/AP
4900004376,2026-04-10,2026-04-01,2000,,CC300,660000,1754.34,D,SA,Payroll/AP
4900004377,2026-04-10,2026-04-01,3000,,CC300,600000,23645.49,D,SA,Payroll/AP
4900004378,2026-04-19,2026-04-01,3000,,CC300,600100,5003.38,D,SA,Payroll/AP
4900004379,2026-04-09,2026-04-01,3000,,CC300,600200,1855.04,D,SA,Payroll/AP
4900004380,2026-04-28,2026-04-01,3000,,CC300,650000,5544.87,D,SA,Payroll/AP
4900004381,2026-04-17,2026-04-01,3000,,CC300,630000,1369.04,D,SA,Payroll/AP
4900004382,2026-04-22,2026-04-01,3000,,CC300,640000,1023.49,D,SA,Payroll/AP
4900004383,2026-04-27,2026-04-01,3000,,CC300,660000,854.67,D,SA,Payroll/AP
4900004384,2026-04-04,2026-04-01,1000,,CC400,600000,152025.04,D,SA,Payroll/AP
4900004385,2026-04-05,2026-04-01,1000,,CC400,600100,30682.75,D,SA,Payroll/AP
4900004386,2026-04-25,2026-04-01,1000,,CC400,600200,11391.34,D,SA,Payroll/AP
4900004387,2026-04-26,2026-04-01,1000,,CC400,630000,9759.83,D,SA,Payroll/AP
4900004388,2026-04-14,2026-04-01,1000,,CC400,620000,4202.33,D,SA,Payroll/AP
4900004389,2026-04-02,2026-04-01,1000,,CC400,640000,6047.57,D,SA,Payroll/AP
4900004390,2026-04-09,2026-04-01,2000,,CC400,600000,80737.61,D,SA,Payroll/AP
4900004391,2026-04-28,2026-04-01,2000,,CC400,600100,17108.07,D,SA,Payroll/AP
4900004392,2026-04-21,2026-04-01,2000,,CC400,600200,6241.04,D,SA,Payroll/AP
4900004393,2026-04-05,2026-04-01,2000,,CC400,630000,5382.19,D,SA,Payroll/AP
4900004394,2026-04-23,2026-04-01,2000,,CC400,620000,2043.3,D,SA,Payroll/AP
4900004395,2026-04-28,2026-04-01,2000,,CC400,640000,3091.65,D,SA,Payroll/AP
4900004396,2026-04-05,2026-04-01,3000,,CC400,600000,41720.46,D,SA,Payroll/AP
4900004397,2026-04-08,2026-04-01,3000,,CC400,600100,8253.52,D,SA,Payroll/AP
4900004398,2026-04-05,2026-04-01,3000,,CC400,600200,3283.8,D,SA,Payroll/AP
4900004399,2026-04-23,2026-04-01,3000,,CC400,630000,2154.34,D,SA,Payroll/AP
4900004400,2026-04-11,2026-04-01,3000,,CC400,620000,990.64,D,SA,Payroll/AP
4900004401,2026-04-27,2026-04-01,3000,,CC400,640000,1638.92,D,SA,Payroll/AP
4900004402,2026-04-08,2026-04-01,1000,,CC500,600000,103503.17,D,SA,Payroll/AP
4900004403,2026-04-25,2026-04-01,1000,,CC500,600100,20944.0,D,SA,Payroll/AP
4900004404,2026-04-27,2026-04-01,1000,,CC500,600200,7860.78,D,SA,Payroll/AP
4900004405,2026-04-22,2026-04-01,1000,,CC500,500000,477919.67,D,SA,Payroll/AP
4900004406,2026-04-13,2026-04-01,1000,,CC500,500100,192199.15,D,SA,Payroll/AP
4900004407,2026-04-16,2026-04-01,2000,,CC500,600000,57034.97,D,SA,Payroll/AP
4900004408,2026-04-05,2026-04-01,2000,,CC500,600100,11573.4,D,SA,Payroll/AP
4900004409,2026-04-19,2026-04-01,2000,,CC500,600200,4342.88,D,SA,Payroll/AP
4900004410,2026-04-21,2026-04-01,2000,,CC500,500000,224932.26,D,SA,Payroll/AP
4900004411,2026-04-09,2026-04-01,2000,,CC500,500100,105862.18,D,SA,Payroll/AP
4900004412,2026-04-21,2026-04-01,3000,,CC500,600000,27577.7,D,SA,Payroll/AP
4900004413,2026-04-14,2026-04-01,3000,,CC500,600100,5576.7,D,SA,Payroll/AP
4900004414,2026-04-13,2026-04-01,3000,,CC500,600200,2149.56,D,SA,Payroll/AP
4900004415,2026-04-15,2026-04-01,3000,,CC500,500000,117800.84,D,SA,Payroll/AP
4900004416,2026-04-03,2026-04-01,3000,,CC500,500100,56851.55,D,SA,Payroll/AP
4900004417,2026-05-21,2026-05-01,1000,,CC100,600000,267276.44,D,SA,Payroll/AP
4900004418,2026-05-26,2026-05-01,1000,,CC100,600100,57951.28,D,SA,Payroll/AP
4900004419,2026-05-25,2026-05-01,1000,,CC100,600200,20632.78,D,SA,Payroll/AP
4900004420,2026-05-03,2026-05-01,1000,,CC100,610000,125242.54,D,SA,Payroll/AP
4900004421,2026-05-13,2026-05-01,1000,,CC100,620000,18894.21,D,SA,Payroll/AP
4900004422,2026-05-17,2026-05-01,1000,,CC100,630000,13207.02,D,SA,Payroll/AP
4900004423,2026-05-24,2026-05-01,1000,,CC100,640000,11400.2,D,SA,Payroll/AP
4900004424,2026-05-09,2026-05-01,2000,,CC100,600000,145909.59,D,SA,Payroll/AP
4900004425,2026-05-23,2026-05-01,2000,,CC100,600100,31575.66,D,SA,Payroll/AP
4900004426,2026-05-12,2026-05-01,2000,,CC100,600200,11509.95,D,SA,Payroll/AP
4900004427,2026-05-15,2026-05-01,2000,,CC100,610000,63119.11,D,SA,Payroll/AP
4900004428,2026-05-16,2026-05-01,2000,,CC100,620000,9302.03,D,SA,Payroll/AP
4900004429,2026-05-11,2026-05-01,2000,,CC100,630000,8291.66,D,SA,Payroll/AP
4900004430,2026-05-19,2026-05-01,2000,,CC100,640000,5417.09,D,SA,Payroll/AP
4900004431,2026-05-01,2026-05-01,3000,,CC100,600000,73672.55,D,SA,Payroll/AP
4900004432,2026-05-28,2026-05-01,3000,,CC100,600100,15274.28,D,SA,Payroll/AP
4900004433,2026-05-25,2026-05-01,3000,,CC100,600200,5617.92,D,SA,Payroll/AP
4900004434,2026-05-28,2026-05-01,3000,,CC100,610000,39671.14,D,SA,Payroll/AP
4900004435,2026-05-24,2026-05-01,3000,,CC100,620000,4522.9,D,SA,Payroll/AP
4900004436,2026-05-03,2026-05-01,3000,,CC100,630000,4154.54,D,SA,Payroll/AP
4900004437,2026-05-24,2026-05-01,3000,,CC100,640000,2936.93,D,SA,Payroll/AP
4900004438,2026-05-15,2026-05-01,1000,,CC200,600000,524234.35,D,SA,Payroll/AP
4900004439,2026-05-21,2026-05-01,1000,,CC200,600100,109682.16,D,SA,Payroll/AP
4900004440,2026-05-22,2026-05-01,1000,,CC200,600200,41780.72,D,SA,Payroll/AP
4900004441,2026-05-23,2026-05-01,1000,,CC200,630000,47088.16,D,SA,Payroll/AP
4900004442,2026-05-12,2026-05-01,1000,,CC200,640000,23021.83,D,SA,Payroll/AP
4900004443,2026-05-28,2026-05-01,1000,,CC200,620000,11334.45,D,SA,Payroll/AP
4900004444,2026-05-03,2026-05-01,1000,,CC200,660000,21512.86,D,SA,Payroll/AP
4900004445,2026-05-26,2026-05-01,2000,,CC200,600000,288520.5,D,SA,Payroll/AP
4900004446,2026-05-18,2026-05-01,2000,,CC200,600100,58442.78,D,SA,Payroll/AP
4900004447,2026-05-13,2026-05-01,2000,,CC200,600200,22124.92,D,SA,Payroll/AP
4900004448,2026-05-07,2026-05-01,2000,,CC200,630000,26645.95,D,SA,Payroll/AP
4900004449,2026-05-14,2026-05-01,2000,,CC200,640000,11811.18,D,SA,Payroll/AP
4900004450,2026-05-27,2026-05-01,2000,,CC200,620000,4383.88,D,SA,Payroll/AP
4900004451,2026-05-07,2026-05-01,2000,,CC200,660000,11195.36,D,SA,Payroll/AP
4900004452,2026-05-16,2026-05-01,3000,,CC200,600000,146602.08,D,SA,Payroll/AP
4900004453,2026-05-09,2026-05-01,3000,,CC200,600100,29811.04,D,SA,Payroll/AP
4900004454,2026-05-11,2026-05-01,3000,,CC200,600200,11531.86,D,SA,Payroll/AP
4900004455,2026-05-27,2026-05-01,3000,,CC200,630000,13668.3,D,SA,Payroll/AP
4900004456,2026-05-10,2026-05-01,3000,,CC200,640000,6357.2,D,SA,Payroll/AP
4900004457,2026-05-11,2026-05-01,3000,,CC200,620000,2749.69,D,SA,Payroll/AP
4900004458,2026-05-18,2026-05-01,3000,,CC200,660000,5884.24,D,SA,Payroll/AP
4900004459,2026-05-19,2026-05-01,1000,,CC300,600000,90352.82,D,SA,Payroll/AP
4900004460,2026-05-05,2026-05-01,1000,,CC300,600100,18417.84,D,SA,Payroll/AP
4900004461,2026-05-19,2026-05-01,1000,,CC300,600200,6583.13,D,SA,Payroll/AP
4900004462,2026-05-28,2026-05-01,1000,,CC300,650000,16398.51,D,SA,Payroll/AP
4900004463,2026-05-16,2026-05-01,1000,,CC300,630000,4331.89,D,SA,Payroll/AP
4900004464,2026-05-26,2026-05-01,1000,,CC300,640000,3529.7,D,SA,Payroll/AP
4900004465,2026-05-11,2026-05-01,1000,,CC300,660000,3480.55,D,SA,Payroll/AP
4900004466,2026-05-22,2026-05-01,2000,,CC300,600000,47055.75,D,SA,Payroll/AP
4900004467,2026-05-25,2026-05-01,2000,,CC300,600100,9830.49,D,SA,Payroll/AP
4900004468,2026-05-02,2026-05-01,2000,,CC300,600200,3532.72,D,SA,Payroll/AP
4900004469,2026-05-02,2026-05-01,2000,,CC300,650000,10530.71,D,SA,Payroll/AP
4900004470,2026-05-04,2026-05-01,2000,,CC300,630000,2328.54,D,SA,Payroll/AP
4900004471,2026-05-21,2026-05-01,2000,,CC300,640000,1851.0,D,SA,Payroll/AP
4900004472,2026-05-26,2026-05-01,2000,,CC300,660000,1812.22,D,SA,Payroll/AP
4900004473,2026-05-27,2026-05-01,3000,,CC300,600000,24477.83,D,SA,Payroll/AP
4900004474,2026-05-15,2026-05-01,3000,,CC300,600100,4630.02,D,SA,Payroll/AP
4900004475,2026-05-01,2026-05-01,3000,,CC300,600200,1840.11,D,SA,Payroll/AP
4900004476,2026-05-04,2026-05-01,3000,,CC300,650000,4553.1,D,SA,Payroll/AP
4900004477,2026-05-28,2026-05-01,3000,,CC300,630000,1171.48,D,SA,Payroll/AP
4900004478,2026-05-06,2026-05-01,3000,,CC300,640000,1079.23,D,SA,Payroll/AP
4900004479,2026-05-15,2026-05-01,3000,,CC300,660000,879.53,D,SA,Payroll/AP
4900004480,2026-05-15,2026-05-01,1000,,CC400,600000,154499.44,D,SA,Payroll/AP
4900004481,2026-05-01,2026-05-01,1000,,CC400,600100,31432.81,D,SA,Payroll/AP
4900004482,2026-05-14,2026-05-01,1000,,CC400,600200,11999.21,D,SA,Payroll/AP
4900004483,2026-05-07,2026-05-01,1000,,CC400,630000,9102.53,D,SA,Payroll/AP
4900004484,2026-05-23,2026-05-01,1000,,CC400,620000,3615.35,D,SA,Payroll/AP
4900004485,2026-05-05,2026-05-01,1000,,CC400,640000,6493.37,D,SA,Payroll/AP
4900004486,2026-05-21,2026-05-01,2000,,CC400,600000,83761.32,D,SA,Payroll/AP
4900004487,2026-05-10,2026-05-01,2000,,CC400,600100,16510.47,D,SA,Payroll/AP
4900004488,2026-05-06,2026-05-01,2000,,CC400,600200,6319.92,D,SA,Payroll/AP
4900004489,2026-05-28,2026-05-01,2000,,CC400,630000,5529.74,D,SA,Payroll/AP
4900004490,2026-05-09,2026-05-01,2000,,CC400,620000,2308.02,D,SA,Payroll/AP
4900004491,2026-05-03,2026-05-01,2000,,CC400,640000,2977.44,D,SA,Payroll/AP
4900004492,2026-05-21,2026-05-01,3000,,CC400,600000,39435.61,D,SA,Payroll/AP
4900004493,2026-05-12,2026-05-01,3000,,CC400,600100,8679.92,D,SA,Payroll/AP
4900004494,2026-05-09,2026-05-01,3000,,CC400,600200,3142.64,D,SA,Payroll/AP
4900004495,2026-05-03,2026-05-01,3000,,CC400,630000,2142.85,D,SA,Payroll/AP
4900004496,2026-05-12,2026-05-01,3000,,CC400,620000,769.63,D,SA,Payroll/AP
4900004497,2026-05-22,2026-05-01,3000,,CC400,640000,1741.73,D,SA,Payroll/AP
4900004498,2026-05-21,2026-05-01,1000,,CC500,600000,102789.65,D,SA,Payroll/AP
4900004499,2026-05-06,2026-05-01,1000,,CC500,600100,20936.04,D,SA,Payroll/AP
4900004500,2026-05-02,2026-05-01,1000,,CC500,600200,8105.7,D,SA,Payroll/AP
4900004501,2026-05-13,2026-05-01,1000,,CC500,500000,489372.43,D,SA,Payroll/AP
4900004502,2026-05-21,2026-05-01,1000,,CC500,500100,229033.03,D,SA,Payroll/AP
4900004503,2026-05-10,2026-05-01,2000,,CC500,600000,54058.35,D,SA,Payroll/AP
4900004504,2026-05-24,2026-05-01,2000,,CC500,600100,11398.74,D,SA,Payroll/AP
4900004505,2026-05-23,2026-05-01,2000,,CC500,600200,4139.17,D,SA,Payroll/AP
4900004506,2026-05-25,2026-05-01,2000,,CC500,500000,243796.28,D,SA,Payroll/AP
4900004507,2026-05-08,2026-05-01,2000,,CC500,500100,104278.44,D,SA,Payroll/AP
4900004508,2026-05-14,2026-05-01,3000,,CC500,600000,28152.08,D,SA,Payroll/AP
4900004509,2026-05-21,2026-05-01,3000,,CC500,600100,5708.51,D,SA,Payroll/AP
4900004510,2026-05-03,2026-05-01,3000,,CC500,600200,2165.41,D,SA,Payroll/AP
4900004511,2026-05-23,2026-05-01,3000,,CC500,500000,133536.02,D,SA,Payroll/AP
4900004512,2026-05-04,2026-05-01,3000,,CC500,500100,64990.62,D,SA,Payroll/AP
4900004513,2026-06-01,2026-06-01,1000,,CC100,600000,276162.27,D,SA,Payroll/AP
4900004514,2026-06-07,2026-06-01,1000,,CC100,600100,55935.24,D,SA,Payroll/AP
4900004515,2026-06-16,2026-06-01,1000,,CC100,600200,21483.28,D,SA,Payroll/AP
4900004516,2026-06-03,2026-06-01,1000,,CC100,610000,114700.49,D,SA,Payroll/AP
4900004517,2026-06-05,2026-06-01,1000,,CC100,620000,20455.17,D,SA,Payroll/AP
4900004518,2026-06-19,2026-06-01,1000,,CC100,630000,13848.4,D,SA,Payroll/AP
4900004519,2026-06-08,2026-06-01,1000,,CC100,640000,10084.48,D,SA,Payroll/AP
4900004520,2026-06-17,2026-06-01,2000,,CC100,600000,150160.95,D,SA,Payroll/AP
4900004521,2026-06-22,2026-06-01,2000,,CC100,600100,31542.15,D,SA,Payroll/AP
4900004522,2026-06-15,2026-06-01,2000,,CC100,600200,11623.97,D,SA,Payroll/AP
4900004523,2026-06-01,2026-06-01,2000,,CC100,610000,63656.41,D,SA,Payroll/AP
4900004524,2026-06-01,2026-06-01,2000,,CC100,620000,11335.57,D,SA,Payroll/AP
4900004525,2026-06-23,2026-06-01,2000,,CC100,630000,7108.27,D,SA,Payroll/AP
4900004526,2026-06-11,2026-06-01,2000,,CC100,640000,5851.12,D,SA,Payroll/AP
4900004527,2026-06-27,2026-06-01,3000,,CC100,600000,76783.77,D,SA,Payroll/AP
4900004528,2026-06-04,2026-06-01,3000,,CC100,600100,15040.41,D,SA,Payroll/AP
4900004529,2026-06-28,2026-06-01,3000,,CC100,600200,5886.38,D,SA,Payroll/AP
4900004530,2026-06-14,2026-06-01,3000,,CC100,610000,30422.07,D,SA,Payroll/AP
4900004531,2026-06-23,2026-06-01,3000,,CC100,620000,5258.41,D,SA,Payroll/AP
4900004532,2026-06-05,2026-06-01,3000,,CC100,630000,3512.75,D,SA,Payroll/AP
4900004533,2026-06-16,2026-06-01,3000,,CC100,640000,3117.15,D,SA,Payroll/AP
4900004534,2026-06-03,2026-06-01,1000,,CC200,600000,553299.53,D,SA,Payroll/AP
4900004535,2026-06-08,2026-06-01,1000,,CC200,600100,112954.58,D,SA,Payroll/AP
4900004536,2026-06-13,2026-06-01,1000,,CC200,600200,41849.85,D,SA,Payroll/AP
4900004537,2026-06-03,2026-06-01,1000,,CC200,630000,47456.97,D,SA,Payroll/AP
4900004538,2026-06-24,2026-06-01,1000,,CC200,640000,19620.15,D,SA,Payroll/AP
4900004539,2026-06-26,2026-06-01,1000,,CC200,620000,11941.51,D,SA,Payroll/AP
4900004540,2026-06-04,2026-06-01,1000,,CC200,660000,20092.09,D,SA,Payroll/AP
4900004541,2026-06-04,2026-06-01,2000,,CC200,600000,288951.94,D,SA,Payroll/AP
4900004542,2026-06-11,2026-06-01,2000,,CC200,600100,61333.08,D,SA,Payroll/AP
4900004543,2026-06-12,2026-06-01,2000,,CC200,600200,22336.44,D,SA,Payroll/AP
4900004544,2026-06-10,2026-06-01,2000,,CC200,630000,23964.98,D,SA,Payroll/AP
4900004545,2026-06-05,2026-06-01,2000,,CC200,640000,9710.59,D,SA,Payroll/AP
4900004546,2026-06-13,2026-06-01,2000,,CC200,620000,5400.44,D,SA,Payroll/AP
4900004547,2026-06-25,2026-06-01,2000,,CC200,660000,11301.99,D,SA,Payroll/AP
4900004548,2026-06-27,2026-06-01,3000,,CC200,600000,148253.36,D,SA,Payroll/AP
4900004549,2026-06-25,2026-06-01,3000,,CC200,600100,30839.61,D,SA,Payroll/AP
4900004550,2026-06-28,2026-06-01,3000,,CC200,600200,11468.52,D,SA,Payroll/AP
4900004551,2026-06-05,2026-06-01,3000,,CC200,630000,12987.69,D,SA,Payroll/AP
4900004552,2026-06-21,2026-06-01,3000,,CC200,640000,5562.0,D,SA,Payroll/AP
4900004553,2026-06-22,2026-06-01,3000,,CC200,620000,2981.98,D,SA,Payroll/AP
4900004554,2026-06-05,2026-06-01,3000,,CC200,660000,6035.52,D,SA,Payroll/AP
4900004555,2026-06-03,2026-06-01,1000,,CC300,600000,87899.54,D,SA,Payroll/AP
4900004556,2026-06-17,2026-06-01,1000,,CC300,600100,17816.49,D,SA,Payroll/AP
4900004557,2026-06-19,2026-06-01,1000,,CC300,600200,6610.54,D,SA,Payroll/AP
4900004558,2026-06-01,2026-06-01,1000,,CC300,650000,14424.38,D,SA,Payroll/AP
4900004559,2026-06-20,2026-06-01,1000,,CC300,630000,4795.89,D,SA,Payroll/AP
4900004560,2026-06-21,2026-06-01,1000,,CC300,640000,3567.14,D,SA,Payroll/AP
4900004561,2026-06-06,2026-06-01,1000,,CC300,660000,3469.58,D,SA,Payroll/AP
4900004562,2026-06-15,2026-06-01,2000,,CC300,600000,47837.23,D,SA,Payroll/AP
4900004563,2026-06-12,2026-06-01,2000,,CC300,600100,10114.91,D,SA,Payroll/AP
4900004564,2026-06-24,2026-06-01,2000,,CC300,600200,3653.56,D,SA,Payroll/AP
4900004565,2026-06-07,2026-06-01,2000,,CC300,650000,10104.26,D,SA,Payroll/AP
4900004566,2026-06-21,2026-06-01,2000,,CC300,630000,2449.99,D,SA,Payroll/AP
4900004567,2026-06-24,2026-06-01,2000,,CC300,640000,1732.42,D,SA,Payroll/AP
4900004568,2026-06-05,2026-06-01,2000,,CC300,660000,1899.29,D,SA,Payroll/AP
4900004569,2026-06-14,2026-06-01,3000,,CC300,600000,24176.78,D,SA,Payroll/AP
4900004570,2026-06-20,2026-06-01,3000,,CC300,600100,4954.16,D,SA,Payroll/AP
4900004571,2026-06-22,2026-06-01,3000,,CC300,600200,1847.64,D,SA,Payroll/AP
4900004572,2026-06-15,2026-06-01,3000,,CC300,650000,4594.13,D,SA,Payroll/AP
4900004573,2026-06-28,2026-06-01,3000,,CC300,630000,1523.47,D,SA,Payroll/AP
4900004574,2026-06-07,2026-06-01,3000,,CC300,640000,1031.55,D,SA,Payroll/AP
4900004575,2026-06-03,2026-06-01,3000,,CC300,660000,955.65,D,SA,Payroll/AP
4900004576,2026-06-04,2026-06-01,1000,,CC400,600000,155619.76,D,SA,Payroll/AP
4900004577,2026-06-05,2026-06-01,1000,,CC400,600100,32492.36,D,SA,Payroll/AP
4900004578,2026-06-25,2026-06-01,1000,,CC400,600200,12067.78,D,SA,Payroll/AP
4900004579,2026-06-04,2026-06-01,1000,,CC400,630000,9979.45,D,SA,Payroll/AP
4900004580,2026-06-19,2026-06-01,1000,,CC400,620000,3860.49,D,SA,Payroll/AP
4900004581,2026-06-24,2026-06-01,1000,,CC400,640000,5923.7,D,SA,Payroll/AP
4900004582,2026-06-13,2026-06-01,2000,,CC400,600000,79264.25,D,SA,Payroll/AP
4900004583,2026-06-12,2026-06-01,2000,,CC400,600100,17433.23,D,SA,Payroll/AP
4900004584,2026-06-14,2026-06-01,2000,,CC400,600200,6446.44,D,SA,Payroll/AP
4900004585,2026-06-11,2026-06-01,2000,,CC400,630000,6289.06,D,SA,Payroll/AP
4900004586,2026-06-26,2026-06-01,2000,,CC400,620000,2174.21,D,SA,Payroll/AP
4900004587,2026-06-05,2026-06-01,2000,,CC400,640000,2868.01,D,SA,Payroll/AP
4900004588,2026-06-08,2026-06-01,3000,,CC400,600000,41923.7,D,SA,Payroll/AP
4900004589,2026-06-09,2026-06-01,3000,,CC400,600100,8428.21,D,SA,Payroll/AP
4900004590,2026-06-21,2026-06-01,3000,,CC400,600200,3258.68,D,SA,Payroll/AP
4900004591,2026-06-03,2026-06-01,3000,,CC400,630000,2768.37,D,SA,Payroll/AP
4900004592,2026-06-08,2026-06-01,3000,,CC400,620000,1179.11,D,SA,Payroll/AP
4900004593,2026-06-18,2026-06-01,3000,,CC400,640000,1486.41,D,SA,Payroll/AP
4900004594,2026-06-20,2026-06-01,1000,,CC500,600000,103685.44,D,SA,Payroll/AP
4900004595,2026-06-20,2026-06-01,1000,,CC500,600100,20674.1,D,SA,Payroll/AP
4900004596,2026-06-24,2026-06-01,1000,,CC500,600200,8082.21,D,SA,Payroll/AP
4900004597,2026-06-20,2026-06-01,1000,,CC500,500000,489063.29,D,SA,Payroll/AP
4900004598,2026-06-10,2026-06-01,1000,,CC500,500100,209138.94,D,SA,Payroll/AP
4900004599,2026-06-25,2026-06-01,2000,,CC500,600000,56598.24,D,SA,Payroll/AP
4900004600,2026-06-23,2026-06-01,2000,,CC500,600100,11705.83,D,SA,Payroll/AP
4900004601,2026-06-01,2026-06-01,2000,,CC500,600200,4493.26,D,SA,Payroll/AP
4900004602,2026-06-28,2026-06-01,2000,,CC500,500000,246718.05,D,SA,Payroll/AP
4900004603,2026-06-28,2026-06-01,2000,,CC500,500100,110348.25,D,SA,Payroll/AP
4900004604,2026-06-22,2026-06-01,3000,,CC500,600000,28109.4,D,SA,Payroll/AP
4900004605,2026-06-10,2026-06-01,3000,,CC500,600100,5791.71,D,SA,Payroll/AP
4900004606,2026-06-07,2026-06-01,3000,,CC500,600200,2214.6,D,SA,Payroll/AP
4900004607,2026-06-17,2026-06-01,3000,,CC500,500000,143165.96,D,SA,Payroll/AP
4900004608,2026-06-20,2026-06-01,3000,,CC500,500100,53840.72,D,SA,Payroll/AP
4900004609,2026-07-17,2026-07-01,1000,,CC100,600000,278871.24,D,SA,Payroll/AP
4900004610,2026-07-07,2026-07-01,1000,,CC100,600100,57007.83,D,SA,Payroll/AP
4900004611,2026-07-24,2026-07-01,1000,,CC100,600200,21322.81,D,SA,Payroll/AP
4900004612,2026-07-13,2026-07-01,1000,,CC100,610000,129436.36,D,SA,Payroll/AP
4900004613,2026-07-10,2026-07-01,1000,,CC100,620000,15271.87,D,SA,Payroll/AP
4900004614,2026-07-21,2026-07-01,1000,,CC100,630000,16209.45,D,SA,Payroll/AP
4900004615,2026-07-02,2026-07-01,1000,,CC100,640000,10059.56,D,SA,Payroll/AP
4900004616,2026-07-26,2026-07-01,2000,,CC100,600000,154961.48,D,SA,Payroll/AP
4900004617,2026-07-26,2026-07-01,2000,,CC100,600100,30538.66,D,SA,Payroll/AP
4900004618,2026-07-08,2026-07-01,2000,,CC100,600200,11907.64,D,SA,Payroll/AP
4900004619,2026-07-16,2026-07-01,2000,,CC100,610000,73150.15,D,SA,Payroll/AP
4900004620,2026-07-13,2026-07-01,2000,,CC100,620000,10168.26,D,SA,Payroll/AP
4900004621,2026-07-04,2026-07-01,2000,,CC100,630000,7054.64,D,SA,Payroll/AP
4900004622,2026-07-08,2026-07-01,2000,,CC100,640000,6021.85,D,SA,Payroll/AP
4900004623,2026-07-16,2026-07-01,3000,,CC100,600000,74982.79,D,SA,Payroll/AP
4900004624,2026-07-21,2026-07-01,3000,,CC100,600100,15674.2,D,SA,Payroll/AP
4900004625,2026-07-20,2026-07-01,3000,,CC100,600200,6029.32,D,SA,Payroll/AP
4900004626,2026-07-03,2026-07-01,3000,,CC100,610000,37207.08,D,SA,Payroll/AP
4900004627,2026-07-17,2026-07-01,3000,,CC100,620000,4930.55,D,SA,Payroll/AP
4900004628,2026-07-01,2026-07-01,3000,,CC100,630000,3554.54,D,SA,Payroll/AP
4900004629,2026-07-12,2026-07-01,3000,,CC100,640000,3144.54,D,SA,Payroll/AP
4900004630,2026-07-11,2026-07-01,1000,,CC200,600000,552475.77,D,SA,Payroll/AP
4900004631,2026-07-05,2026-07-01,1000,,CC200,600100,108027.34,D,SA,Payroll/AP
4900004632,2026-07-13,2026-07-01,1000,,CC200,600200,43146.62,D,SA,Payroll/AP
4900004633,2026-07-28,2026-07-01,1000,,CC200,630000,49441.84,D,SA,Payroll/AP
4900004634,2026-07-27,2026-07-01,1000,,CC200,640000,23794.94,D,SA,Payroll/AP
4900004635,2026-07-19,2026-07-01,1000,,CC200,620000,9457.19,D,SA,Payroll/AP
4900004636,2026-07-14,2026-07-01,1000,,CC200,660000,17867.04,D,SA,Payroll/AP
4900004637,2026-07-12,2026-07-01,2000,,CC200,600000,302815.66,D,SA,Payroll/AP
4900004638,2026-07-18,2026-07-01,2000,,CC200,600100,62131.45,D,SA,Payroll/AP
4900004639,2026-07-22,2026-07-01,2000,,CC200,600200,22380.96,D,SA,Payroll/AP
4900004640,2026-07-06,2026-07-01,2000,,CC200,630000,24380.53,D,SA,Payroll/AP
4900004641,2026-07-25,2026-07-01,2000,,CC200,640000,14773.23,D,SA,Payroll/AP
4900004642,2026-07-16,2026-07-01,2000,,CC200,620000,5614.07,D,SA,Payroll/AP
4900004643,2026-07-25,2026-07-01,2000,,CC200,660000,12005.41,D,SA,Payroll/AP
4900004644,2026-07-03,2026-07-01,3000,,CC200,600000,149144.54,D,SA,Payroll/AP
4900004645,2026-07-01,2026-07-01,3000,,CC200,600100,29701.26,D,SA,Payroll/AP
4900004646,2026-07-19,2026-07-01,3000,,CC200,600200,11584.34,D,SA,Payroll/AP
4900004647,2026-07-03,2026-07-01,3000,,CC200,630000,13201.05,D,SA,Payroll/AP
4900004648,2026-07-01,2026-07-01,3000,,CC200,640000,5579.55,D,SA,Payroll/AP
4900004649,2026-07-09,2026-07-01,3000,,CC200,620000,2872.67,D,SA,Payroll/AP
4900004650,2026-07-07,2026-07-01,3000,,CC200,660000,5888.76,D,SA,Payroll/AP
4900004651,2026-07-02,2026-07-01,1000,,CC300,600000,86851.85,D,SA,Payroll/AP
4900004652,2026-07-02,2026-07-01,1000,,CC300,600100,17417.67,D,SA,Payroll/AP
4900004653,2026-07-26,2026-07-01,1000,,CC300,600200,6766.19,D,SA,Payroll/AP
4900004654,2026-07-13,2026-07-01,1000,,CC300,650000,13486.88,D,SA,Payroll/AP
4900004655,2026-07-17,2026-07-01,1000,,CC300,630000,3551.39,D,SA,Payroll/AP
4900004656,2026-07-10,2026-07-01,1000,,CC300,640000,3598.18,D,SA,Payroll/AP
4900004657,2026-07-21,2026-07-01,1000,,CC300,660000,3435.45,D,SA,Payroll/AP
4900004658,2026-07-23,2026-07-01,2000,,CC300,600000,47257.27,D,SA,Payroll/AP
4900004659,2026-07-17,2026-07-01,2000,,CC300,600100,9434.09,D,SA,Payroll/AP
4900004660,2026-07-25,2026-07-01,2000,,CC300,600200,3587.83,D,SA,Payroll/AP
4900004661,2026-07-14,2026-07-01,2000,,CC300,650000,8859.32,D,SA,Payroll/AP
4900004662,2026-07-14,2026-07-01,2000,,CC300,630000,2039.03,D,SA,Payroll/AP
4900004663,2026-07-23,2026-07-01,2000,,CC300,640000,1685.2,D,SA,Payroll/AP
4900004664,2026-07-13,2026-07-01,2000,,CC300,660000,1879.03,D,SA,Payroll/AP
4900004665,2026-07-03,2026-07-01,3000,,CC300,600000,24717.28,D,SA,Payroll/AP
4900004666,2026-07-21,2026-07-01,3000,,CC300,600100,4888.14,D,SA,Payroll/AP
4900004667,2026-07-18,2026-07-01,3000,,CC300,600200,1876.53,D,SA,Payroll/AP
4900004668,2026-07-18,2026-07-01,3000,,CC300,650000,3736.84,D,SA,Payroll/AP
4900004669,2026-07-20,2026-07-01,3000,,CC300,630000,1313.64,D,SA,Payroll/AP
4900004670,2026-07-05,2026-07-01,3000,,CC300,640000,849.97,D,SA,Payroll/AP
4900004671,2026-07-09,2026-07-01,3000,,CC300,660000,938.48,D,SA,Payroll/AP
4900004672,2026-07-03,2026-07-01,1000,,CC400,600000,156923.84,D,SA,Payroll/AP
4900004673,2026-07-10,2026-07-01,1000,,CC400,600100,33204.1,D,SA,Payroll/AP
4900004674,2026-07-03,2026-07-01,1000,,CC400,600200,11919.02,D,SA,Payroll/AP
4900004675,2026-07-17,2026-07-01,1000,,CC400,630000,10743.78,D,SA,Payroll/AP
4900004676,2026-07-07,2026-07-01,1000,,CC400,620000,3930.7,D,SA,Payroll/AP
4900004677,2026-07-26,2026-07-01,1000,,CC400,640000,5969.57,D,SA,Payroll/AP
4900004678,2026-07-05,2026-07-01,2000,,CC400,600000,85895.21,D,SA,Payroll/AP
4900004679,2026-07-18,2026-07-01,2000,,CC400,600100,17385.45,D,SA,Payroll/AP
4900004680,2026-07-11,2026-07-01,2000,,CC400,600200,6629.84,D,SA,Payroll/AP
4900004681,2026-07-13,2026-07-01,2000,,CC400,630000,5491.8,D,SA,Payroll/AP
4900004682,2026-07-19,2026-07-01,2000,,CC400,620000,2263.9,D,SA,Payroll/AP
4900004683,2026-07-21,2026-07-01,2000,,CC400,640000,3343.88,D,SA,Payroll/AP
4900004684,2026-07-25,2026-07-01,3000,,CC400,600000,43438.03,D,SA,Payroll/AP
4900004685,2026-07-27,2026-07-01,3000,,CC400,600100,8932.38,D,SA,Payroll/AP
4900004686,2026-07-21,2026-07-01,3000,,CC400,600200,3219.79,D,SA,Payroll/AP
4900004687,2026-07-22,2026-07-01,3000,,CC400,630000,2978.86,D,SA,Payroll/AP
4900004688,2026-07-21,2026-07-01,3000,,CC400,620000,966.24,D,SA,Payroll/AP
4900004689,2026-07-03,2026-07-01,3000,,CC400,640000,1741.12,D,SA,Payroll/AP
4900004690,2026-07-10,2026-07-01,1000,,CC500,600000,106888.93,D,SA,Payroll/AP
4900004691,2026-07-23,2026-07-01,1000,,CC500,600100,20829.61,D,SA,Payroll/AP
4900004692,2026-07-14,2026-07-01,1000,,CC500,600200,8136.66,D,SA,Payroll/AP
4900004693,2026-07-24,2026-07-01,1000,,CC500,500000,451562.32,D,SA,Payroll/AP
4900004694,2026-07-28,2026-07-01,1000,,CC500,500100,187633.11,D,SA,Payroll/AP
4900004695,2026-07-08,2026-07-01,2000,,CC500,600000,59145.14,D,SA,Payroll/AP
4900004696,2026-07-02,2026-07-01,2000,,CC500,600100,11658.74,D,SA,Payroll/AP
4900004697,2026-07-08,2026-07-01,2000,,CC500,600200,4358.5,D,SA,Payroll/AP
4900004698,2026-07-03,2026-07-01,2000,,CC500,500000,260369.34,D,SA,Payroll/AP
4900004699,2026-07-14,2026-07-01,2000,,CC500,500100,118341.36,D,SA,Payroll/AP
4900004700,2026-07-04,2026-07-01,3000,,CC500,600000,28713.05,D,SA,Payroll/AP
4900004701,2026-07-15,2026-07-01,3000,,CC500,600100,6044.37,D,SA,Payroll/AP
4900004702,2026-07-20,2026-07-01,3000,,CC500,600200,2238.49,D,SA,Payroll/AP
4900004703,2026-07-20,2026-07-01,3000,,CC500,500000,101062.7,D,SA,Payroll/AP
4900004704,2026-07-02,2026-07-01,3000,,CC500,500100,52442.39,D,SA,Payroll/AP
4900004705,2026-08-10,2026-08-01,1000,,CC100,600000,279304.77,D,SA,Payroll/AP
4900004706,2026-08-22,2026-08-01,1000,,CC100,600100,58499.92,D,SA,Payroll/AP
4900004707,2026-08-24,2026-08-01,1000,,CC100,600200,20588.45,D,SA,Payroll/AP
4900004708,2026-08-22,2026-08-01,1000,,CC100,610000,159062.93,D,SA,Payroll/AP
4900004709,2026-08-24,2026-08-01,1000,,CC100,620000,19069.19,D,SA,Payroll/AP
4900004710,2026-08-06,2026-08-01,1000,,CC100,630000,14701.76,D,SA,Payroll/AP
4900004711,2026-08-04,2026-08-01,1000,,CC100,640000,12148.3,D,SA,Payroll/AP
4900004712,2026-08-01,2026-08-01,2000,,CC100,600000,161140.62,D,SA,Payroll/AP
4900004713,2026-08-23,2026-08-01,2000,,CC100,600100,32124.36,D,SA,Payroll/AP
4900004714,2026-08-05,2026-08-01,2000,,CC100,600200,12065.12,D,SA,Payroll/AP
4900004715,2026-08-23,2026-08-01,2000,,CC100,610000,69971.87,D,SA,Payroll/AP
4900004716,2026-08-01,2026-08-01,2000,,CC100,620000,9727.39,D,SA,Payroll/AP
4900004717,2026-08-06,2026-08-01,2000,,CC100,630000,7518.05,D,SA,Payroll/AP
4900004718,2026-08-16,2026-08-01,2000,,CC100,640000,5431.14,D,SA,Payroll/AP
4900004719,2026-08-12,2026-08-01,3000,,CC100,600000,75905.33,D,SA,Payroll/AP
4900004720,2026-08-17,2026-08-01,3000,,CC100,600100,15360.82,D,SA,Payroll/AP
4900004721,2026-08-17,2026-08-01,3000,,CC100,600200,5911.23,D,SA,Payroll/AP
4900004722,2026-08-26,2026-08-01,3000,,CC100,610000,28716.67,D,SA,Payroll/AP
4900004723,2026-08-27,2026-08-01,3000,,CC100,620000,5027.7,D,SA,Payroll/AP
4900004724,2026-08-24,2026-08-01,3000,,CC100,630000,3932.47,D,SA,Payroll/AP
4900004725,2026-08-09,2026-08-01,3000,,CC100,640000,3003.6,D,SA,Payroll/AP
4900004726,2026-08-06,2026-08-01,1000,,CC200,600000,555199.92,D,SA,Payroll/AP
4900004727,2026-08-12,2026-08-01,1000,,CC200,600100,122171.25,D,SA,Payroll/AP
4900004728,2026-08-05,2026-08-01,1000,,CC200,600200,44332.38,D,SA,Payroll/AP
4900004729,2026-08-24,2026-08-01,1000,,CC200,630000,44084.99,D,SA,Payroll/AP
4900004730,2026-08-25,2026-08-01,1000,,CC200,640000,22081.7,D,SA,Payroll/AP
4900004731,2026-08-28,2026-08-01,1000,,CC200,620000,10133.58,D,SA,Payroll/AP
4900004732,2026-08-09,2026-08-01,1000,,CC200,660000,20484.6,D,SA,Payroll/AP
4900004733,2026-08-24,2026-08-01,2000,,CC200,600000,297926.39,D,SA,Payroll/AP
4900004734,2026-08-04,2026-08-01,2000,,CC200,600100,63338.96,D,SA,Payroll/AP
4900004735,2026-08-25,2026-08-01,2000,,CC200,600200,23227.64,D,SA,Payroll/AP
4900004736,2026-08-01,2026-08-01,2000,,CC200,630000,30132.25,D,SA,Payroll/AP
4900004737,2026-08-11,2026-08-01,2000,,CC200,640000,12944.38,D,SA,Payroll/AP
4900004738,2026-08-26,2026-08-01,2000,,CC200,620000,6695.98,D,SA,Payroll/AP
4900004739,2026-08-14,2026-08-01,2000,,CC200,660000,11272.46,D,SA,Payroll/AP
4900004740,2026-08-09,2026-08-01,3000,,CC200,600000,155070.71,D,SA,Payroll/AP
4900004741,2026-08-17,2026-08-01,3000,,CC200,600100,31908.37,D,SA,Payroll/AP
4900004742,2026-08-03,2026-08-01,3000,,CC200,600200,11704.12,D,SA,Payroll/AP
4900004743,2026-08-09,2026-08-01,3000,,CC200,630000,12721.61,D,SA,Payroll/AP
4900004744,2026-08-23,2026-08-01,3000,,CC200,640000,6859.01,D,SA,Payroll/AP
4900004745,2026-08-19,2026-08-01,3000,,CC200,620000,3021.25,D,SA,Payroll/AP
4900004746,2026-08-21,2026-08-01,3000,,CC200,660000,6095.96,D,SA,Payroll/AP
4900004747,2026-08-03,2026-08-01,1000,,CC300,600000,85862.81,D,SA,Payroll/AP
4900004748,2026-08-16,2026-08-01,1000,,CC300,600100,17470.62,D,SA,Payroll/AP
4900004749,2026-08-15,2026-08-01,1000,,CC300,600200,6638.76,D,SA,Payroll/AP
4900004750,2026-08-17,2026-08-01,1000,,CC300,650000,16579.89,D,SA,Payroll/AP
4900004751,2026-08-12,2026-08-01,1000,,CC300,630000,4000.39,D,SA,Payroll/AP
4900004752,2026-08-02,2026-08-01,1000,,CC300,640000,3354.31,D,SA,Payroll/AP
4900004753,2026-08-16,2026-08-01,1000,,CC300,660000,3074.15,D,SA,Payroll/AP
4900004754,2026-08-28,2026-08-01,2000,,CC300,600000,46349.84,D,SA,Payroll/AP
4900004755,2026-08-19,2026-08-01,2000,,CC300,600100,9856.02,D,SA,Payroll/AP
4900004756,2026-08-06,2026-08-01,2000,,CC300,600200,3691.11,D,SA,Payroll/AP
4900004757,2026-08-12,2026-08-01,2000,,CC300,650000,8760.37,D,SA,Payroll/AP
4900004758,2026-08-06,2026-08-01,2000,,CC300,630000,2183.92,D,SA,Payroll/AP
4900004759,2026-08-09,2026-08-01,2000,,CC300,640000,1636.18,D,SA,Payroll/AP
4900004760,2026-08-25,2026-08-01,2000,,CC300,660000,1789.5,D,SA,Payroll/AP
4900004761,2026-08-04,2026-08-01,3000,,CC300,600000,24392.67,D,SA,Payroll/AP
4900004762,2026-08-19,2026-08-01,3000,,CC300,600100,5031.66,D,SA,Payroll/AP
4900004763,2026-08-22,2026-08-01,3000,,CC300,600200,1834.08,D,SA,Payroll/AP
4900004764,2026-08-24,2026-08-01,3000,,CC300,650000,4096.99,D,SA,Payroll/AP
4900004765,2026-08-04,2026-08-01,3000,,CC300,630000,1268.06,D,SA,Payroll/AP
4900004766,2026-08-08,2026-08-01,3000,,CC300,640000,849.96,D,SA,Payroll/AP
4900004767,2026-08-24,2026-08-01,3000,,CC300,660000,902.24,D,SA,Payroll/AP
4900004768,2026-08-17,2026-08-01,1000,,CC400,600000,165112.69,D,SA,Payroll/AP
4900004769,2026-08-01,2026-08-01,1000,,CC400,600100,33540.54,D,SA,Payroll/AP
4900004770,2026-08-02,2026-08-01,1000,,CC400,600200,12412.12,D,SA,Payroll/AP
4900004771,2026-08-28,2026-08-01,1000,,CC400,630000,8999.4,D,SA,Payroll/AP
4900004772,2026-08-28,2026-08-01,1000,,CC400,620000,4211.53,D,SA,Payroll/AP
4900004773,2026-08-01,2026-08-01,1000,,CC400,640000,6843.93,D,SA,Payroll/AP
4900004774,2026-08-08,2026-08-01,2000,,CC400,600000,87140.22,D,SA,Payroll/AP
4900004775,2026-08-02,2026-08-01,2000,,CC400,600100,18496.9,D,SA,Payroll/AP
4900004776,2026-08-16,2026-08-01,2000,,CC400,600200,6928.45,D,SA,Payroll/AP
4900004777,2026-08-12,2026-08-01,2000,,CC400,630000,6564.58,D,SA,Payroll/AP
4900004778,2026-08-13,2026-08-01,2000,,CC400,620000,2320.0,D,SA,Payroll/AP
4900004779,2026-08-05,2026-08-01,2000,,CC400,640000,3575.27,D,SA,Payroll/AP
4900004780,2026-08-06,2026-08-01,3000,,CC400,600000,44780.44,D,SA,Payroll/AP
4900004781,2026-08-28,2026-08-01,3000,,CC400,600100,9013.0,D,SA,Payroll/AP
4900004782,2026-08-02,2026-08-01,3000,,CC400,600200,3316.32,D,SA,Payroll/AP
4900004783,2026-08-18,2026-08-01,3000,,CC400,630000,2666.37,D,SA,Payroll/AP
4900004784,2026-08-26,2026-08-01,3000,,CC400,620000,1143.27,D,SA,Payroll/AP
4900004785,2026-08-23,2026-08-01,3000,,CC400,640000,1458.79,D,SA,Payroll/AP
4900004786,2026-08-24,2026-08-01,1000,,CC500,600000,106372.94,D,SA,Payroll/AP
4900004787,2026-08-21,2026-08-01,1000,,CC500,600100,22362.7,D,SA,Payroll/AP
4900004788,2026-08-14,2026-08-01,1000,,CC500,600200,7846.41,D,SA,Payroll/AP
4900004789,2026-08-08,2026-08-01,1000,,CC500,500000,552139.48,D,SA,Payroll/AP
4900004790,2026-08-11,2026-08-01,1000,,CC500,500100,228176.77,D,SA,Payroll/AP
4900004791,2026-08-08,2026-08-01,2000,,CC500,600000,58047.07,D,SA,Payroll/AP
4900004792,2026-08-14,2026-08-01,2000,,CC500,600100,12148.2,D,SA,Payroll/AP
4900004793,2026-08-24,2026-08-01,2000,,CC500,600200,4506.88,D,SA,Payroll/AP
4900004794,2026-08-11,2026-08-01,2000,,CC500,500000,295219.51,D,SA,Payroll/AP
4900004795,2026-08-09,2026-08-01,2000,,CC500,500100,123736.36,D,SA,Payroll/AP
4900004796,2026-08-27,2026-08-01,3000,,CC500,600000,28047.68,D,SA,Payroll/AP
4900004797,2026-08-03,2026-08-01,3000,,CC500,600100,5988.64,D,SA,Payroll/AP
4900004798,2026-08-19,2026-08-01,3000,,CC500,600200,2210.54,D,SA,Payroll/AP
4900004799,2026-08-12,2026-08-01,3000,,CC500,500000,130553.15,D,SA,Payroll/AP
4900004800,2026-08-04,2026-08-01,3000,,CC500,500100,51450.95,D,SA,Payroll/AP
4900004801,2026-09-17,2026-09-01,1000,,CC100,600000,294728.16,D,SA,Payroll/AP
4900004802,2026-09-22,2026-09-01,1000,,CC100,600100,59629.82,D,SA,Payroll/AP
4900004803,2026-09-02,2026-09-01,1000,,CC100,600200,21581.42,D,SA,Payroll/AP
4900004804,2026-09-06,2026-09-01,1000,,CC100,610000,110728.25,D,SA,Payroll/AP
4900004805,2026-09-08,2026-09-01,1000,,CC100,620000,17550.57,D,SA,Payroll/AP
4900004806,2026-09-26,2026-09-01,1000,,CC100,630000,15238.21,D,SA,Payroll/AP
4900004807,2026-09-17,2026-09-01,1000,,CC100,640000,11215.85,D,SA,Payroll/AP
4900004808,2026-09-02,2026-09-01,2000,,CC100,600000,158986.1,D,SA,Payroll/AP
4900004809,2026-09-13,2026-09-01,2000,,CC100,600100,32317.79,D,SA,Payroll/AP
4900004810,2026-09-03,2026-09-01,2000,,CC100,600200,12162.04,D,SA,Payroll/AP
4900004811,2026-09-15,2026-09-01,2000,,CC100,610000,71870.43,D,SA,Payroll/AP
4900004812,2026-09-28,2026-09-01,2000,,CC100,620000,8560.96,D,SA,Payroll/AP
4900004813,2026-09-10,2026-09-01,2000,,CC100,630000,7798.14,D,SA,Payroll/AP
4900004814,2026-09-25,2026-09-01,2000,,CC100,640000,6597.72,D,SA,Payroll/AP
4900004815,2026-09-28,2026-09-01,3000,,CC100,600000,77892.87,D,SA,Payroll/AP
4900004816,2026-09-10,2026-09-01,3000,,CC100,600100,16155.44,D,SA,Payroll/AP
4900004817,2026-09-11,2026-09-01,3000,,CC100,600200,5959.7,D,SA,Payroll/AP
4900004818,2026-09-03,2026-09-01,3000,,CC100,610000,31384.88,D,SA,Payroll/AP
4900004819,2026-09-18,2026-09-01,3000,,CC100,620000,4936.63,D,SA,Payroll/AP
4900004820,2026-09-15,2026-09-01,3000,,CC100,630000,4122.2,D,SA,Payroll/AP
4900004821,2026-09-01,2026-09-01,3000,,CC100,640000,2802.33,D,SA,Payroll/AP
4900004822,2026-09-12,2026-09-01,1000,,CC200,600000,570461.48,D,SA,Payroll/AP
4900004823,2026-09-07,2026-09-01,1000,,CC200,600100,115362.91,D,SA,Payroll/AP
4900004824,2026-09-10,2026-09-01,1000,,CC200,600200,45076.44,D,SA,Payroll/AP
4900004825,2026-09-19,2026-09-01,1000,,CC200,630000,49923.14,D,SA,Payroll/AP
4900004826,2026-09-26,2026-09-01,1000,,CC200,640000,25247.31,D,SA,Payroll/AP
4900004827,2026-09-10,2026-09-01,1000,,CC200,620000,12707.42,D,SA,Payroll/AP
4900004828,2026-09-24,2026-09-01,1000,,CC200,660000,21955.42,D,SA,Payroll/AP
4900004829,2026-09-20,2026-09-01,2000,,CC200,600000,305940.13,D,SA,Payroll/AP
4900004830,2026-09-08,2026-09-01,2000,,CC200,600100,61376.76,D,SA,Payroll/AP
4900004831,2026-09-15,2026-09-01,2000,,CC200,600200,23311.16,D,SA,Payroll/AP
4900004832,2026-09-12,2026-09-01,2000,,CC200,630000,24171.66,D,SA,Payroll/AP
4900004833,2026-09-19,2026-09-01,2000,,CC200,640000,13664.56,D,SA,Payroll/AP
4900004834,2026-09-16,2026-09-01,2000,,CC200,620000,6074.12,D,SA,Payroll/AP
4900004835,2026-09-25,2026-09-01,2000,,CC200,660000,12243.08,D,SA,Payroll/AP
4900004836,2026-09-25,2026-09-01,3000,,CC200,600000,149185.83,D,SA,Payroll/AP
4900004837,2026-09-07,2026-09-01,3000,,CC200,600100,31257.09,D,SA,Payroll/AP
4900004838,2026-09-24,2026-09-01,3000,,CC200,600200,12222.2,D,SA,Payroll/AP
4900004839,2026-09-18,2026-09-01,3000,,CC200,630000,14412.45,D,SA,Payroll/AP
4900004840,2026-09-25,2026-09-01,3000,,CC200,640000,5916.18,D,SA,Payroll/AP
4900004841,2026-09-26,2026-09-01,3000,,CC200,620000,3171.87,D,SA,Payroll/AP
4900004842,2026-09-08,2026-09-01,3000,,CC200,660000,6495.68,D,SA,Payroll/AP
4900004843,2026-09-05,2026-09-01,1000,,CC300,600000,87096.1,D,SA,Payroll/AP
4900004844,2026-09-01,2026-09-01,1000,,CC300,600100,17970.1,D,SA,Payroll/AP
4900004845,2026-09-14,2026-09-01,1000,,CC300,600200,6755.37,D,SA,Payroll/AP
4900004846,2026-09-01,2026-09-01,1000,,CC300,650000,20848.02,D,SA,Payroll/AP
4900004847,2026-09-08,2026-09-01,1000,,CC300,630000,3544.47,D,SA,Payroll/AP
4900004848,2026-09-18,2026-09-01,1000,,CC300,640000,3594.61,D,SA,Payroll/AP
4900004849,2026-09-12,2026-09-01,1000,,CC300,660000,3345.41,D,SA,Payroll/AP
4900004850,2026-09-21,2026-09-01,2000,,CC300,600000,48050.81,D,SA,Payroll/AP
4900004851,2026-09-27,2026-09-01,2000,,CC300,600100,9617.96,D,SA,Payroll/AP
4900004852,2026-09-23,2026-09-01,2000,,CC300,600200,3651.21,D,SA,Payroll/AP
4900004853,2026-09-01,2026-09-01,2000,,CC300,650000,9786.98,D,SA,Payroll/AP
4900004854,2026-09-11,2026-09-01,2000,,CC300,630000,3194.99,D,SA,Payroll/AP
4900004855,2026-09-01,2026-09-01,2000,,CC300,640000,1975.05,D,SA,Payroll/AP
4900004856,2026-09-25,2026-09-01,2000,,CC300,660000,1749.91,D,SA,Payroll/AP
4900004857,2026-09-22,2026-09-01,3000,,CC300,600000,23928.67,D,SA,Payroll/AP
4900004858,2026-09-13,2026-09-01,3000,,CC300,600100,4905.51,D,SA,Payroll/AP
4900004859,2026-09-28,2026-09-01,3000,,CC300,600200,1789.73,D,SA,Payroll/AP
4900004860,2026-09-24,2026-09-01,3000,,CC300,650000,4487.81,D,SA,Payroll/AP
4900004861,2026-09-24,2026-09-01,3000,,CC300,630000,1328.29,D,SA,Payroll/AP
4900004862,2026-09-10,2026-09-01,3000,,CC300,640000,809.93,D,SA,Payroll/AP
4900004863,2026-09-04,2026-09-01,3000,,CC300,660000,976.86,D,SA,Payroll/AP
4900004864,2026-09-07,2026-09-01,1000,,CC400,600000,162762.15,D,SA,Payroll/AP
4900004865,2026-09-17,2026-09-01,1000,,CC400,600100,32579.0,D,SA,Payroll/AP
4900004866,2026-09-08,2026-09-01,1000,,CC400,600200,12364.11,D,SA,Payroll/AP
4900004867,2026-09-14,2026-09-01,1000,,CC400,630000,11984.16,D,SA,Payroll/AP
4900004868,2026-09-16,2026-09-01,1000,,CC400,620000,4436.25,D,SA,Payroll/AP
4900004869,2026-09-02,2026-09-01,1000,,CC400,640000,6205.05,D,SA,Payroll/AP
4900004870,2026-09-05,2026-09-01,2000,,CC400,600000,87567.37,D,SA,Payroll/AP
4900004871,2026-09-23,2026-09-01,2000,,CC400,600100,18075.99,D,SA,Payroll/AP
4900004872,2026-09-09,2026-09-01,2000,,CC400,600200,6698.85,D,SA,Payroll/AP
4900004873,2026-09-03,2026-09-01,2000,,CC400,630000,4453.0,D,SA,Payroll/AP
4900004874,2026-09-02,2026-09-01,2000,,CC400,620000,2716.77,D,SA,Payroll/AP
4900004875,2026-09-08,2026-09-01,2000,,CC400,640000,3436.63,D,SA,Payroll/AP
4900004876,2026-09-28,2026-09-01,3000,,CC400,600000,44697.87,D,SA,Payroll/AP
4900004877,2026-09-17,2026-09-01,3000,,CC400,600100,9085.83,D,SA,Payroll/AP
4900004878,2026-09-14,2026-09-01,3000,,CC400,600200,3360.98,D,SA,Payroll/AP
4900004879,2026-09-23,2026-09-01,3000,,CC400,630000,2789.76,D,SA,Payroll/AP
4900004880,2026-09-12,2026-09-01,3000,,CC400,620000,955.19,D,SA,Payroll/AP
4900004881,2026-09-15,2026-09-01,3000,,CC400,640000,2093.94,D,SA,Payroll/AP
4900004882,2026-09-24,2026-09-01,1000,,CC500,600000,104264.84,D,SA,Payroll/AP
4900004883,2026-09-03,2026-09-01,1000,,CC500,600100,21476.49,D,SA,Payroll/AP
4900004884,2026-09-19,2026-09-01,1000,,CC500,600200,8151.0,D,SA,Payroll/AP
4900004885,2026-09-04,2026-09-01,1000,,CC500,500000,541487.77,D,SA,Payroll/AP
4900004886,2026-09-17,2026-09-01,1000,,CC500,500100,205883.53,D,SA,Payroll/AP
4900004887,2026-09-05,2026-09-01,2000,,CC500,600000,57258.29,D,SA,Payroll/AP
4900004888,2026-09-21,2026-09-01,2000,,CC500,600100,12345.15,D,SA,Payroll/AP
4900004889,2026-09-27,2026-09-01,2000,,CC500,600200,4582.16,D,SA,Payroll/AP
4900004890,2026-09-13,2026-09-01,2000,,CC500,500000,277625.8,D,SA,Payroll/AP
4900004891,2026-09-03,2026-09-01,2000,,CC500,500100,120984.26,D,SA,Payroll/AP
4900004892,2026-09-19,2026-09-01,3000,,CC500,600000,30301.49,D,SA,Payroll/AP
4900004893,2026-09-19,2026-09-01,3000,,CC500,600100,6190.86,D,SA,Payroll/AP
4900004894,2026-09-02,2026-09-01,3000,,CC500,600200,2193.81,D,SA,Payroll/AP
4900004895,2026-09-14,2026-09-01,3000,,CC500,500000,150825.28,D,SA,Payroll/AP
4900004896,2026-09-22,2026-09-01,3000,,CC500,500100,57739.89,D,SA,Payroll/AP
4900004897,2026-10-05,2026-10-01,1000,,CC100,600000,292510.67,D,SA,Payroll/AP
4900004898,2026-10-08,2026-10-01,1000,,CC100,600100,57398.44,D,SA,Payroll/AP
4900004899,2026-10-10,2026-10-01,1000,,CC100,600200,22202.52,D,SA,Payroll/AP
4900004900,2026-10-09,2026-10-01,1000,,CC100,610000,119394.31,D,SA,Payroll/AP
4900004901,2026-10-28,2026-10-01,1000,,CC100,620000,20102.69,D,SA,Payroll/AP
4900004902,2026-10-11,2026-10-01,1000,,CC100,630000,16443.09,D,SA,Payroll/AP
4900004903,2026-10-26,2026-10-01,1000,,CC100,640000,8828.4,D,SA,Payroll/AP
4900004904,2026-10-13,2026-10-01,2000,,CC100,600000,157904.77,D,SA,Payroll/AP
4900004905,2026-10-23,2026-10-01,2000,,CC100,600100,33132.08,D,SA,Payroll/AP
4900004906,2026-10-27,2026-10-01,2000,,CC100,600200,12106.51,D,SA,Payroll/AP
4900004907,2026-10-24,2026-10-01,2000,,CC100,610000,76053.98,D,SA,Payroll/AP
4900004908,2026-10-11,2026-10-01,2000,,CC100,620000,10482.17,D,SA,Payroll/AP
4900004909,2026-10-11,2026-10-01,2000,,CC100,630000,8378.04,D,SA,Payroll/AP
4900004910,2026-10-15,2026-10-01,2000,,CC100,640000,5911.09,D,SA,Payroll/AP
4900004911,2026-10-09,2026-10-01,3000,,CC100,600000,77065.31,D,SA,Payroll/AP
4900004912,2026-10-08,2026-10-01,3000,,CC100,600100,15839.07,D,SA,Payroll/AP
4900004913,2026-10-03,2026-10-01,3000,,CC100,600200,6162.14,D,SA,Payroll/AP
4900004914,2026-10-07,2026-10-01,3000,,CC100,610000,35511.94,D,SA,Payroll/AP
4900004915,2026-10-05,2026-10-01,3000,,CC100,620000,4993.15,D,SA,Payroll/AP
4900004916,2026-10-25,2026-10-01,3000,,CC100,630000,3878.92,D,SA,Payroll/AP
4900004917,2026-10-25,2026-10-01,3000,,CC100,640000,2945.25,D,SA,Payroll/AP
4900004918,2026-10-19,2026-10-01,1000,,CC200,600000,588634.08,D,SA,Payroll/AP
4900004919,2026-10-04,2026-10-01,1000,,CC200,600100,117476.13,D,SA,Payroll/AP
4900004920,2026-10-05,2026-10-01,1000,,CC200,600200,43161.37,D,SA,Payroll/AP
4900004921,2026-10-04,2026-10-01,1000,,CC200,630000,55590.59,D,SA,Payroll/AP
4900004922,2026-10-06,2026-10-01,1000,,CC200,640000,21721.13,D,SA,Payroll/AP
4900004923,2026-10-15,2026-10-01,1000,,CC200,620000,11122.54,D,SA,Payroll/AP
4900004924,2026-10-15,2026-10-01,1000,,CC200,660000,23957.9,D,SA,Payroll/AP
4900004925,2026-10-11,2026-10-01,2000,,CC200,600000,314955.49,D,SA,Payroll/AP
4900004926,2026-10-14,2026-10-01,2000,,CC200,600100,65006.65,D,SA,Payroll/AP
4900004927,2026-10-04,2026-10-01,2000,,CC200,600200,23665.83,D,SA,Payroll/AP
4900004928,2026-10-18,2026-10-01,2000,,CC200,630000,27655.71,D,SA,Payroll/AP
4900004929,2026-10-12,2026-10-01,2000,,CC200,640000,12857.32,D,SA,Payroll/AP
4900004930,2026-10-25,2026-10-01,2000,,CC200,620000,5116.88,D,SA,Payroll/AP
4900004931,2026-10-07,2026-10-01,2000,,CC200,660000,12240.35,D,SA,Payroll/AP
4900004932,2026-10-15,2026-10-01,3000,,CC200,600000,157860.11,D,SA,Payroll/AP
4900004933,2026-10-10,2026-10-01,3000,,CC200,600100,32343.1,D,SA,Payroll/AP
4900004934,2026-10-15,2026-10-01,3000,,CC200,600200,12370.04,D,SA,Payroll/AP
4900004935,2026-10-09,2026-10-01,3000,,CC200,630000,14611.28,D,SA,Payroll/AP
4900004936,2026-10-28,2026-10-01,3000,,CC200,640000,6954.94,D,SA,Payroll/AP
4900004937,2026-10-04,2026-10-01,3000,,CC200,620000,2728.64,D,SA,Payroll/AP
4900004938,2026-10-03,2026-10-01,3000,,CC200,660000,6100.51,D,SA,Payroll/AP
4900004939,2026-10-06,2026-10-01,1000,,CC300,600000,88572.71,D,SA,Payroll/AP
4900004940,2026-10-26,2026-10-01,1000,,CC300,600100,17750.23,D,SA,Payroll/AP
4900004941,2026-10-22,2026-10-01,1000,,CC300,600200,6931.89,D,SA,Payroll/AP
4900004942,2026-10-10,2026-10-01,1000,,CC300,650000,20957.48,D,SA,Payroll/AP
4900004943,2026-10-27,2026-10-01,1000,,CC300,630000,4526.82,D,SA,Payroll/AP
4900004944,2026-10-23,2026-10-01,1000,,CC300,640000,3572.65,D,SA,Payroll/AP
4900004945,2026-10-23,2026-10-01,1000,,CC300,660000,3415.27,D,SA,Payroll/AP
4900004946,2026-10-20,2026-10-01,2000,,CC300,600000,47678.02,D,SA,Payroll/AP
4900004947,2026-10-02,2026-10-01,2000,,CC300,600100,9560.41,D,SA,Payroll/AP
4900004948,2026-10-07,2026-10-01,2000,,CC300,600200,3668.12,D,SA,Payroll/AP
4900004949,2026-10-27,2026-10-01,2000,,CC300,650000,8006.86,D,SA,Payroll/AP
4900004950,2026-10-28,2026-10-01,2000,,CC300,630000,2903.12,D,SA,Payroll/AP
4900004951,2026-10-11,2026-10-01,2000,,CC300,640000,1838.91,D,SA,Payroll/AP
4900004952,2026-10-05,2026-10-01,2000,,CC300,660000,1828.14,D,SA,Payroll/AP
4900004953,2026-10-03,2026-10-01,3000,,CC300,600000,24614.23,D,SA,Payroll/AP
4900004954,2026-10-23,2026-10-01,3000,,CC300,600100,4849.56,D,SA,Payroll/AP
4900004955,2026-10-08,2026-10-01,3000,,CC300,600200,1831.79,D,SA,Payroll/AP
4900004956,2026-10-12,2026-10-01,3000,,CC300,650000,4682.46,D,SA,Payroll/AP
4900004957,2026-10-13,2026-10-01,3000,,CC300,630000,1367.8,D,SA,Payroll/AP
4900004958,2026-10-17,2026-10-01,3000,,CC300,640000,976.82,D,SA,Payroll/AP
4900004959,2026-10-02,2026-10-01,3000,,CC300,660000,941.71,D,SA,Payroll/AP
4900004960,2026-10-22,2026-10-01,1000,,CC400,600000,161782.4,D,SA,Payroll/AP
4900004961,2026-10-10,2026-10-01,1000,,CC400,600100,33399.6,D,SA,Payroll/AP
4900004962,2026-10-09,2026-10-01,1000,,CC400,600200,12475.5,D,SA,Payroll/AP
4900004963,2026-10-27,2026-10-01,1000,,CC400,630000,9288.01,D,SA,Payroll/AP
4900004964,2026-10-06,2026-10-01,1000,,CC400,620000,4160.88,D,SA,Payroll/AP
4900004965,2026-10-01,2026-10-01,1000,,CC400,640000,5545.64,D,SA,Payroll/AP
4900004966,2026-10-13,2026-10-01,2000,,CC400,600000,88314.4,D,SA,Payroll/AP
4900004967,2026-10-28,2026-10-01,2000,,CC400,600100,17912.58,D,SA,Payroll/AP
4900004968,2026-10-15,2026-10-01,2000,,CC400,600200,7126.88,D,SA,Payroll/AP
4900004969,2026-10-18,2026-10-01,2000,,CC400,630000,5629.47,D,SA,Payroll/AP
4900004970,2026-10-24,2026-10-01,2000,,CC400,620000,1943.33,D,SA,Payroll/AP
4900004971,2026-10-18,2026-10-01,2000,,CC400,640000,3345.71,D,SA,Payroll/AP
4900004972,2026-10-08,2026-10-01,3000,,CC400,600000,44187.29,D,SA,Payroll/AP
4900004973,2026-10-04,2026-10-01,3000,,CC400,600100,9271.11,D,SA,Payroll/AP
4900004974,2026-10-15,2026-10-01,3000,,CC400,600200,3324.42,D,SA,Payroll/AP
4900004975,2026-10-04,2026-10-01,3000,,CC400,630000,2359.78,D,SA,Payroll/AP
4900004976,2026-10-26,2026-10-01,3000,,CC400,620000,1212.96,D,SA,Payroll/AP
4900004977,2026-10-26,2026-10-01,3000,,CC400,640000,1449.82,D,SA,Payroll/AP
4900004978,2026-10-05,2026-10-01,1000,,CC500,600000,108806.93,D,SA,Payroll/AP
4900004979,2026-10-04,2026-10-01,1000,,CC500,600100,22399.77,D,SA,Payroll/AP
4900004980,2026-10-01,2026-10-01,1000,,CC500,600200,8431.66,D,SA,Payroll/AP
4900004981,2026-10-02,2026-10-01,1000,,CC500,500000,526476.24,D,SA,Payroll/AP
4900004982,2026-10-27,2026-10-01,1000,,CC500,500100,196654.89,D,SA,Payroll/AP
4900004983,2026-10-25,2026-10-01,2000,,CC500,600000,59384.95,D,SA,Payroll/AP
4900004984,2026-10-08,2026-10-01,2000,,CC500,600100,12245.09,D,SA,Payroll/AP
4900004985,2026-10-05,2026-10-01,2000,,CC500,600200,4606.96,D,SA,Payroll/AP
4900004986,2026-10-07,2026-10-01,2000,,CC500,500000,270558.91,D,SA,Payroll/AP
4900004987,2026-10-27,2026-10-01,2000,,CC500,500100,119837.14,D,SA,Payroll/AP
4900004988,2026-10-13,2026-10-01,3000,,CC500,600000,30359.79,D,SA,Payroll/AP
4900004989,2026-10-12,2026-10-01,3000,,CC500,600100,6172.38,D,SA,Payroll/AP
4900004990,2026-10-22,2026-10-01,3000,,CC500,600200,2317.44,D,SA,Payroll/AP
4900004991,2026-10-21,2026-10-01,3000,,CC500,500000,112772.01,D,SA,Payroll/AP
4900004992,2026-10-21,2026-10-01,3000,,CC500,500100,57703.62,D,SA,Payroll/AP
4900004993,2026-11-03,2026-11-01,1000,,CC100,600000,295591.17,D,SA,Payroll/AP
4900004994,2026-11-19,2026-11-01,1000,,CC100,600100,60933.7,D,SA,Payroll/AP
4900004995,2026-11-19,2026-11-01,1000,,CC100,600200,22209.94,D,SA,Payroll/AP
4900004996,2026-11-09,2026-11-01,1000,,CC100,610000,122718.87,D,SA,Payroll/AP
4900004997,2026-11-27,2026-11-01,1000,,CC100,620000,17690.68,D,SA,Payroll/AP
4900004998,2026-11-03,2026-11-01,1000,,CC100,630000,15819.93,D,SA,Payroll/AP
4900004999,2026-11-01,2026-11-01,1000,,CC100,640000,12425.14,D,SA,Payroll/AP
4900005000,2026-11-03,2026-11-01,2000,,CC100,600000,158705.54,D,SA,Payroll/AP
4900005001,2026-11-07,2026-11-01,2000,,CC100,600100,33418.49,D,SA,Payroll/AP
4900005002,2026-11-21,2026-11-01,2000,,CC100,600200,12338.82,D,SA,Payroll/AP
4900005003,2026-11-15,2026-11-01,2000,,CC100,610000,70906.77,D,SA,Payroll/AP
4900005004,2026-11-26,2026-11-01,2000,,CC100,620000,10040.2,D,SA,Payroll/AP
4900005005,2026-11-05,2026-11-01,2000,,CC100,630000,8818.26,D,SA,Payroll/AP
4900005006,2026-11-03,2026-11-01,2000,,CC100,640000,6354.58,D,SA,Payroll/AP
4900005007,2026-11-28,2026-11-01,3000,,CC100,600000,83646.28,D,SA,Payroll/AP
4900005008,2026-11-27,2026-11-01,3000,,CC100,600100,16131.51,D,SA,Payroll/AP
4900005009,2026-11-26,2026-11-01,3000,,CC100,600200,6217.98,D,SA,Payroll/AP
4900005010,2026-11-11,2026-11-01,3000,,CC100,610000,33999.76,D,SA,Payroll/AP
4900005011,2026-11-04,2026-11-01,3000,,CC100,620000,4682.69,D,SA,Payroll/AP
4900005012,2026-11-02,2026-11-01,3000,,CC100,630000,4098.35,D,SA,Payroll/AP
4900005013,2026-11-15,2026-11-01,3000,,CC100,640000,3119.37,D,SA,Payroll/AP
4900005014,2026-11-02,2026-11-01,1000,,CC200,600000,618459.89,D,SA,Payroll/AP
4900005015,2026-11-06,2026-11-01,1000,,CC200,600100,119426.21,D,SA,Payroll/AP
4900005016,2026-11-19,2026-11-01,1000,,CC200,600200,43934.34,D,SA,Payroll/AP
4900005017,2026-11-14,2026-11-01,1000,,CC200,630000,53873.83,D,SA,Payroll/AP
4900005018,2026-11-27,2026-11-01,1000,,CC200,640000,17812.4,D,SA,Payroll/AP
4900005019,2026-11-24,2026-11-01,1000,,CC200,620000,11134.26,D,SA,Payroll/AP
4900005020,2026-11-13,2026-11-01,1000,,CC200,660000,22493.2,D,SA,Payroll/AP
4900005021,2026-11-16,2026-11-01,2000,,CC200,600000,324108.2,D,SA,Payroll/AP
4900005022,2026-11-01,2026-11-01,2000,,CC200,600100,66718.05,D,SA,Payroll/AP
4900005023,2026-11-13,2026-11-01,2000,,CC200,600200,24294.22,D,SA,Payroll/AP
4900005024,2026-11-22,2026-11-01,2000,,CC200,630000,28200.39,D,SA,Payroll/AP
4900005025,2026-11-14,2026-11-01,2000,,CC200,640000,11330.61,D,SA,Payroll/AP
4900005026,2026-11-06,2026-11-01,2000,,CC200,620000,5443.24,D,SA,Payroll/AP
4900005027,2026-11-12,2026-11-01,2000,,CC200,660000,12460.83,D,SA,Payroll/AP
4900005028,2026-11-07,2026-11-01,3000,,CC200,600000,154921.59,D,SA,Payroll/AP
4900005029,2026-11-06,2026-11-01,3000,,CC200,600100,32338.99,D,SA,Payroll/AP
4900005030,2026-11-09,2026-11-01,3000,,CC200,600200,11985.14,D,SA,Payroll/AP
4900005031,2026-11-09,2026-11-01,3000,,CC200,630000,15050.83,D,SA,Payroll/AP
4900005032,2026-11-15,2026-11-01,3000,,CC200,640000,7215.71,D,SA,Payroll/AP
4900005033,2026-11-05,2026-11-01,3000,,CC200,620000,2659.22,D,SA,Payroll/AP
4900005034,2026-11-02,2026-11-01,3000,,CC200,660000,5547.77,D,SA,Payroll/AP
4900005035,2026-11-20,2026-11-01,1000,,CC300,600000,88388.33,D,SA,Payroll/AP
4900005036,2026-11-20,2026-11-01,1000,,CC300,600100,18182.05,D,SA,Payroll/AP
4900005037,2026-11-20,2026-11-01,1000,,CC300,600200,6845.94,D,SA,Payroll/AP
4900005038,2026-11-08,2026-11-01,1000,,CC300,650000,16279.77,D,SA,Payroll/AP
4900005039,2026-11-21,2026-11-01,1000,,CC300,630000,4452.91,D,SA,Payroll/AP
4900005040,2026-11-10,2026-11-01,1000,,CC300,640000,3533.31,D,SA,Payroll/AP
4900005041,2026-11-16,2026-11-01,1000,,CC300,660000,3585.36,D,SA,Payroll/AP
4900005042,2026-11-14,2026-11-01,2000,,CC300,600000,46575.01,D,SA,Payroll/AP
4900005043,2026-11-18,2026-11-01,2000,,CC300,600100,9869.25,D,SA,Payroll/AP
4900005044,2026-11-16,2026-11-01,2000,,CC300,600200,3744.42,D,SA,Payroll/AP
4900005045,2026-11-02,2026-11-01,2000,,CC300,650000,8465.54,D,SA,Payroll/AP
4900005046,2026-11-03,2026-11-01,2000,,CC300,630000,2915.96,D,SA,Payroll/AP
4900005047,2026-11-09,2026-11-01,2000,,CC300,640000,1745.78,D,SA,Payroll/AP
4900005048,2026-11-13,2026-11-01,2000,,CC300,660000,1860.39,D,SA,Payroll/AP
4900005049,2026-11-05,2026-11-01,3000,,CC300,600000,24504.63,D,SA,Payroll/AP
4900005050,2026-11-14,2026-11-01,3000,,CC300,600100,4912.52,D,SA,Payroll/AP
4900005051,2026-11-07,2026-11-01,3000,,CC300,600200,1795.39,D,SA,Payroll/AP
4900005052,2026-11-21,2026-11-01,3000,,CC300,650000,4460.82,D,SA,Payroll/AP
4900005053,2026-11-26,2026-11-01,3000,,CC300,630000,1370.77,D,SA,Payroll/AP
4900005054,2026-11-17,2026-11-01,3000,,CC300,640000,900.72,D,SA,Payroll/AP
4900005055,2026-11-08,2026-11-01,3000,,CC300,660000,892.67,D,SA,Payroll/AP
4900005056,2026-11-21,2026-11-01,1000,,CC400,600000,167027.02,D,SA,Payroll/AP
4900005057,2026-11-26,2026-11-01,1000,,CC400,600100,33416.64,D,SA,Payroll/AP
4900005058,2026-11-18,2026-11-01,1000,,CC400,600200,12485.98,D,SA,Payroll/AP
4900005059,2026-11-26,2026-11-01,1000,,CC400,630000,10669.35,D,SA,Payroll/AP
4900005060,2026-11-01,2026-11-01,1000,,CC400,620000,4528.99,D,SA,Payroll/AP
4900005061,2026-11-13,2026-11-01,1000,,CC400,640000,7809.57,D,SA,Payroll/AP
4900005062,2026-11-26,2026-11-01,2000,,CC400,600000,91256.16,D,SA,Payroll/AP
4900005063,2026-11-23,2026-11-01,2000,,CC400,600100,18841.71,D,SA,Payroll/AP
4900005064,2026-11-12,2026-11-01,2000,,CC400,600200,6835.58,D,SA,Payroll/AP
4900005065,2026-11-16,2026-11-01,2000,,CC400,630000,5164.21,D,SA,Payroll/AP
4900005066,2026-11-18,2026-11-01,2000,,CC400,620000,2316.17,D,SA,Payroll/AP
4900005067,2026-11-26,2026-11-01,2000,,CC400,640000,3489.73,D,SA,Payroll/AP
4900005068,2026-11-16,2026-11-01,3000,,CC400,600000,43571.47,D,SA,Payroll/AP
4900005069,2026-11-12,2026-11-01,3000,,CC400,600100,9102.75,D,SA,Payroll/AP
4900005070,2026-11-19,2026-11-01,3000,,CC400,600200,3452.9,D,SA,Payroll/AP
4900005071,2026-11-17,2026-11-01,3000,,CC400,630000,2957.5,D,SA,Payroll/AP
4900005072,2026-11-11,2026-11-01,3000,,CC400,620000,1199.43,D,SA,Payroll/AP
4900005073,2026-11-13,2026-11-01,3000,,CC400,640000,1762.61,D,SA,Payroll/AP
4900005074,2026-11-09,2026-11-01,1000,,CC500,600000,109751.38,D,SA,Payroll/AP
4900005075,2026-11-06,2026-11-01,1000,,CC500,600100,22509.97,D,SA,Payroll/AP
4900005076,2026-11-01,2026-11-01,1000,,CC500,600200,8324.38,D,SA,Payroll/AP
4900005077,2026-11-11,2026-11-01,1000,,CC500,500000,586315.01,D,SA,Payroll/AP
4900005078,2026-11-20,2026-11-01,1000,,CC500,500100,213509.24,D,SA,Payroll/AP
4900005079,2026-11-08,2026-11-01,2000,,CC500,600000,60444.58,D,SA,Payroll/AP
4900005080,2026-11-01,2026-11-01,2000,,CC500,600100,12223.54,D,SA,Payroll/AP
4900005081,2026-11-26,2026-11-01,2000,,CC500,600200,4944.81,D,SA,Payroll/AP
4900005082,2026-11-25,2026-11-01,2000,,CC500,500000,243207.99,D,SA,Payroll/AP
4900005083,2026-11-09,2026-11-01,2000,,CC500,500100,111757.25,D,SA,Payroll/AP
4900005084,2026-11-02,2026-11-01,3000,,CC500,600000,30167.66,D,SA,Payroll/AP
4900005085,2026-11-26,2026-11-01,3000,,CC500,600100,6210.87,D,SA,Payroll/AP
4900005086,2026-11-16,2026-11-01,3000,,CC500,600200,2345.54,D,SA,Payroll/AP
4900005087,2026-11-17,2026-11-01,3000,,CC500,500000,158518.53,D,SA,Payroll/AP
4900005088,2026-11-12,2026-11-01,3000,,CC500,500100,60448.46,D,SA,Payroll/AP
4900005089,2026-12-25,2026-12-01,1000,,CC100,600000,292211.55,D,SA,Payroll/AP
4900005090,2026-12-19,2026-12-01,1000,,CC100,600100,60919.46,D,SA,Payroll/AP
4900005091,2026-12-08,2026-12-01,1000,,CC100,600200,23104.17,D,SA,Payroll/AP
4900005092,2026-12-06,2026-12-01,1000,,CC100,610000,161653.49,D,SA,Payroll/AP
4900005093,2026-12-04,2026-12-01,1000,,CC100,620000,16460.87,D,SA,Payroll/AP
4900005094,2026-12-08,2026-12-01,1000,,CC100,630000,17149.5,D,SA,Payroll/AP
4900005095,2026-12-22,2026-12-01,1000,,CC100,640000,11687.97,D,SA,Payroll/AP
4900005096,2026-12-08,2026-12-01,2000,,CC100,600000,165634.39,D,SA,Payroll/AP
4900005097,2026-12-09,2026-12-01,2000,,CC100,600100,33348.18,D,SA,Payroll/AP
4900005098,2026-12-18,2026-12-01,2000,,CC100,600200,12320.0,D,SA,Payroll/AP
4900005099,2026-12-27,2026-12-01,2000,,CC100,610000,78587.0,D,SA,Payroll/AP
4900005100,2026-12-26,2026-12-01,2000,,CC100,620000,11126.0,D,SA,Payroll/AP
4900005101,2026-12-24,2026-12-01,2000,,CC100,630000,9166.15,D,SA,Payroll/AP
4900005102,2026-12-02,2026-12-01,2000,,CC100,640000,6257.23,D,SA,Payroll/AP
4900005103,2026-12-25,2026-12-01,3000,,CC100,600000,80053.86,D,SA,Payroll/AP
4900005104,2026-12-08,2026-12-01,3000,,CC100,600100,16102.53,D,SA,Payroll/AP
4900005105,2026-12-19,2026-12-01,3000,,CC100,600200,6334.9,D,SA,Payroll/AP
4900005106,2026-12-28,2026-12-01,3000,,CC100,610000,37898.93,D,SA,Payroll/AP
4900005107,2026-12-26,2026-12-01,3000,,CC100,620000,4692.34,D,SA,Payroll/AP
4900005108,2026-12-13,2026-12-01,3000,,CC100,630000,3931.39,D,SA,Payroll/AP
4900005109,2026-12-12,2026-12-01,3000,,CC100,640000,2970.92,D,SA,Payroll/AP
4900005110,2026-12-27,2026-12-01,1000,,CC200,600000,575677.91,D,SA,Payroll/AP
4900005111,2026-12-28,2026-12-01,1000,,CC200,600100,119707.09,D,SA,Payroll/AP
4900005112,2026-12-06,2026-12-01,1000,,CC200,600200,44601.6,D,SA,Payroll/AP
4900005113,2026-12-06,2026-12-01,1000,,CC200,630000,51046.42,D,SA,Payroll/AP
4900005114,2026-12-08,2026-12-01,1000,,CC200,640000,21132.66,D,SA,Payroll/AP
4900005115,2026-12-19,2026-12-01,1000,,CC200,620000,9552.85,D,SA,Payroll/AP
4900005116,2026-12-11,2026-12-01,1000,,CC200,660000,25125.84,D,SA,Payroll/AP
4900005117,2026-12-26,2026-12-01,2000,,CC200,600000,332222.58,D,SA,Payroll/AP
4900005118,2026-12-24,2026-12-01,2000,,CC200,600100,65446.95,D,SA,Payroll/AP
4900005119,2026-12-23,2026-12-01,2000,,CC200,600200,25066.87,D,SA,Payroll/AP
4900005120,2026-12-12,2026-12-01,2000,,CC200,630000,30300.46,D,SA,Payroll/AP
4900005121,2026-12-19,2026-12-01,2000,,CC200,640000,13950.27,D,SA,Payroll/AP
4900005122,2026-12-01,2026-12-01,2000,,CC200,620000,5722.54,D,SA,Payroll/AP
4900005123,2026-12-23,2026-12-01,2000,,CC200,660000,13146.2,D,SA,Payroll/AP
4900005124,2026-12-23,2026-12-01,3000,,CC200,600000,159732.67,D,SA,Payroll/AP
4900005125,2026-12-12,2026-12-01,3000,,CC200,600100,32243.6,D,SA,Payroll/AP
4900005126,2026-12-19,2026-12-01,3000,,CC200,600200,12603.19,D,SA,Payroll/AP
4900005127,2026-12-19,2026-12-01,3000,,CC200,630000,16364.61,D,SA,Payroll/AP
4900005128,2026-12-05,2026-12-01,3000,,CC200,640000,7819.15,D,SA,Payroll/AP
4900005129,2026-12-19,2026-12-01,3000,,CC200,620000,2733.2,D,SA,Payroll/AP
4900005130,2026-12-07,2026-12-01,3000,,CC200,660000,6428.7,D,SA,Payroll/AP
4900005131,2026-12-27,2026-12-01,1000,,CC300,600000,88820.93,D,SA,Payroll/AP
4900005132,2026-12-26,2026-12-01,1000,,CC300,600100,18658.05,D,SA,Payroll/AP
4900005133,2026-12-16,2026-12-01,1000,,CC300,600200,6686.24,D,SA,Payroll/AP
4900005134,2026-12-18,2026-12-01,1000,,CC300,650000,15047.35,D,SA,Payroll/AP
4900005135,2026-12-10,2026-12-01,1000,,CC300,630000,4236.23,D,SA,Payroll/AP
4900005136,2026-12-06,2026-12-01,1000,,CC300,640000,3471.62,D,SA,Payroll/AP
4900005137,2026-12-16,2026-12-01,1000,,CC300,660000,3334.01,D,SA,Payroll/AP
4900005138,2026-12-02,2026-12-01,2000,,CC300,600000,49212.39,D,SA,Payroll/AP
4900005139,2026-12-03,2026-12-01,2000,,CC300,600100,10168.15,D,SA,Payroll/AP
4900005140,2026-12-02,2026-12-01,2000,,CC300,600200,3781.12,D,SA,Payroll/AP
4900005141,2026-12-08,2026-12-01,2000,,CC300,650000,10852.88,D,SA,Payroll/AP
4900005142,2026-12-20,2026-12-01,2000,,CC300,630000,2594.46,D,SA,Payroll/AP
4900005143,2026-12-08,2026-12-01,2000,,CC300,640000,1640.82,D,SA,Payroll/AP
4900005144,2026-12-01,2026-12-01,2000,,CC300,660000,1995.51,D,SA,Payroll/AP
4900005145,2026-12-17,2026-12-01,3000,,CC300,600000,23992.14,D,SA,Payroll/AP
4900005146,2026-12-16,2026-12-01,3000,,CC300,600100,5072.47,D,SA,Payroll/AP
4900005147,2026-12-01,2026-12-01,3000,,CC300,600200,1926.96,D,SA,Payroll/AP
4900005148,2026-12-11,2026-12-01,3000,,CC300,650000,4883.69,D,SA,Payroll/AP
4900005149,2026-12-20,2026-12-01,3000,,CC300,630000,1059.1,D,SA,Payroll/AP
4900005150,2026-12-07,2026-12-01,3000,,CC300,640000,848.31,D,SA,Payroll/AP
4900005151,2026-12-26,2026-12-01,3000,,CC300,660000,995.86,D,SA,Payroll/AP
4900005152,2026-12-05,2026-12-01,1000,,CC400,600000,165191.85,D,SA,Payroll/AP
4900005153,2026-12-11,2026-12-01,1000,,CC400,600100,34054.62,D,SA,Payroll/AP
4900005154,2026-12-23,2026-12-01,1000,,CC400,600200,12943.7,D,SA,Payroll/AP
4900005155,2026-12-06,2026-12-01,1000,,CC400,630000,11365.01,D,SA,Payroll/AP
4900005156,2026-12-26,2026-12-01,1000,,CC400,620000,4368.56,D,SA,Payroll/AP
4900005157,2026-12-28,2026-12-01,1000,,CC400,640000,6242.07,D,SA,Payroll/AP
4900005158,2026-12-28,2026-12-01,2000,,CC400,600000,90101.05,D,SA,Payroll/AP
4900005159,2026-12-11,2026-12-01,2000,,CC400,600100,18917.68,D,SA,Payroll/AP
4900005160,2026-12-02,2026-12-01,2000,,CC400,600200,7051.68,D,SA,Payroll/AP
4900005161,2026-12-01,2026-12-01,2000,,CC400,630000,5662.51,D,SA,Payroll/AP
4900005162,2026-12-05,2026-12-01,2000,,CC400,620000,2576.39,D,SA,Payroll/AP
4900005163,2026-12-19,2026-12-01,2000,,CC400,640000,3442.23,D,SA,Payroll/AP
4900005164,2026-12-23,2026-12-01,3000,,CC400,600000,44561.83,D,SA,Payroll/AP
4900005165,2026-12-05,2026-12-01,3000,,CC400,600100,9158.13,D,SA,Payroll/AP
4900005166,2026-12-25,2026-12-01,3000,,CC400,600200,3418.97,D,SA,Payroll/AP
4900005167,2026-12-04,2026-12-01,3000,,CC400,630000,2826.86,D,SA,Payroll/AP
4900005168,2026-12-28,2026-12-01,3000,,CC400,620000,1305.82,D,SA,Payroll/AP
4900005169,2026-12-17,2026-12-01,3000,,CC400,640000,1603.24,D,SA,Payroll/AP
4900005170,2026-12-28,2026-12-01,1000,,CC500,600000,112412.78,D,SA,Payroll/AP
4900005171,2026-12-12,2026-12-01,1000,,CC500,600100,22670.72,D,SA,Payroll/AP
4900005172,2026-12-03,2026-12-01,1000,,CC500,600200,8569.81,D,SA,Payroll/AP
4900005173,2026-12-12,2026-12-01,1000,,CC500,500000,426639.16,D,SA,Payroll/AP
4900005174,2026-12-23,2026-12-01,1000,,CC500,500100,210616.94,D,SA,Payroll/AP
4900005175,2026-12-22,2026-12-01,2000,,CC500,600000,60609.58,D,SA,Payroll/AP
4900005176,2026-12-13,2026-12-01,2000,,CC500,600100,12615.96,D,SA,Payroll/AP
4900005177,2026-12-19,2026-12-01,2000,,CC500,600200,4701.31,D,SA,Payroll/AP
4900005178,2026-12-04,2026-12-01,2000,,CC500,500000,240304.84,D,SA,Payroll/AP
4900005179,2026-12-11,2026-12-01,2000,,CC500,500100,129696.43,D,SA,Payroll/AP
4900005180,2026-12-10,2026-12-01,3000,,CC500,600000,30993.37,D,SA,Payroll/AP
4900005181,2026-12-11,2026-12-01,3000,,CC500,600100,6356.11,D,SA,Payroll/AP
4900005182,2026-12-05,2026-12-01,3000,,CC500,600200,2373.68,D,SA,Payroll/AP
4900005183,2026-12-06,2026-12-01,3000,,CC500,500000,131319.89,D,SA,Payroll/AP
4900005184,2026-12-24,2026-12-01,3000,,CC500,500100,60645.72,D,SA,Payroll/AP
