period,dim1,dim2,gl_account,line_type,budget_amount
2024-01-01,PC10,1000,400000,Revenue,743805.9
2024-02-01,PC10,1000,400000,Revenue,765910.17
2024-03-01,PC10,1000,400000,Revenue,798242.97
2024-04-01,PC10,1000,400000,Revenue,814608.52
2024-05-01,PC10,1000,400000,Revenue,840439.0
2024-06-01,PC10,1000,400000,Revenue,863528.99
2024-07-01,PC10,1000,400000,Revenue,871880.88
2024-08-01,PC10,1000,400000,Revenue,886702.03
2024-09-01,PC10,1000,400000,Revenue,915650.12
2024-10-01,PC10,1000,400000,Revenue,934806.98
2024-11-01,PC10,1000,400000,Revenue,949796.28
2024-12-01,PC10,1000,400000,Revenue,967974.43
2024-01-01,PC10,2000,400000,Revenue,405712.31
2024-02-01,PC10,2000,400000,Revenue,417769.19
2024-03-01,PC10,2000,400000,Revenue,435405.26
2024-04-01,PC10,2000,400000,Revenue,444331.93
2024-05-01,PC10,2000,400000,Revenue,458421.27
2024-06-01,PC10,2000,400000,Revenue,471015.81
2024-07-01,PC10,2000,400000,Revenue,475571.39
2024-08-01,PC10,2000,400000,Revenue,483655.65
2024-09-01,PC10,2000,400000,Revenue,499445.52
2024-10-01,PC10,2000,400000,Revenue,509894.71
2024-11-01,PC10,2000,400000,Revenue,518070.69
2024-12-01,PC10,2000,400000,Revenue,527986.05
2024-01-01,PC10,3000,400000,Revenue,202856.15
2024-02-01,PC10,3000,400000,Revenue,208884.6
2024-03-01,PC10,3000,400000,Revenue,217702.63
2024-04-01,PC10,3000,400000,Revenue,222165.96
2024-05-01,PC10,3000,400000,Revenue,229210.64
2024-06-01,PC10,3000,400000,Revenue,235507.9
2024-07-01,PC10,3000,400000,Revenue,237785.69
2024-08-01,PC10,3000,400000,Revenue,241827.83
2024-09-01,PC10,3000,400000,Revenue,249722.76
2024-10-01,PC10,3000,400000,Revenue,254947.35
2024-11-01,PC10,3000,400000,Revenue,259035.35
2024-12-01,PC10,3000,400000,Revenue,263993.02
2024-01-01,PC20,1000,400000,Revenue,536684.12
2024-02-01,PC20,1000,400000,Revenue,544527.08
2024-03-01,PC20,1000,400000,Revenue,554593.59
2024-04-01,PC20,1000,400000,Revenue,560526.09
2024-05-01,PC20,1000,400000,Revenue,573816.26
2024-06-01,PC20,1000,400000,Revenue,593322.82
2024-07-01,PC20,1000,400000,Revenue,602497.18
2024-08-01,PC20,1000,400000,Revenue,627864.86
2024-09-01,PC20,1000,400000,Revenue,640735.83
2024-10-01,PC20,1000,400000,Revenue,650881.19
2024-11-01,PC20,1000,400000,Revenue,665650.09
2024-12-01,PC20,1000,400000,Revenue,697725.81
2024-01-01,PC20,2000,400000,Revenue,292736.79
2024-02-01,PC20,2000,400000,Revenue,297014.77
2024-03-01,PC20,2000,400000,Revenue,302505.59
2024-04-01,PC20,2000,400000,Revenue,305741.5
2024-05-01,PC20,2000,400000,Revenue,312990.68
2024-06-01,PC20,2000,400000,Revenue,323630.63
2024-07-01,PC20,2000,400000,Revenue,328634.82
2024-08-01,PC20,2000,400000,Revenue,342471.74
2024-09-01,PC20,2000,400000,Revenue,349492.28
2024-10-01,PC20,2000,400000,Revenue,355026.11
2024-11-01,PC20,2000,400000,Revenue,363081.87
2024-12-01,PC20,2000,400000,Revenue,380577.72
2024-01-01,PC20,3000,400000,Revenue,146368.4
2024-02-01,PC20,3000,400000,Revenue,148507.38
2024-03-01,PC20,3000,400000,Revenue,151252.8
2024-04-01,PC20,3000,400000,Revenue,152870.76
2024-05-01,PC20,3000,400000,Revenue,156495.35
2024-06-01,PC20,3000,400000,Revenue,161815.31
2024-07-01,PC20,3000,400000,Revenue,164317.41
2024-08-01,PC20,3000,400000,Revenue,171235.87
2024-09-01,PC20,3000,400000,Revenue,174746.14
2024-10-01,PC20,3000,400000,Revenue,177513.05
2024-11-01,PC20,3000,400000,Revenue,181540.93
2024-12-01,PC20,3000,400000,Revenue,190288.86
2024-01-01,PC30,1000,400100,Revenue,151275.05
2024-02-01,PC30,1000,400100,Revenue,116387.07
2024-03-01,PC30,1000,400100,Revenue,142892.81
2024-04-01,PC30,1000,400100,Revenue,155325.47
2024-05-01,PC30,1000,400100,Revenue,118167.24
2024-06-01,PC30,1000,400100,Revenue,181572.07
2024-07-01,PC30,1000,400100,Revenue,147914.33
2024-08-01,PC30,1000,400100,Revenue,121447.77
2024-09-01,PC30,1000,400100,Revenue,183185.09
2024-10-01,PC30,1000,400100,Revenue,168845.96
2024-11-01,PC30,1000,400100,Revenue,175895.16
2024-12-01,PC30,1000,400100,Revenue,202014.45
2024-01-01,PC30,2000,400100,Revenue,82513.66
2024-02-01,PC30,2000,400100,Revenue,63483.85
2024-03-01,PC30,2000,400100,Revenue,77941.53
2024-04-01,PC30,2000,400100,Revenue,84722.98
2024-05-01,PC30,2000,400100,Revenue,64454.86
2024-06-01,PC30,2000,400100,Revenue,99039.31
2024-07-01,PC30,2000,400100,Revenue,80680.54
2024-08-01,PC30,2000,400100,Revenue,66244.24
2024-09-01,PC30,2000,400100,Revenue,99919.14
2024-10-01,PC30,2000,400100,Revenue,92097.8
2024-11-01,PC30,2000,400100,Revenue,95942.81
2024-12-01,PC30,2000,400100,Revenue,110189.7
2024-01-01,PC30,3000,400100,Revenue,41256.83
2024-02-01,PC30,3000,400100,Revenue,31741.93
2024-03-01,PC30,3000,400100,Revenue,38970.76
2024-04-01,PC30,3000,400100,Revenue,42361.5
2024-05-01,PC30,3000,400100,Revenue,32227.43
2024-06-01,PC30,3000,400100,Revenue,49519.65
2024-07-01,PC30,3000,400100,Revenue,40340.28
2024-08-01,PC30,3000,400100,Revenue,33122.11
2024-09-01,PC30,3000,400100,Revenue,49959.56
2024-10-01,PC30,3000,400100,Revenue,46048.9
2024-11-01,PC30,3000,400100,Revenue,47971.4
2024-12-01,PC30,3000,400100,Revenue,55094.85
2024-01-01,PC40,1000,400200,Revenue,466588.71
2024-02-01,PC40,1000,400200,Revenue,462506.14
2024-03-01,PC40,1000,400200,Revenue,458853.5
2024-04-01,PC40,1000,400200,Revenue,462583.59
2024-05-01,PC40,1000,400200,Revenue,461895.49
2024-06-01,PC40,1000,400200,Revenue,463808.31
2024-07-01,PC40,1000,400200,Revenue,462096.83
2024-08-01,PC40,1000,400200,Revenue,462890.64
2024-09-01,PC40,1000,400200,Revenue,466019.9
2024-10-01,PC40,1000,400200,Revenue,469707.83
2024-11-01,PC40,1000,400200,Revenue,478618.47
2024-12-01,PC40,1000,400200,Revenue,489786.7
2024-01-01,PC40,2000,400200,Revenue,254502.94
2024-02-01,PC40,2000,400200,Revenue,252276.07
2024-03-01,PC40,2000,400200,Revenue,250283.74
2024-04-01,PC40,2000,400200,Revenue,252318.32
2024-05-01,PC40,2000,400200,Revenue,251943.0
2024-06-01,PC40,2000,400200,Revenue,252986.36
2024-07-01,PC40,2000,400200,Revenue,252052.81
2024-08-01,PC40,2000,400200,Revenue,252485.8
2024-09-01,PC40,2000,400200,Revenue,254192.68
2024-10-01,PC40,2000,400200,Revenue,256204.26
2024-11-01,PC40,2000,400200,Revenue,261064.61
2024-12-01,PC40,2000,400200,Revenue,267156.38
2024-01-01,PC40,3000,400200,Revenue,127251.47
2024-02-01,PC40,3000,400200,Revenue,126138.04
2024-03-01,PC40,3000,400200,Revenue,125141.86
2024-04-01,PC40,3000,400200,Revenue,126159.16
2024-05-01,PC40,3000,400200,Revenue,125971.49
2024-06-01,PC40,3000,400200,Revenue,126493.17
2024-07-01,PC40,3000,400200,Revenue,126026.41
2024-08-01,PC40,3000,400200,Revenue,126242.91
2024-09-01,PC40,3000,400200,Revenue,127096.33
2024-10-01,PC40,3000,400200,Revenue,128102.13
2024-11-01,PC40,3000,400200,Revenue,130532.31
2024-12-01,PC40,3000,400200,Revenue,133578.19
2024-01-01,CC100,1000,600000,Opex,219881.47
2024-02-01,CC100,1000,600000,Opex,220214.81
2024-03-01,CC100,1000,600000,Opex,222542.65
2024-04-01,CC100,1000,600000,Opex,229503.18
2024-05-01,CC100,1000,600000,Opex,233200.84
2024-06-01,CC100,1000,600000,Opex,231145.67
2024-07-01,CC100,1000,600000,Opex,237283.73
2024-08-01,CC100,1000,600000,Opex,246906.08
2024-09-01,CC100,1000,600000,Opex,230633.41
2024-10-01,CC100,1000,600000,Opex,239515.02
2024-11-01,CC100,1000,600000,Opex,242844.26
2024-12-01,CC100,1000,600000,Opex,241343.44
2024-01-01,CC100,1000,600100,Opex,43294.66
2024-02-01,CC100,1000,600100,Opex,45731.75
2024-03-01,CC100,1000,600100,Opex,46856.28
2024-04-01,CC100,1000,600100,Opex,45616.09
2024-05-01,CC100,1000,600100,Opex,45825.51
2024-06-01,CC100,1000,600100,Opex,46889.86
2024-07-01,CC100,1000,600100,Opex,47517.56
2024-08-01,CC100,1000,600100,Opex,48819.84
2024-09-01,CC100,1000,600100,Opex,50030.65
2024-10-01,CC100,1000,600100,Opex,49388.77
2024-11-01,CC100,1000,600100,Opex,49391.29
2024-12-01,CC100,1000,600100,Opex,50082.45
2024-01-01,CC100,1000,600200,Opex,16357.2
2024-02-01,CC100,1000,600200,Opex,16877.33
2024-03-01,CC100,1000,600200,Opex,17001.24
2024-04-01,CC100,1000,600200,Opex,17746.72
2024-05-01,CC100,1000,600200,Opex,17764.64
2024-06-01,CC100,1000,600200,Opex,17779.4
2024-07-01,CC100,1000,600200,Opex,18018.99
2024-08-01,CC100,1000,600200,Opex,18124.19
2024-09-01,CC100,1000,600200,Opex,18097.43
2024-10-01,CC100,1000,600200,Opex,18332.02
2024-11-01,CC100,1000,600200,Opex,18195.78
2024-12-01,CC100,1000,600200,Opex,18633.46
2024-01-01,CC100,1000,610000,Opex,105349.62
2024-02-01,CC100,1000,610000,Opex,108761.91
2024-03-01,CC100,1000,610000,Opex,102135.74
2024-04-01,CC100,1000,610000,Opex,102858.02
2024-05-01,CC100,1000,610000,Opex,91588.38
2024-06-01,CC100,1000,610000,Opex,109081.05
2024-07-01,CC100,1000,610000,Opex,107915.05
2024-08-01,CC100,1000,610000,Opex,108469.46
2024-09-01,CC100,1000,610000,Opex,134054.41
2024-10-01,CC100,1000,610000,Opex,102649.71
2024-11-01,CC100,1000,610000,Opex,111601.93
2024-12-01,CC100,1000,610000,Opex,102045.11
2024-01-01,CC100,1000,620000,Opex,14248.09
2024-02-01,CC100,1000,620000,Opex,13314.99
2024-03-01,CC100,1000,620000,Opex,15057.65
2024-04-01,CC100,1000,620000,Opex,17399.58
2024-05-01,CC100,1000,620000,Opex,13712.4
2024-06-01,CC100,1000,620000,Opex,14852.23
2024-07-01,CC100,1000,620000,Opex,13938.1
2024-08-01,CC100,1000,620000,Opex,13165.04
2024-09-01,CC100,1000,620000,Opex,14389.06
2024-10-01,CC100,1000,620000,Opex,13963.13
2024-11-01,CC100,1000,620000,Opex,13621.54
2024-12-01,CC100,1000,620000,Opex,13459.75
2024-01-01,CC100,1000,630000,Opex,11000.79
2024-02-01,CC100,1000,630000,Opex,12816.2
2024-03-01,CC100,1000,630000,Opex,11567.71
2024-04-01,CC100,1000,630000,Opex,10732.96
2024-05-01,CC100,1000,630000,Opex,13939.07
2024-06-01,CC100,1000,630000,Opex,11872.0
2024-07-01,CC100,1000,630000,Opex,13134.13
2024-08-01,CC100,1000,630000,Opex,10989.1
2024-09-01,CC100,1000,630000,Opex,12424.75
2024-10-01,CC100,1000,630000,Opex,12283.29
2024-11-01,CC100,1000,630000,Opex,13821.04
2024-12-01,CC100,1000,630000,Opex,12425.76
2024-01-01,CC100,1000,640000,Opex,8420.73
2024-02-01,CC100,1000,640000,Opex,10361.58
2024-03-01,CC100,1000,640000,Opex,8136.63
2024-04-01,CC100,1000,640000,Opex,10146.41
2024-05-01,CC100,1000,640000,Opex,8607.47
2024-06-01,CC100,1000,640000,Opex,8245.48
2024-07-01,CC100,1000,640000,Opex,8804.78
2024-08-01,CC100,1000,640000,Opex,10224.62
2024-09-01,CC100,1000,640000,Opex,10560.69
2024-10-01,CC100,1000,640000,Opex,8154.52
2024-11-01,CC100,1000,640000,Opex,8834.86
2024-12-01,CC100,1000,640000,Opex,7983.38
2024-01-01,CC100,2000,600000,Opex,119944.32
2024-02-01,CC100,2000,600000,Opex,118527.15
2024-03-01,CC100,2000,600000,Opex,121081.34
2024-04-01,CC100,2000,600000,Opex,123267.56
2024-05-01,CC100,2000,600000,Opex,125502.12
2024-06-01,CC100,2000,600000,Opex,123586.4
2024-07-01,CC100,2000,600000,Opex,125510.98
2024-08-01,CC100,2000,600000,Opex,127933.03
2024-09-01,CC100,2000,600000,Opex,135146.27
2024-10-01,CC100,2000,600000,Opex,121719.47
2024-11-01,CC100,2000,600000,Opex,132015.75
2024-12-01,CC100,2000,600000,Opex,134765.74
2024-01-01,CC100,2000,600100,Opex,24170.33
2024-02-01,CC100,2000,600100,Opex,24272.77
2024-03-01,CC100,2000,600100,Opex,25272.41
2024-04-01,CC100,2000,600100,Opex,24857.83
2024-05-01,CC100,2000,600100,Opex,26078.6
2024-06-01,CC100,2000,600100,Opex,24970.97
2024-07-01,CC100,2000,600100,Opex,26421.45
2024-08-01,CC100,2000,600100,Opex,26035.25
2024-09-01,CC100,2000,600100,Opex,27751.85
2024-10-01,CC100,2000,600100,Opex,26748.96
2024-11-01,CC100,2000,600100,Opex,27124.46
2024-12-01,CC100,2000,600100,Opex,27275.22
2024-01-01,CC100,2000,600200,Opex,9020.16
2024-02-01,CC100,2000,600200,Opex,9451.08
2024-03-01,CC100,2000,600200,Opex,9087.45
2024-04-01,CC100,2000,600200,Opex,9353.34
2024-05-01,CC100,2000,600200,Opex,9707.5
2024-06-01,CC100,2000,600200,Opex,9971.5
2024-07-01,CC100,2000,600200,Opex,9626.72
2024-08-01,CC100,2000,600200,Opex,10079.04
2024-09-01,CC100,2000,600200,Opex,10236.4
2024-10-01,CC100,2000,600200,Opex,10123.82
2024-11-01,CC100,2000,600200,Opex,10061.99
2024-12-01,CC100,2000,600200,Opex,9913.7
2024-01-01,CC100,2000,610000,Opex,54496.4
2024-02-01,CC100,2000,610000,Opex,62036.44
2024-03-01,CC100,2000,610000,Opex,54840.93
2024-04-01,CC100,2000,610000,Opex,53329.36
2024-05-01,CC100,2000,610000,Opex,56914.63
2024-06-01,CC100,2000,610000,Opex,49209.97
2024-07-01,CC100,2000,610000,Opex,57344.5
2024-08-01,CC100,2000,610000,Opex,65067.32
2024-09-01,CC100,2000,610000,Opex,64273.94
2024-10-01,CC100,2000,610000,Opex,44300.25
2024-11-01,CC100,2000,610000,Opex,62461.99
2024-12-01,CC100,2000,610000,Opex,57724.48
2024-01-01,CC100,2000,620000,Opex,6888.61
2024-02-01,CC100,2000,620000,Opex,7253.27
2024-03-01,CC100,2000,620000,Opex,7190.3
2024-04-01,CC100,2000,620000,Opex,8204.46
2024-05-01,CC100,2000,620000,Opex,8302.51
2024-06-01,CC100,2000,620000,Opex,7472.34
2024-07-01,CC100,2000,620000,Opex,8161.6
2024-08-01,CC100,2000,620000,Opex,8907.46
2024-09-01,CC100,2000,620000,Opex,8822.56
2024-10-01,CC100,2000,620000,Opex,7449.97
2024-11-01,CC100,2000,620000,Opex,8028.36
2024-12-01,CC100,2000,620000,Opex,7869.43
2024-01-01,CC100,2000,630000,Opex,6357.91
2024-02-01,CC100,2000,630000,Opex,5865.48
2024-03-01,CC100,2000,630000,Opex,6924.46
2024-04-01,CC100,2000,630000,Opex,6625.7
2024-05-01,CC100,2000,630000,Opex,7948.28
2024-06-01,CC100,2000,630000,Opex,5961.49
2024-07-01,CC100,2000,630000,Opex,7244.9
2024-08-01,CC100,2000,630000,Opex,7310.18
2024-09-01,CC100,2000,630000,Opex,7181.87
2024-10-01,CC100,2000,630000,Opex,7039.81
2024-11-01,CC100,2000,630000,Opex,7330.42
2024-12-01,CC100,2000,630000,Opex,7024.86
2024-01-01,CC100,2000,640000,Opex,3801.37
2024-02-01,CC100,2000,640000,Opex,4462.66
2024-03-01,CC100,2000,640000,Opex,3932.36
2024-04-01,CC100,2000,640000,Opex,4451.45
2024-05-01,CC100,2000,640000,Opex,4778.41
2024-06-01,CC100,2000,640000,Opex,5248.29
2024-07-01,CC100,2000,640000,Opex,5134.1
2024-08-01,CC100,2000,640000,Opex,4608.67
2024-09-01,CC100,2000,640000,Opex,4721.97
2024-10-01,CC100,2000,640000,Opex,5995.01
2024-11-01,CC100,2000,640000,Opex,4376.49
2024-12-01,CC100,2000,640000,Opex,5790.07
2024-01-01,CC100,3000,600000,Opex,61262.64
2024-02-01,CC100,3000,600000,Opex,58549.01
2024-03-01,CC100,3000,600000,Opex,59632.44
2024-04-01,CC100,3000,600000,Opex,61360.88
2024-05-01,CC100,3000,600000,Opex,62730.66
2024-06-01,CC100,3000,600000,Opex,62254.05
2024-07-01,CC100,3000,600000,Opex,63686.7
2024-08-01,CC100,3000,600000,Opex,62974.9
2024-09-01,CC100,3000,600000,Opex,63903.44
2024-10-01,CC100,3000,600000,Opex,65142.11
2024-11-01,CC100,3000,600000,Opex,66390.64
2024-12-01,CC100,3000,600000,Opex,63884.65
2024-01-01,CC100,3000,600100,Opex,12429.64
2024-02-01,CC100,3000,600100,Opex,12115.16
2024-03-01,CC100,3000,600100,Opex,12463.91
2024-04-01,CC100,3000,600100,Opex,13132.53
2024-05-01,CC100,3000,600100,Opex,13085.59
2024-06-01,CC100,3000,600100,Opex,13166.4
2024-07-01,CC100,3000,600100,Opex,13284.25
2024-08-01,CC100,3000,600100,Opex,13695.26
2024-09-01,CC100,3000,600100,Opex,13325.57
2024-10-01,CC100,3000,600100,Opex,13162.45
2024-11-01,CC100,3000,600100,Opex,14111.03
2024-12-01,CC100,3000,600100,Opex,13646.48
2024-01-01,CC100,3000,600200,Opex,4641.11
2024-02-01,CC100,3000,600200,Opex,4535.26
2024-03-01,CC100,3000,600200,Opex,4784.22
2024-04-01,CC100,3000,600200,Opex,4885.53
2024-05-01,CC100,3000,600200,Opex,4912.37
2024-06-01,CC100,3000,600200,Opex,4752.3
2024-07-01,CC100,3000,600200,Opex,5037.71
2024-08-01,CC100,3000,600200,Opex,4953.83
2024-09-01,CC100,3000,600200,Opex,4980.42
2024-10-01,CC100,3000,600200,Opex,4990.53
2024-11-01,CC100,3000,600200,Opex,4992.18
2024-12-01,CC100,3000,600200,Opex,5089.33
2024-01-01,CC100,3000,610000,Opex,29582.13
2024-02-01,CC100,3000,610000,Opex,24925.04
2024-03-01,CC100,3000,610000,Opex,26882.71
2024-04-01,CC100,3000,610000,Opex,28749.09
2024-05-01,CC100,3000,610000,Opex,31363.52
2024-06-01,CC100,3000,610000,Opex,28884.26
2024-07-01,CC100,3000,610000,Opex,30186.55
2024-08-01,CC100,3000,610000,Opex,28355.48
2024-09-01,CC100,3000,610000,Opex,27830.42
2024-10-01,CC100,3000,610000,Opex,33235.44
2024-11-01,CC100,3000,610000,Opex,27701.6
2024-12-01,CC100,3000,610000,Opex,31782.62
2024-01-01,CC100,3000,620000,Opex,4488.75
2024-02-01,CC100,3000,620000,Opex,3843.48
2024-03-01,CC100,3000,620000,Opex,3651.18
2024-04-01,CC100,3000,620000,Opex,3950.26
2024-05-01,CC100,3000,620000,Opex,4260.9
2024-06-01,CC100,3000,620000,Opex,3678.98
2024-07-01,CC100,3000,620000,Opex,4088.76
2024-08-01,CC100,3000,620000,Opex,4706.87
2024-09-01,CC100,3000,620000,Opex,4454.54
2024-10-01,CC100,3000,620000,Opex,3904.41
2024-11-01,CC100,3000,620000,Opex,4463.24
2024-12-01,CC100,3000,620000,Opex,4345.44
2024-01-01,CC100,3000,630000,Opex,3390.56
2024-02-01,CC100,3000,630000,Opex,3157.75
2024-03-01,CC100,3000,630000,Opex,3674.42
2024-04-01,CC100,3000,630000,Opex,3186.03
2024-05-01,CC100,3000,630000,Opex,2837.84
2024-06-01,CC100,3000,630000,Opex,3900.36
2024-07-01,CC100,3000,630000,Opex,2838.96
2024-08-01,CC100,3000,630000,Opex,3508.89
2024-09-01,CC100,3000,630000,Opex,3649.89
2024-10-01,CC100,3000,630000,Opex,3072.36
2024-11-01,CC100,3000,630000,Opex,3457.05
2024-12-01,CC100,3000,630000,Opex,3147.83
2024-01-01,CC100,3000,640000,Opex,1883.73
2024-02-01,CC100,3000,640000,Opex,2672.91
2024-03-01,CC100,3000,640000,Opex,1983.62
2024-04-01,CC100,3000,640000,Opex,2506.05
2024-05-01,CC100,3000,640000,Opex,2795.57
2024-06-01,CC100,3000,640000,Opex,2122.56
2024-07-01,CC100,3000,640000,Opex,2189.68
2024-08-01,CC100,3000,640000,Opex,2606.65
2024-09-01,CC100,3000,640000,Opex,2520.8
2024-10-01,CC100,3000,640000,Opex,2383.53
2024-11-01,CC100,3000,640000,Opex,2636.36
2024-12-01,CC100,3000,640000,Opex,2471.39
2024-01-01,CC200,1000,600000,Opex,377898.38
2024-02-01,CC200,1000,600000,Opex,384524.88
2024-03-01,CC200,1000,600000,Opex,382938.41
2024-04-01,CC200,1000,600000,Opex,395652.11
2024-05-01,CC200,1000,600000,Opex,405098.08
2024-06-01,CC200,1000,600000,Opex,421824.32
2024-07-01,CC200,1000,600000,Opex,422496.53
2024-08-01,CC200,1000,600000,Opex,450921.31
2024-09-01,CC200,1000,600000,Opex,453600.21
2024-10-01,CC200,1000,600000,Opex,433168.09
2024-11-01,CC200,1000,600000,Opex,448173.16
2024-12-01,CC200,1000,600000,Opex,441416.58
2024-01-01,CC200,1000,600100,Opex,78559.39
2024-02-01,CC200,1000,600100,Opex,82068.38
2024-03-01,CC200,1000,600100,Opex,82887.82
2024-04-01,CC200,1000,600100,Opex,82427.76
2024-05-01,CC200,1000,600100,Opex,85561.67
2024-06-01,CC200,1000,600100,Opex,87085.23
2024-07-01,CC200,1000,600100,Opex,86135.29
2024-08-01,CC200,1000,600100,Opex,87516.74
2024-09-01,CC200,1000,600100,Opex,88311.93
2024-10-01,CC200,1000,600100,Opex,90804.32
2024-11-01,CC200,1000,600100,Opex,92197.95
2024-12-01,CC200,1000,600100,Opex,93991.97
2024-01-01,CC200,1000,600200,Opex,29848.13
2024-02-01,CC200,1000,600200,Opex,30052.3
2024-03-01,CC200,1000,600200,Opex,30502.4
2024-04-01,CC200,1000,600200,Opex,30033.48
2024-05-01,CC200,1000,600200,Opex,31411.47
2024-06-01,CC200,1000,600200,Opex,32515.09
2024-07-01,CC200,1000,600200,Opex,32577.07
2024-08-01,CC200,1000,600200,Opex,33863.63
2024-09-01,CC200,1000,600200,Opex,33759.56
2024-10-01,CC200,1000,600200,Opex,35072.04
2024-11-01,CC200,1000,600200,Opex,34898.55
2024-12-01,CC200,1000,600200,Opex,34519.16
2024-01-01,CC200,1000,620000,Opex,7597.44
2024-02-01,CC200,1000,620000,Opex,6698.23
2024-03-01,CC200,1000,620000,Opex,7890.74
2024-04-01,CC200,1000,620000,Opex,7392.27
2024-05-01,CC200,1000,620000,Opex,8229.38
2024-06-01,CC200,1000,620000,Opex,8097.37
2024-07-01,CC200,1000,620000,Opex,8117.21
2024-08-01,CC200,1000,620000,Opex,9582.08
2024-09-01,CC200,1000,620000,Opex,8402.65
2024-10-01,CC200,1000,620000,Opex,8244.26
2024-11-01,CC200,1000,620000,Opex,9109.26
2024-12-01,CC200,1000,620000,Opex,8015.03
2024-01-01,CC200,1000,630000,Opex,36606.36
2024-02-01,CC200,1000,630000,Opex,35037.55
2024-03-01,CC200,1000,630000,Opex,32276.05
2024-04-01,CC200,1000,630000,Opex,37695.88
2024-05-01,CC200,1000,630000,Opex,36969.38
2024-06-01,CC200,1000,630000,Opex,36925.8
2024-07-01,CC200,1000,630000,Opex,38365.35
2024-08-01,CC200,1000,630000,Opex,39008.93
2024-09-01,CC200,1000,630000,Opex,36705.03
2024-10-01,CC200,1000,630000,Opex,40910.02
2024-11-01,CC200,1000,630000,Opex,41463.32
2024-12-01,CC200,1000,630000,Opex,47908.47
2024-01-01,CC200,1000,640000,Opex,13833.74
2024-02-01,CC200,1000,640000,Opex,16109.09
2024-03-01,CC200,1000,640000,Opex,16497.18
2024-04-01,CC200,1000,640000,Opex,16540.6
2024-05-01,CC200,1000,640000,Opex,16470.55
2024-06-01,CC200,1000,640000,Opex,15914.78
2024-07-01,CC200,1000,640000,Opex,17215.7
2024-08-01,CC200,1000,640000,Opex,17069.83
2024-09-01,CC200,1000,640000,Opex,13782.49
2024-10-01,CC200,1000,640000,Opex,16555.53
2024-11-01,CC200,1000,640000,Opex,16658.58
2024-12-01,CC200,1000,640000,Opex,17147.58
2024-01-01,CC200,1000,660000,Opex,14352.91
2024-02-01,CC200,1000,660000,Opex,15379.28
2024-03-01,CC200,1000,660000,Opex,14971.39
2024-04-01,CC200,1000,660000,Opex,16757.79
2024-05-01,CC200,1000,660000,Opex,16282.69
2024-06-01,CC200,1000,660000,Opex,16005.58
2024-07-01,CC200,1000,660000,Opex,16747.38
2024-08-01,CC200,1000,660000,Opex,17045.44
2024-09-01,CC200,1000,660000,Opex,16842.26
2024-10-01,CC200,1000,660000,Opex,15656.66
2024-11-01,CC200,1000,660000,Opex,18692.01
2024-12-01,CC200,1000,660000,Opex,15946.47
2024-01-01,CC200,2000,600000,Opex,208844.32
2024-02-01,CC200,2000,600000,Opex,215057.9
2024-03-01,CC200,2000,600000,Opex,212889.05
2024-04-01,CC200,2000,600000,Opex,214807.99
2024-05-01,CC200,2000,600000,Opex,232874.01
2024-06-01,CC200,2000,600000,Opex,232964.0
2024-07-01,CC200,2000,600000,Opex,231832.55
2024-08-01,CC200,2000,600000,Opex,238287.19
2024-09-01,CC200,2000,600000,Opex,247245.14
2024-10-01,CC200,2000,600000,Opex,244777.87
2024-11-01,CC200,2000,600000,Opex,241671.54
2024-12-01,CC200,2000,600000,Opex,235301.58
2024-01-01,CC200,2000,600100,Opex,42150.15
2024-02-01,CC200,2000,600100,Opex,44401.12
2024-03-01,CC200,2000,600100,Opex,45599.16
2024-04-01,CC200,2000,600100,Opex,43847.62
2024-05-01,CC200,2000,600100,Opex,46695.27
2024-06-01,CC200,2000,600100,Opex,48956.43
2024-07-01,CC200,2000,600100,Opex,45617.69
2024-08-01,CC200,2000,600100,Opex,49396.1
2024-09-01,CC200,2000,600100,Opex,49847.96
2024-10-01,CC200,2000,600100,Opex,49262.6
2024-11-01,CC200,2000,600100,Opex,48736.72
2024-12-01,CC200,2000,600100,Opex,48486.31
2024-01-01,CC200,2000,600200,Opex,15963.55
2024-02-01,CC200,2000,600200,Opex,16583.39
2024-03-01,CC200,2000,600200,Opex,17024.98
2024-04-01,CC200,2000,600200,Opex,17015.0
2024-05-01,CC200,2000,600200,Opex,17268.59
2024-06-01,CC200,2000,600200,Opex,17385.35
2024-07-01,CC200,2000,600200,Opex,17475.71
2024-08-01,CC200,2000,600200,Opex,18002.19
2024-09-01,CC200,2000,600200,Opex,18081.96
2024-10-01,CC200,2000,600200,Opex,18435.49
2024-11-01,CC200,2000,600200,Opex,19052.28
2024-12-01,CC200,2000,600200,Opex,18877.6
2024-01-01,CC200,2000,620000,Opex,4494.37
2024-02-01,CC200,2000,620000,Opex,3903.13
2024-03-01,CC200,2000,620000,Opex,3752.0
2024-04-01,CC200,2000,620000,Opex,4040.41
2024-05-01,CC200,2000,620000,Opex,3805.75
2024-06-01,CC200,2000,620000,Opex,5529.21
2024-07-01,CC200,2000,620000,Opex,4719.7
2024-08-01,CC200,2000,620000,Opex,3642.16
2024-09-01,CC200,2000,620000,Opex,4883.66
2024-10-01,CC200,2000,620000,Opex,4277.82
2024-11-01,CC200,2000,620000,Opex,5054.78
2024-12-01,CC200,2000,620000,Opex,5114.48
2024-01-01,CC200,2000,630000,Opex,16409.74
2024-02-01,CC200,2000,630000,Opex,23959.06
2024-03-01,CC200,2000,630000,Opex,19413.04
2024-04-01,CC200,2000,630000,Opex,21831.4
2024-05-01,CC200,2000,630000,Opex,22197.39
2024-06-01,CC200,2000,630000,Opex,17701.92
2024-07-01,CC200,2000,630000,Opex,20479.3
2024-08-01,CC200,2000,630000,Opex,19381.46
2024-09-01,CC200,2000,630000,Opex,25529.89
2024-10-01,CC200,2000,630000,Opex,28478.63
2024-11-01,CC200,2000,630000,Opex,21484.37
2024-12-01,CC200,2000,630000,Opex,23021.29
2024-01-01,CC200,2000,640000,Opex,7338.36
2024-02-01,CC200,2000,640000,Opex,7718.26
2024-03-01,CC200,2000,640000,Opex,9954.98
2024-04-01,CC200,2000,640000,Opex,9895.68
2024-05-01,CC200,2000,640000,Opex,9708.72
2024-06-01,CC200,2000,640000,Opex,8713.08
2024-07-01,CC200,2000,640000,Opex,7827.9
2024-08-01,CC200,2000,640000,Opex,8119.92
2024-09-01,CC200,2000,640000,Opex,10357.07
2024-10-01,CC200,2000,640000,Opex,9527.52
2024-11-01,CC200,2000,640000,Opex,7294.9
2024-12-01,CC200,2000,640000,Opex,7904.12
2024-01-01,CC200,2000,660000,Opex,7745.9
2024-02-01,CC200,2000,660000,Opex,7987.16
2024-03-01,CC200,2000,660000,Opex,7762.25
2024-04-01,CC200,2000,660000,Opex,8926.28
2024-05-01,CC200,2000,660000,Opex,8935.83
2024-06-01,CC200,2000,660000,Opex,8437.45
2024-07-01,CC200,2000,660000,Opex,9586.74
2024-08-01,CC200,2000,660000,Opex,9999.49
2024-09-01,CC200,2000,660000,Opex,9125.53
2024-10-01,CC200,2000,660000,Opex,9053.92
2024-11-01,CC200,2000,660000,Opex,9070.32
2024-12-01,CC200,2000,660000,Opex,9161.88
2024-01-01,CC200,3000,600000,Opex,111916.64
2024-02-01,CC200,3000,600000,Opex,105382.77
2024-03-01,CC200,3000,600000,Opex,107730.07
2024-04-01,CC200,3000,600000,Opex,110626.24
2024-05-01,CC200,3000,600000,Opex,114996.64
2024-06-01,CC200,3000,600000,Opex,118656.46
2024-07-01,CC200,3000,600000,Opex,119216.29
2024-08-01,CC200,3000,600000,Opex,115273.76
2024-09-01,CC200,3000,600000,Opex,118291.63
2024-10-01,CC200,3000,600000,Opex,123658.05
2024-11-01,CC200,3000,600000,Opex,120937.78
2024-12-01,CC200,3000,600000,Opex,123032.05
2024-01-01,CC200,3000,600100,Opex,22024.23
2024-02-01,CC200,3000,600100,Opex,21581.17
2024-03-01,CC200,3000,600100,Opex,22388.13
2024-04-01,CC200,3000,600100,Opex,22631.65
2024-05-01,CC200,3000,600100,Opex,23124.39
2024-06-01,CC200,3000,600100,Opex,24357.97
2024-07-01,CC200,3000,600100,Opex,23770.81
2024-08-01,CC200,3000,600100,Opex,24072.41
2024-09-01,CC200,3000,600100,Opex,24555.51
2024-10-01,CC200,3000,600100,Opex,24852.39
2024-11-01,CC200,3000,600100,Opex,25017.76
2024-12-01,CC200,3000,600100,Opex,25974.85
2024-01-01,CC200,3000,600200,Opex,8208.64
2024-02-01,CC200,3000,600200,Opex,8392.38
2024-03-01,CC200,3000,600200,Opex,8444.11
2024-04-01,CC200,3000,600200,Opex,8666.78
2024-05-01,CC200,3000,600200,Opex,8963.58
2024-06-01,CC200,3000,600200,Opex,8739.85
2024-07-01,CC200,3000,600200,Opex,9219.17
2024-08-01,CC200,3000,600200,Opex,9017.08
2024-09-01,CC200,3000,600200,Opex,9479.39
2024-10-01,CC200,3000,600200,Opex,9031.1
2024-11-01,CC200,3000,600200,Opex,9355.29
2024-12-01,CC200,3000,600200,Opex,9605.56
2024-01-01,CC200,3000,620000,Opex,1926.9
2024-02-01,CC200,3000,620000,Opex,1878.78
2024-03-01,CC200,3000,620000,Opex,1837.88
2024-04-01,CC200,3000,620000,Opex,2443.43
2024-05-01,CC200,3000,620000,Opex,2143.15
2024-06-01,CC200,3000,620000,Opex,2125.65
2024-07-01,CC200,3000,620000,Opex,2100.78
2024-08-01,CC200,3000,620000,Opex,2461.87
2024-09-01,CC200,3000,620000,Opex,2205.97
2024-10-01,CC200,3000,620000,Opex,2760.12
2024-11-01,CC200,3000,620000,Opex,2449.49
2024-12-01,CC200,3000,620000,Opex,1851.45
2024-01-01,CC200,3000,630000,Opex,8722.46
2024-02-01,CC200,3000,630000,Opex,10922.2
2024-03-01,CC200,3000,630000,Opex,9567.25
2024-04-01,CC200,3000,630000,Opex,10583.77
2024-05-01,CC200,3000,630000,Opex,10024.76
2024-06-01,CC200,3000,630000,Opex,10897.31
2024-07-01,CC200,3000,630000,Opex,10599.59
2024-08-01,CC200,3000,630000,Opex,10903.68
2024-09-01,CC200,3000,630000,Opex,12863.41
2024-10-01,CC200,3000,630000,Opex,11845.55
2024-11-01,CC200,3000,630000,Opex,11644.47
2024-12-01,CC200,3000,630000,Opex,10713.39
2024-01-01,CC200,3000,640000,Opex,4375.57
2024-02-01,CC200,3000,640000,Opex,3864.79
2024-03-01,CC200,3000,640000,Opex,4349.53
2024-04-01,CC200,3000,640000,Opex,3586.89
2024-05-01,CC200,3000,640000,Opex,4416.56
2024-06-01,CC200,3000,640000,Opex,5138.41
2024-07-01,CC200,3000,640000,Opex,4325.25
2024-08-01,CC200,3000,640000,Opex,4903.46
2024-09-01,CC200,3000,640000,Opex,5354.56
2024-10-01,CC200,3000,640000,Opex,4338.65
2024-11-01,CC200,3000,640000,Opex,4456.97
2024-12-01,CC200,3000,640000,Opex,4297.67
2024-01-01,CC200,3000,660000,Opex,4114.14
2024-02-01,CC200,3000,660000,Opex,4195.32
2024-03-01,CC200,3000,660000,Opex,4504.91
2024-04-01,CC200,3000,660000,Opex,4551.97
2024-05-01,CC200,3000,660000,Opex,4365.17
2024-06-01,CC200,3000,660000,Opex,4373.87
2024-07-01,CC200,3000,660000,Opex,4408.45
2024-08-01,CC200,3000,660000,Opex,4401.47
2024-09-01,CC200,3000,660000,Opex,4379.01
2024-10-01,CC200,3000,660000,Opex,4900.36
2024-11-01,CC200,3000,660000,Opex,4599.41
2024-12-01,CC200,3000,660000,Opex,4548.5
2024-01-01,CC300,1000,600000,Opex,91241.85
2024-02-01,CC300,1000,600000,Opex,85211.55
2024-03-01,CC300,1000,600000,Opex,87058.49
2024-04-01,CC300,1000,600000,Opex,86310.29
2024-05-01,CC300,1000,600000,Opex,84861.19
2024-06-01,CC300,1000,600000,Opex,85951.93
2024-07-01,CC300,1000,600000,Opex,86487.04
2024-08-01,CC300,1000,600000,Opex,87071.85
2024-09-01,CC300,1000,600000,Opex,87810.71
2024-10-01,CC300,1000,600000,Opex,86978.91
2024-11-01,CC300,1000,600000,Opex,90130.61
2024-12-01,CC300,1000,600000,Opex,88644.38
2024-01-01,CC300,1000,600100,Opex,17770.45
2024-02-01,CC300,1000,600100,Opex,17898.23
2024-03-01,CC300,1000,600100,Opex,18287.25
2024-04-01,CC300,1000,600100,Opex,18070.92
2024-05-01,CC300,1000,600100,Opex,17285.06
2024-06-01,CC300,1000,600100,Opex,17476.66
2024-07-01,CC300,1000,600100,Opex,17940.69
2024-08-01,CC300,1000,600100,Opex,18022.07
2024-09-01,CC300,1000,600100,Opex,17326.55
2024-10-01,CC300,1000,600100,Opex,18464.13
2024-11-01,CC300,1000,600100,Opex,18443.35
2024-12-01,CC300,1000,600100,Opex,17900.04
2024-01-01,CC300,1000,600200,Opex,6830.21
2024-02-01,CC300,1000,600200,Opex,6654.83
2024-03-01,CC300,1000,600200,Opex,6753.81
2024-04-01,CC300,1000,600200,Opex,6789.8
2024-05-01,CC300,1000,600200,Opex,6886.96
2024-06-01,CC300,1000,600200,Opex,6602.64
2024-07-01,CC300,1000,600200,Opex,6726.43
2024-08-01,CC300,1000,600200,Opex,6686.87
2024-09-01,CC300,1000,600200,Opex,6779.22
2024-10-01,CC300,1000,600200,Opex,6760.24
2024-11-01,CC300,1000,600200,Opex,6704.35
2024-12-01,CC300,1000,600200,Opex,6829.74
2024-01-01,CC300,1000,630000,Opex,4435.59
2024-02-01,CC300,1000,630000,Opex,5102.41
2024-03-01,CC300,1000,630000,Opex,4726.68
2024-04-01,CC300,1000,630000,Opex,4235.58
2024-05-01,CC300,1000,630000,Opex,4008.3
2024-06-01,CC300,1000,630000,Opex,4474.87
2024-07-01,CC300,1000,630000,Opex,4665.24
2024-08-01,CC300,1000,630000,Opex,4700.16
2024-09-01,CC300,1000,630000,Opex,4281.19
2024-10-01,CC300,1000,630000,Opex,4718.89
2024-11-01,CC300,1000,630000,Opex,4310.66
2024-12-01,CC300,1000,630000,Opex,4462.49
2024-01-01,CC300,1000,640000,Opex,3929.53
2024-02-01,CC300,1000,640000,Opex,3909.11
2024-03-01,CC300,1000,640000,Opex,3504.07
2024-04-01,CC300,1000,640000,Opex,3135.91
2024-05-01,CC300,1000,640000,Opex,2618.46
2024-06-01,CC300,1000,640000,Opex,3087.22
2024-07-01,CC300,1000,640000,Opex,3751.61
2024-08-01,CC300,1000,640000,Opex,3607.08
2024-09-01,CC300,1000,640000,Opex,2830.78
2024-10-01,CC300,1000,640000,Opex,3089.85
2024-11-01,CC300,1000,640000,Opex,3692.12
2024-12-01,CC300,1000,640000,Opex,3201.3
2024-01-01,CC300,1000,650000,Opex,15518.12
2024-02-01,CC300,1000,650000,Opex,14058.28
2024-03-01,CC300,1000,650000,Opex,17535.52
2024-04-01,CC300,1000,650000,Opex,17246.58
2024-05-01,CC300,1000,650000,Opex,15272.11
2024-06-01,CC300,1000,650000,Opex,14676.88
2024-07-01,CC300,1000,650000,Opex,16767.36
2024-08-01,CC300,1000,650000,Opex,19501.2
2024-09-01,CC300,1000,650000,Opex,16590.67
2024-10-01,CC300,1000,650000,Opex,18316.99
2024-11-01,CC300,1000,650000,Opex,18935.33
2024-12-01,CC300,1000,650000,Opex,17250.85
2024-01-01,CC300,1000,660000,Opex,3233.72
2024-02-01,CC300,1000,660000,Opex,3212.43
2024-03-01,CC300,1000,660000,Opex,3461.7
2024-04-01,CC300,1000,660000,Opex,3357.39
2024-05-01,CC300,1000,660000,Opex,3230.45
2024-06-01,CC300,1000,660000,Opex,3383.85
2024-07-01,CC300,1000,660000,Opex,3511.62
2024-08-01,CC300,1000,660000,Opex,3471.52
2024-09-01,CC300,1000,660000,Opex,3454.33
2024-10-01,CC300,1000,660000,Opex,3266.93
2024-11-01,CC300,1000,660000,Opex,3478.82
2024-12-01,CC300,1000,660000,Opex,3452.73
2024-01-01,CC300,2000,600000,Opex,49296.22
2024-02-01,CC300,2000,600000,Opex,46482.76
2024-03-01,CC300,2000,600000,Opex,49063.76
2024-04-01,CC300,2000,600000,Opex,49027.59
2024-05-01,CC300,2000,600000,Opex,45924.13
2024-06-01,CC300,2000,600000,Opex,45809.9
2024-07-01,CC300,2000,600000,Opex,45982.61
2024-08-01,CC300,2000,600000,Opex,48613.57
2024-09-01,CC300,2000,600000,Opex,47100.38
2024-10-01,CC300,2000,600000,Opex,48699.31
2024-11-01,CC300,2000,600000,Opex,49583.42
2024-12-01,CC300,2000,600000,Opex,49221.21
2024-01-01,CC300,2000,600100,Opex,9896.44
2024-02-01,CC300,2000,600100,Opex,9664.38
2024-03-01,CC300,2000,600100,Opex,9842.28
2024-04-01,CC300,2000,600100,Opex,9933.3
2024-05-01,CC300,2000,600100,Opex,9994.17
2024-06-01,CC300,2000,600100,Opex,9762.89
2024-07-01,CC300,2000,600100,Opex,9224.49
2024-08-01,CC300,2000,600100,Opex,9778.62
2024-09-01,CC300,2000,600100,Opex,9537.15
2024-10-01,CC300,2000,600100,Opex,9722.45
2024-11-01,CC300,2000,600100,Opex,9766.45
2024-12-01,CC300,2000,600100,Opex,9789.94
2024-01-01,CC300,2000,600200,Opex,3618.2
2024-02-01,CC300,2000,600200,Opex,3627.65
2024-03-01,CC300,2000,600200,Opex,3728.54
2024-04-01,CC300,2000,600200,Opex,3657.61
2024-05-01,CC300,2000,600200,Opex,3701.93
2024-06-01,CC300,2000,600200,Opex,3697.65
2024-07-01,CC300,2000,600200,Opex,3713.51
2024-08-01,CC300,2000,600200,Opex,3558.98
2024-09-01,CC300,2000,600200,Opex,3451.75
2024-10-01,CC300,2000,600200,Opex,3640.86
2024-11-01,CC300,2000,600200,Opex,3653.16
2024-12-01,CC300,2000,600200,Opex,3858.98
2024-01-01,CC300,2000,630000,Opex,2676.84
2024-02-01,CC300,2000,630000,Opex,2885.29
2024-03-01,CC300,2000,630000,Opex,2803.9
2024-04-01,CC300,2000,630000,Opex,1756.84
2024-05-01,CC300,2000,630000,Opex,2963.98
2024-06-01,CC300,2000,630000,Opex,2515.37
2024-07-01,CC300,2000,630000,Opex,2375.63
2024-08-01,CC300,2000,630000,Opex,2277.18
2024-09-01,CC300,2000,630000,Opex,2874.1
2024-10-01,CC300,2000,630000,Opex,2550.65
2024-11-01,CC300,2000,630000,Opex,2378.22
2024-12-01,CC300,2000,630000,Opex,2506.77
2024-01-01,CC300,2000,640000,Opex,1943.46
2024-02-01,CC300,2000,640000,Opex,1769.89
2024-03-01,CC300,2000,640000,Opex,1713.87
2024-04-01,CC300,2000,640000,Opex,2054.11
2024-05-01,CC300,2000,640000,Opex,1992.44
2024-06-01,CC300,2000,640000,Opex,2041.76
2024-07-01,CC300,2000,640000,Opex,1609.41
2024-08-01,CC300,2000,640000,Opex,1730.3
2024-09-01,CC300,2000,640000,Opex,2135.24
2024-10-01,CC300,2000,640000,Opex,2213.78
2024-11-01,CC300,2000,640000,Opex,1986.57
2024-12-01,CC300,2000,640000,Opex,2009.44
2024-01-01,CC300,2000,650000,Opex,9726.97
2024-02-01,CC300,2000,650000,Opex,9602.12
2024-03-01,CC300,2000,650000,Opex,9108.54
2024-04-01,CC300,2000,650000,Opex,9923.22
2024-05-01,CC300,2000,650000,Opex,8447.35
2024-06-01,CC300,2000,650000,Opex,7279.73
2024-07-01,CC300,2000,650000,Opex,7867.76
2024-08-01,CC300,2000,650000,Opex,9499.47
2024-09-01,CC300,2000,650000,Opex,9130.11
2024-10-01,CC300,2000,650000,Opex,8299.78
2024-11-01,CC300,2000,650000,Opex,9179.29
2024-12-01,CC300,2000,650000,Opex,9290.18
2024-01-01,CC300,2000,660000,Opex,1686.03
2024-02-01,CC300,2000,660000,Opex,1729.85
2024-03-01,CC300,2000,660000,Opex,2003.73
2024-04-01,CC300,2000,660000,Opex,1682.2
2024-05-01,CC300,2000,660000,Opex,1784.86
2024-06-01,CC300,2000,660000,Opex,1708.52
2024-07-01,CC300,2000,660000,Opex,1658.47
2024-08-01,CC300,2000,660000,Opex,1880.43
2024-09-01,CC300,2000,660000,Opex,1789.22
2024-10-01,CC300,2000,660000,Opex,1737.29
2024-11-01,CC300,2000,660000,Opex,1690.77
2024-12-01,CC300,2000,660000,Opex,1898.42
2024-01-01,CC300,3000,600000,Opex,23028.76
2024-02-01,CC300,3000,600000,Opex,22776.84
2024-03-01,CC300,3000,600000,Opex,23458.54
2024-04-01,CC300,3000,600000,Opex,23361.22
2024-05-01,CC300,3000,600000,Opex,22407.17
2024-06-01,CC300,3000,600000,Opex,24431.42
2024-07-01,CC300,3000,600000,Opex,23951.6
2024-08-01,CC300,3000,600000,Opex,24337.57
2024-09-01,CC300,3000,600000,Opex,23517.1
2024-10-01,CC300,3000,600000,Opex,23869.75
2024-11-01,CC300,3000,600000,Opex,23408.68
2024-12-01,CC300,3000,600000,Opex,24423.88
2024-01-01,CC300,3000,600100,Opex,4769.83
2024-02-01,CC300,3000,600100,Opex,4734.48
2024-03-01,CC300,3000,600100,Opex,4678.07
2024-04-01,CC300,3000,600100,Opex,4718.95
2024-05-01,CC300,3000,600100,Opex,5059.88
2024-06-01,CC300,3000,600100,Opex,4889.99
2024-07-01,CC300,3000,600100,Opex,4934.31
2024-08-01,CC300,3000,600100,Opex,4873.74
2024-09-01,CC300,3000,600100,Opex,4928.6
2024-10-01,CC300,3000,600100,Opex,5032.22
2024-11-01,CC300,3000,600100,Opex,4800.39
2024-12-01,CC300,3000,600100,Opex,4944.54
2024-01-01,CC300,3000,600200,Opex,1794.91
2024-02-01,CC300,3000,600200,Opex,1800.57
2024-03-01,CC300,3000,600200,Opex,1810.58
2024-04-01,CC300,3000,600200,Opex,1763.27
2024-05-01,CC300,3000,600200,Opex,1763.9
2024-06-01,CC300,3000,600200,Opex,1792.86
2024-07-01,CC300,3000,600200,Opex,1801.67
2024-08-01,CC300,3000,600200,Opex,1838.16
2024-09-01,CC300,3000,600200,Opex,1794.5
2024-10-01,CC300,3000,600200,Opex,1832.32
2024-11-01,CC300,3000,600200,Opex,1874.4
2024-12-01,CC300,3000,600200,Opex,1821.03
2024-01-01,CC300,3000,630000,Opex,1219.68
2024-02-01,CC300,3000,630000,Opex,1139.0
2024-03-01,CC300,3000,630000,Opex,1305.18
2024-04-01,CC300,3000,630000,Opex,1150.31
2024-05-01,CC300,3000,630000,Opex,1333.23
2024-06-01,CC300,3000,630000,Opex,1280.02
2024-07-01,CC300,3000,630000,Opex,1148.75
2024-08-01,CC300,3000,630000,Opex,1247.24
2024-09-01,CC300,3000,630000,Opex,1314.22
2024-10-01,CC300,3000,630000,Opex,1093.51
2024-11-01,CC300,3000,630000,Opex,1213.47
2024-12-01,CC300,3000,630000,Opex,1088.51
2024-01-01,CC300,3000,640000,Opex,778.77
2024-02-01,CC300,3000,640000,Opex,921.05
2024-03-01,CC300,3000,640000,Opex,844.04
2024-04-01,CC300,3000,640000,Opex,936.44
2024-05-01,CC300,3000,640000,Opex,1128.49
2024-06-01,CC300,3000,640000,Opex,916.16
2024-07-01,CC300,3000,640000,Opex,947.05
2024-08-01,CC300,3000,640000,Opex,1151.08
2024-09-01,CC300,3000,640000,Opex,1027.86
2024-10-01,CC300,3000,640000,Opex,956.93
2024-11-01,CC300,3000,640000,Opex,904.19
2024-12-01,CC300,3000,640000,Opex,931.81
2024-01-01,CC300,3000,650000,Opex,4772.88
2024-02-01,CC300,3000,650000,Opex,5312.77
2024-03-01,CC300,3000,650000,Opex,4207.4
2024-04-01,CC300,3000,650000,Opex,5050.67
2024-05-01,CC300,3000,650000,Opex,3789.49
2024-06-01,CC300,3000,650000,Opex,4520.92
2024-07-01,CC300,3000,650000,Opex,3376.06
2024-08-01,CC300,3000,650000,Opex,5344.62
2024-09-01,CC300,3000,650000,Opex,4715.8
2024-10-01,CC300,3000,650000,Opex,4795.67
2024-11-01,CC300,3000,650000,Opex,5385.21
2024-12-01,CC300,3000,650000,Opex,4775.65
2024-01-01,CC300,3000,660000,Opex,915.88
2024-02-01,CC300,3000,660000,Opex,900.14
2024-03-01,CC300,3000,660000,Opex,882.83
2024-04-01,CC300,3000,660000,Opex,902.95
2024-05-01,CC300,3000,660000,Opex,969.95
2024-06-01,CC300,3000,660000,Opex,933.75
2024-07-01,CC300,3000,660000,Opex,843.96
2024-08-01,CC300,3000,660000,Opex,939.27
2024-09-01,CC300,3000,660000,Opex,910.95
2024-10-01,CC300,3000,660000,Opex,909.03
2024-11-01,CC300,3000,660000,Opex,922.94
2024-12-01,CC300,3000,660000,Opex,920.27
2024-01-01,CC400,1000,600000,Opex,114327.53
2024-02-01,CC400,1000,600000,Opex,118299.92
2024-03-01,CC400,1000,600000,Opex,112197.84
2024-04-01,CC400,1000,600000,Opex,118781.55
2024-05-01,CC400,1000,600000,Opex,120851.19
2024-06-01,CC400,1000,600000,Opex,118346.99
2024-07-01,CC400,1000,600000,Opex,122080.39
2024-08-01,CC400,1000,600000,Opex,119147.9
2024-09-01,CC400,1000,600000,Opex,124856.0
2024-10-01,CC400,1000,600000,Opex,129752.28
2024-11-01,CC400,1000,600000,Opex,131313.04
2024-12-01,CC400,1000,600000,Opex,130474.24
2024-01-01,CC400,1000,600100,Opex,23428.26
2024-02-01,CC400,1000,600100,Opex,24901.2
2024-03-01,CC400,1000,600100,Opex,23702.48
2024-04-01,CC400,1000,600100,Opex,24172.26
2024-05-01,CC400,1000,600100,Opex,24805.11
2024-06-01,CC400,1000,600100,Opex,24815.47
2024-07-01,CC400,1000,600100,Opex,24942.99
2024-08-01,CC400,1000,600100,Opex,25714.38
2024-09-01,CC400,1000,600100,Opex,25264.67
2024-10-01,CC400,1000,600100,Opex,26721.12
2024-11-01,CC400,1000,600100,Opex,25836.06
2024-12-01,CC400,1000,600100,Opex,26806.72
2024-01-01,CC400,1000,600200,Opex,8876.13
2024-02-01,CC400,1000,600200,Opex,8794.36
2024-03-01,CC400,1000,600200,Opex,8534.74
2024-04-01,CC400,1000,600200,Opex,8818.45
2024-05-01,CC400,1000,600200,Opex,9349.47
2024-06-01,CC400,1000,600200,Opex,9012.16
2024-07-01,CC400,1000,600200,Opex,9464.89
2024-08-01,CC400,1000,600200,Opex,9572.18
2024-09-01,CC400,1000,600200,Opex,9484.11
2024-10-01,CC400,1000,600200,Opex,10294.91
2024-11-01,CC400,1000,600200,Opex,9918.67
2024-12-01,CC400,1000,600200,Opex,9699.11
2024-01-01,CC400,1000,620000,Opex,3029.09
2024-02-01,CC400,1000,620000,Opex,3272.28
2024-03-01,CC400,1000,620000,Opex,3217.21
2024-04-01,CC400,1000,620000,Opex,2867.94
2024-05-01,CC400,1000,620000,Opex,3150.36
2024-06-01,CC400,1000,620000,Opex,2812.03
2024-07-01,CC400,1000,620000,Opex,2815.35
2024-08-01,CC400,1000,620000,Opex,3379.75
2024-09-01,CC400,1000,620000,Opex,3332.63
2024-10-01,CC400,1000,620000,Opex,3368.96
2024-11-01,CC400,1000,620000,Opex,3455.42
2024-12-01,CC400,1000,620000,Opex,3390.67
2024-01-01,CC400,1000,630000,Opex,7844.05
2024-02-01,CC400,1000,630000,Opex,7044.73
2024-03-01,CC400,1000,630000,Opex,6290.73
2024-04-01,CC400,1000,630000,Opex,8293.66
2024-05-01,CC400,1000,630000,Opex,8241.84
2024-06-01,CC400,1000,630000,Opex,7642.69
2024-07-01,CC400,1000,630000,Opex,7890.31
2024-08-01,CC400,1000,630000,Opex,8937.5
2024-09-01,CC400,1000,630000,Opex,7854.32
2024-10-01,CC400,1000,630000,Opex,8629.44
2024-11-01,CC400,1000,630000,Opex,9028.57
2024-12-01,CC400,1000,630000,Opex,7937.83
2024-01-01,CC400,1000,640000,Opex,4313.68
2024-02-01,CC400,1000,640000,Opex,4747.42
2024-03-01,CC400,1000,640000,Opex,4837.2
2024-04-01,CC400,1000,640000,Opex,3820.94
2024-05-01,CC400,1000,640000,Opex,4644.17
2024-06-01,CC400,1000,640000,Opex,4296.12
2024-07-01,CC400,1000,640000,Opex,5238.03
2024-08-01,CC400,1000,640000,Opex,4684.12
2024-09-01,CC400,1000,640000,Opex,5262.31
2024-10-01,CC400,1000,640000,Opex,4989.12
2024-11-01,CC400,1000,640000,Opex,5029.38
2024-12-01,CC400,1000,640000,Opex,5119.77
2024-01-01,CC400,2000,600000,Opex,59493.09
2024-02-01,CC400,2000,600000,Opex,65577.89
2024-03-01,CC400,2000,600000,Opex,63928.37
2024-04-01,CC400,2000,600000,Opex,63769.52
2024-05-01,CC400,2000,600000,Opex,65173.46
2024-06-01,CC400,2000,600000,Opex,67830.11
2024-07-01,CC400,2000,600000,Opex,66135.64
2024-08-01,CC400,2000,600000,Opex,65642.31
2024-09-01,CC400,2000,600000,Opex,67141.42
2024-10-01,CC400,2000,600000,Opex,68700.07
2024-11-01,CC400,2000,600000,Opex,71547.96
2024-12-01,CC400,2000,600000,Opex,69640.7
2024-01-01,CC400,2000,600100,Opex,12731.51
2024-02-01,CC400,2000,600100,Opex,13124.24
2024-03-01,CC400,2000,600100,Opex,12751.4
2024-04-01,CC400,2000,600100,Opex,13589.91
2024-05-01,CC400,2000,600100,Opex,13183.82
2024-06-01,CC400,2000,600100,Opex,13874.55
2024-07-01,CC400,2000,600100,Opex,13602.0
2024-08-01,CC400,2000,600100,Opex,13745.36
2024-09-01,CC400,2000,600100,Opex,14415.32
2024-10-01,CC400,2000,600100,Opex,14288.65
2024-11-01,CC400,2000,600100,Opex,13610.53
2024-12-01,CC400,2000,600100,Opex,14954.25
2024-01-01,CC400,2000,600200,Opex,4753.3
2024-02-01,CC400,2000,600200,Opex,4829.82
2024-03-01,CC400,2000,600200,Opex,4871.42
2024-04-01,CC400,2000,600200,Opex,5031.84
2024-05-01,CC400,2000,600200,Opex,4991.45
2024-06-01,CC400,2000,600200,Opex,5153.85
2024-07-01,CC400,2000,600200,Opex,5008.28
2024-08-01,CC400,2000,600200,Opex,5088.11
2024-09-01,CC400,2000,600200,Opex,5220.58
2024-10-01,CC400,2000,600200,Opex,5290.77
2024-11-01,CC400,2000,600200,Opex,5468.82
2024-12-01,CC400,2000,600200,Opex,5374.64
2024-01-01,CC400,2000,620000,Opex,1376.43
2024-02-01,CC400,2000,620000,Opex,1801.38
2024-03-01,CC400,2000,620000,Opex,1437.09
2024-04-01,CC400,2000,620000,Opex,1591.64
2024-05-01,CC400,2000,620000,Opex,1656.76
2024-06-01,CC400,2000,620000,Opex,1643.57
2024-07-01,CC400,2000,620000,Opex,1550.66
2024-08-01,CC400,2000,620000,Opex,1826.94
2024-09-01,CC400,2000,620000,Opex,1618.94
2024-10-01,CC400,2000,620000,Opex,2007.83
2024-11-01,CC400,2000,620000,Opex,1469.31
2024-12-01,CC400,2000,620000,Opex,1901.02
2024-01-01,CC400,2000,630000,Opex,4051.83
2024-02-01,CC400,2000,630000,Opex,4293.44
2024-03-01,CC400,2000,630000,Opex,4061.93
2024-04-01,CC400,2000,630000,Opex,3979.34
2024-05-01,CC400,2000,630000,Opex,3474.85
2024-06-01,CC400,2000,630000,Opex,3779.69
2024-07-01,CC400,2000,630000,Opex,4064.42
2024-08-01,CC400,2000,630000,Opex,4063.05
2024-09-01,CC400,2000,630000,Opex,4364.85
2024-10-01,CC400,2000,630000,Opex,4509.89
2024-11-01,CC400,2000,630000,Opex,4202.29
2024-12-01,CC400,2000,630000,Opex,4999.69
2024-01-01,CC400,2000,640000,Opex,2110.95
2024-02-01,CC400,2000,640000,Opex,2631.97
2024-03-01,CC400,2000,640000,Opex,2804.57
2024-04-01,CC400,2000,640000,Opex,2394.29
2024-05-01,CC400,2000,640000,Opex,2261.7
2024-06-01,CC400,2000,640000,Opex,2854.75
2024-07-01,CC400,2000,640000,Opex,2507.64
2024-08-01,CC400,2000,640000,Opex,3020.26
2024-09-01,CC400,2000,640000,Opex,1988.27
2024-10-01,CC400,2000,640000,Opex,2393.25
2024-11-01,CC400,2000,640000,Opex,2835.74
2024-12-01,CC400,2000,640000,Opex,2557.97
2024-01-01,CC400,3000,600000,Opex,31019.06
2024-02-01,CC400,3000,600000,Opex,31547.52
2024-03-01,CC400,3000,600000,Opex,32648.8
2024-04-01,CC400,3000,600000,Opex,33495.89
2024-05-01,CC400,3000,600000,Opex,31522.99
2024-06-01,CC400,3000,600000,Opex,33190.65
2024-07-01,CC400,3000,600000,Opex,34308.64
2024-08-01,CC400,3000,600000,Opex,34309.5
2024-09-01,CC400,3000,600000,Opex,34722.03
2024-10-01,CC400,3000,600000,Opex,35789.76
2024-11-01,CC400,3000,600000,Opex,36035.35
2024-12-01,CC400,3000,600000,Opex,37226.96
2024-01-01,CC400,3000,600100,Opex,6226.7
2024-02-01,CC400,3000,600100,Opex,6542.96
2024-03-01,CC400,3000,600100,Opex,6552.61
2024-04-01,CC400,3000,600100,Opex,6647.34
2024-05-01,CC400,3000,600100,Opex,6635.99
2024-06-01,CC400,3000,600100,Opex,7104.02
2024-07-01,CC400,3000,600100,Opex,6618.01
2024-08-01,CC400,3000,600100,Opex,6815.71
2024-09-01,CC400,3000,600100,Opex,7101.86
2024-10-01,CC400,3000,600100,Opex,7366.93
2024-11-01,CC400,3000,600100,Opex,7174.44
2024-12-01,CC400,3000,600100,Opex,7198.41
2024-01-01,CC400,3000,600200,Opex,2368.72
2024-02-01,CC400,3000,600200,Opex,2458.54
2024-03-01,CC400,3000,600200,Opex,2469.46
2024-04-01,CC400,3000,600200,Opex,2495.13
2024-05-01,CC400,3000,600200,Opex,2548.6
2024-06-01,CC400,3000,600200,Opex,2565.94
2024-07-01,CC400,3000,600200,Opex,2469.43
2024-08-01,CC400,3000,600200,Opex,2641.81
2024-09-01,CC400,3000,600200,Opex,2609.75
2024-10-01,CC400,3000,600200,Opex,2685.34
2024-11-01,CC400,3000,600200,Opex,2749.25
2024-12-01,CC400,3000,600200,Opex,2816.26
2024-01-01,CC400,3000,620000,Opex,781.28
2024-02-01,CC400,3000,620000,Opex,852.73
2024-03-01,CC400,3000,620000,Opex,654.74
2024-04-01,CC400,3000,620000,Opex,844.31
2024-05-01,CC400,3000,620000,Opex,696.72
2024-06-01,CC400,3000,620000,Opex,822.4
2024-07-01,CC400,3000,620000,Opex,832.78
2024-08-01,CC400,3000,620000,Opex,819.62
2024-09-01,CC400,3000,620000,Opex,919.98
2024-10-01,CC400,3000,620000,Opex,842.69
2024-11-01,CC400,3000,620000,Opex,1017.53
2024-12-01,CC400,3000,620000,Opex,859.99
2024-01-01,CC400,3000,630000,Opex,1952.9
2024-02-01,CC400,3000,630000,Opex,2278.67
2024-03-01,CC400,3000,630000,Opex,2099.64
2024-04-01,CC400,3000,630000,Opex,2273.95
2024-05-01,CC400,3000,630000,Opex,2256.06
2024-06-01,CC400,3000,630000,Opex,2162.34
2024-07-01,CC400,3000,630000,Opex,2439.32
2024-08-01,CC400,3000,630000,Opex,2443.22
2024-09-01,CC400,3000,630000,Opex,2201.76
2024-10-01,CC400,3000,630000,Opex,1767.13
2024-11-01,CC400,3000,630000,Opex,2610.67
2024-12-01,CC400,3000,630000,Opex,2535.1
2024-01-01,CC400,3000,640000,Opex,1278.06
2024-02-01,CC400,3000,640000,Opex,1181.11
2024-03-01,CC400,3000,640000,Opex,1203.57
2024-04-01,CC400,3000,640000,Opex,1204.88
2024-05-01,CC400,3000,640000,Opex,1117.09
2024-06-01,CC400,3000,640000,Opex,1289.95
2024-07-01,CC400,3000,640000,Opex,1190.51
2024-08-01,CC400,3000,640000,Opex,1291.71
2024-09-01,CC400,3000,640000,Opex,1107.21
2024-10-01,CC400,3000,640000,Opex,1520.4
2024-11-01,CC400,3000,640000,Opex,1570.13
2024-12-01,CC400,3000,640000,Opex,1575.25
2024-01-01,CC500,1000,500000,Opex,320492.01
2024-02-01,CC500,1000,500000,Opex,357255.34
2024-03-01,CC500,1000,500000,Opex,412593.87
2024-04-01,CC500,1000,500000,Opex,376040.69
2024-05-01,CC500,1000,500000,Opex,375304.28
2024-06-01,CC500,1000,500000,Opex,328532.35
2024-07-01,CC500,1000,500000,Opex,386316.61
2024-08-01,CC500,1000,500000,Opex,362603.43
2024-09-01,CC500,1000,500000,Opex,378683.0
2024-10-01,CC500,1000,500000,Opex,404535.82
2024-11-01,CC500,1000,500000,Opex,364814.39
2024-12-01,CC500,1000,500000,Opex,374236.39
2024-01-01,CC500,1000,500100,Opex,139153.29
2024-02-01,CC500,1000,500100,Opex,141857.15
2024-03-01,CC500,1000,500100,Opex,159486.95
2024-04-01,CC500,1000,500100,Opex,151009.55
2024-05-01,CC500,1000,500100,Opex,137695.42
2024-06-01,CC500,1000,500100,Opex,132467.7
2024-07-01,CC500,1000,500100,Opex,147487.63
2024-08-01,CC500,1000,500100,Opex,163903.45
2024-09-01,CC500,1000,500100,Opex,136275.89
2024-10-01,CC500,1000,500100,Opex,168672.42
2024-11-01,CC500,1000,500100,Opex,146776.57
2024-12-01,CC500,1000,500100,Opex,175751.85
2024-01-01,CC500,1000,600000,Opex,73897.6
2024-02-01,CC500,1000,600000,Opex,77011.32
2024-03-01,CC500,1000,600000,Opex,76875.52
2024-04-01,CC500,1000,600000,Opex,77812.39
2024-05-01,CC500,1000,600000,Opex,80770.17
2024-06-01,CC500,1000,600000,Opex,79219.05
2024-07-01,CC500,1000,600000,Opex,82304.37
2024-08-01,CC500,1000,600000,Opex,81822.13
2024-09-01,CC500,1000,600000,Opex,81117.97
2024-10-01,CC500,1000,600000,Opex,83124.82
2024-11-01,CC500,1000,600000,Opex,84589.65
2024-12-01,CC500,1000,600000,Opex,84113.89
2024-01-01,CC500,1000,600100,Opex,15346.0
2024-02-01,CC500,1000,600100,Opex,16131.05
2024-03-01,CC500,1000,600100,Opex,15667.13
2024-04-01,CC500,1000,600100,Opex,16001.5
2024-05-01,CC500,1000,600100,Opex,15942.7
2024-06-01,CC500,1000,600100,Opex,16530.61
2024-07-01,CC500,1000,600100,Opex,16338.64
2024-08-01,CC500,1000,600100,Opex,16515.7
2024-09-01,CC500,1000,600100,Opex,17084.68
2024-10-01,CC500,1000,600100,Opex,16718.11
2024-11-01,CC500,1000,600100,Opex,17123.74
2024-12-01,CC500,1000,600100,Opex,17440.97
2024-01-01,CC500,1000,600200,Opex,5690.6
2024-02-01,CC500,1000,600200,Opex,5810.1
2024-03-01,CC500,1000,600200,Opex,5961.57
2024-04-01,CC500,1000,600200,Opex,6004.69
2024-05-01,CC500,1000,600200,Opex,6070.95
2024-06-01,CC500,1000,600200,Opex,6229.37
2024-07-01,CC500,1000,600200,Opex,6428.62
2024-08-01,CC500,1000,600200,Opex,6373.74
2024-09-01,CC500,1000,600200,Opex,6148.37
2024-10-01,CC500,1000,600200,Opex,6332.56
2024-11-01,CC500,1000,600200,Opex,6206.3
2024-12-01,CC500,1000,600200,Opex,6536.67
2024-01-01,CC500,2000,500000,Opex,166405.08
2024-02-01,CC500,2000,500000,Opex,188412.18
2024-03-01,CC500,2000,500000,Opex,210133.59
2024-04-01,CC500,2000,500000,Opex,154269.98
2024-05-01,CC500,2000,500000,Opex,199419.26
2024-06-01,CC500,2000,500000,Opex,151987.12
2024-07-01,CC500,2000,500000,Opex,204485.51
2024-08-01,CC500,2000,500000,Opex,191579.74
2024-09-01,CC500,2000,500000,Opex,222686.2
2024-10-01,CC500,2000,500000,Opex,185503.44
2024-11-01,CC500,2000,500000,Opex,216114.62
2024-12-01,CC500,2000,500000,Opex,171156.61
2024-01-01,CC500,2000,500100,Opex,76859.68
2024-02-01,CC500,2000,500100,Opex,69445.02
2024-03-01,CC500,2000,500100,Opex,82926.6
2024-04-01,CC500,2000,500100,Opex,90197.3
2024-05-01,CC500,2000,500100,Opex,69624.35
2024-06-01,CC500,2000,500100,Opex,86233.59
2024-07-01,CC500,2000,500100,Opex,96166.48
2024-08-01,CC500,2000,500100,Opex,100013.78
2024-09-01,CC500,2000,500100,Opex,79201.34
2024-10-01,CC500,2000,500100,Opex,101727.38
2024-11-01,CC500,2000,500100,Opex,88162.37
2024-12-01,CC500,2000,500100,Opex,97063.59
2024-01-01,CC500,2000,600000,Opex,40909.08
2024-02-01,CC500,2000,600000,Opex,41818.94
2024-03-01,CC500,2000,600000,Opex,42376.53
2024-04-01,CC500,2000,600000,Opex,43595.11
2024-05-01,CC500,2000,600000,Opex,43155.63
2024-06-01,CC500,2000,600000,Opex,41579.03
2024-07-01,CC500,2000,600000,Opex,46155.86
2024-08-01,CC500,2000,600000,Opex,43561.19
2024-09-01,CC500,2000,600000,Opex,44864.61
2024-10-01,CC500,2000,600000,Opex,45323.94
2024-11-01,CC500,2000,600000,Opex,47627.28
2024-12-01,CC500,2000,600000,Opex,46475.28
2024-01-01,CC500,2000,600100,Opex,8274.49
2024-02-01,CC500,2000,600100,Opex,8792.53
2024-03-01,CC500,2000,600100,Opex,8893.76
2024-04-01,CC500,2000,600100,Opex,8799.21
2024-05-01,CC500,2000,600100,Opex,8598.13
2024-06-01,CC500,2000,600100,Opex,8944.15
2024-07-01,CC500,2000,600100,Opex,8966.3
2024-08-01,CC500,2000,600100,Opex,9017.51
2024-09-01,CC500,2000,600100,Opex,9111.44
2024-10-01,CC500,2000,600100,Opex,9273.32
2024-11-01,CC500,2000,600100,Opex,9330.22
2024-12-01,CC500,2000,600100,Opex,9056.28
2024-01-01,CC500,2000,600200,Opex,3211.61
2024-02-01,CC500,2000,600200,Opex,3227.28
2024-03-01,CC500,2000,600200,Opex,3389.68
2024-04-01,CC500,2000,600200,Opex,3310.24
2024-05-01,CC500,2000,600200,Opex,3272.85
2024-06-01,CC500,2000,600200,Opex,3247.05
2024-07-01,CC500,2000,600200,Opex,3454.11
2024-08-01,CC500,2000,600200,Opex,3460.7
2024-09-01,CC500,2000,600200,Opex,3308.77
2024-10-01,CC500,2000,600200,Opex,3475.74
2024-11-01,CC500,2000,600200,Opex,3519.83
2024-12-01,CC500,2000,600200,Opex,3610.98
2024-01-01,CC500,3000,500000,Opex,100805.93
2024-02-01,CC500,3000,500000,Opex,88770.99
2024-03-01,CC500,3000,500000,Opex,104783.65
2024-04-01,CC500,3000,500000,Opex,116528.37
2024-05-01,CC500,3000,500000,Opex,98783.35
2024-06-01,CC500,3000,500000,Opex,97635.21
2024-07-01,CC500,3000,500000,Opex,101530.34
2024-08-01,CC500,3000,500000,Opex,87284.35
2024-09-01,CC500,3000,500000,Opex,91587.96
2024-10-01,CC500,3000,500000,Opex,112376.99
2024-11-01,CC500,3000,500000,Opex,94805.96
2024-12-01,CC500,3000,500000,Opex,91293.31
2024-01-01,CC500,3000,500100,Opex,33343.97
2024-02-01,CC500,3000,500100,Opex,40113.05
2024-03-01,CC500,3000,500100,Opex,43835.54
2024-04-01,CC500,3000,500100,Opex,40736.34
2024-05-01,CC500,3000,500100,Opex,47057.23
2024-06-01,CC500,3000,500100,Opex,41093.6
2024-07-01,CC500,3000,500100,Opex,38780.27
2024-08-01,CC500,3000,500100,Opex,35914.86
2024-09-01,CC500,3000,500100,Opex,43959.6
2024-10-01,CC500,3000,500100,Opex,41899.9
2024-11-01,CC500,3000,500100,Opex,38096.26
2024-12-01,CC500,3000,500100,Opex,43044.24
2024-01-01,CC500,3000,600000,Opex,20184.97
2024-02-01,CC500,3000,600000,Opex,20716.11
2024-03-01,CC500,3000,600000,Opex,21155.79
2024-04-01,CC500,3000,600000,Opex,21631.64
2024-05-01,CC500,3000,600000,Opex,21722.12
2024-06-01,CC500,3000,600000,Opex,22658.18
2024-07-01,CC500,3000,600000,Opex,22307.32
2024-08-01,CC500,3000,600000,Opex,22485.77
2024-09-01,CC500,3000,600000,Opex,22350.7
2024-10-01,CC500,3000,600000,Opex,22624.0
2024-11-01,CC500,3000,600000,Opex,23596.42
2024-12-01,CC500,3000,600000,Opex,23390.08
2024-01-01,CC500,3000,600100,Opex,4298.13
2024-02-01,CC500,3000,600100,Opex,4241.02
2024-03-01,CC500,3000,600100,Opex,4457.93
2024-04-01,CC500,3000,600100,Opex,4494.69
2024-05-01,CC500,3000,600100,Opex,4415.18
2024-06-01,CC500,3000,600100,Opex,4426.56
2024-07-01,CC500,3000,600100,Opex,4440.13
2024-08-01,CC500,3000,600100,Opex,4670.53
2024-09-01,CC500,3000,600100,Opex,4678.97
2024-10-01,CC500,3000,600100,Opex,4784.63
2024-11-01,CC500,3000,600100,Opex,4623.28
2024-12-01,CC500,3000,600100,Opex,4589.85
2024-01-01,CC500,3000,600200,Opex,1572.63
2024-02-01,CC500,3000,600200,Opex,1638.05
2024-03-01,CC500,3000,600200,Opex,1661.68
2024-04-01,CC500,3000,600200,Opex,1556.79
2024-05-01,CC500,3000,600200,Opex,1674.65
2024-06-01,CC500,3000,600200,Opex,1688.0
2024-07-01,CC500,3000,600200,Opex,1638.91
2024-08-01,CC500,3000,600200,Opex,1776.14
2024-09-01,CC500,3000,600200,Opex,1787.75
2024-10-01,CC500,3000,600200,Opex,1804.89
2024-11-01,CC500,3000,600200,Opex,1762.42
2024-12-01,CC500,3000,600200,Opex,1745.12
2025-01-01,PC10,1000,400000,Revenue,969801.84
2025-02-01,PC10,1000,400000,Revenue,974184.61
2025-03-01,PC10,1000,400000,Revenue,982691.01
2025-04-01,PC10,1000,400000,Revenue,1000677.14
2025-05-01,PC10,1000,400000,Revenue,1019191.03
2025-06-01,PC10,1000,400000,Revenue,1036871.31
2025-07-01,PC10,1000,400000,Revenue,1050756.04
2025-08-01,PC10,1000,400000,Revenue,1061074.0
2025-09-01,PC10,1000,400000,Revenue,1089656.47
2025-10-01,PC10,1000,400000,Revenue,1118885.29
2025-11-01,PC10,1000,400000,Revenue,1166501.36
2025-12-01,PC10,1000,400000,Revenue,1189081.07
2025-01-01,PC10,2000,400000,Revenue,528982.82
2025-02-01,PC10,2000,400000,Revenue,531373.42
2025-03-01,PC10,2000,400000,Revenue,536013.27
2025-04-01,PC10,2000,400000,Revenue,545823.89
2025-05-01,PC10,2000,400000,Revenue,555922.38
2025-06-01,PC10,2000,400000,Revenue,565566.17
2025-07-01,PC10,2000,400000,Revenue,573139.66
2025-08-01,PC10,2000,400000,Revenue,578767.64
2025-09-01,PC10,2000,400000,Revenue,594358.08
2025-10-01,PC10,2000,400000,Revenue,610301.07
2025-11-01,PC10,2000,400000,Revenue,636273.47
2025-12-01,PC10,2000,400000,Revenue,648589.68
2025-01-01,PC10,3000,400000,Revenue,264491.42
2025-02-01,PC10,3000,400000,Revenue,265686.72
2025-03-01,PC10,3000,400000,Revenue,268006.64
2025-04-01,PC10,3000,400000,Revenue,272911.95
2025-05-01,PC10,3000,400000,Revenue,277961.19
2025-06-01,PC10,3000,400000,Revenue,282783.08
2025-07-01,PC10,3000,400000,Revenue,286569.83
2025-08-01,PC10,3000,400000,Revenue,289383.82
2025-09-01,PC10,3000,400000,Revenue,297179.04
2025-10-01,PC10,3000,400000,Revenue,305150.53
2025-11-01,PC10,3000,400000,Revenue,318136.73
2025-12-01,PC10,3000,400000,Revenue,324294.84
2025-01-01,PC20,1000,400000,Revenue,688510.48
2025-02-01,PC20,1000,400000,Revenue,712320.11
2025-03-01,PC20,1000,400000,Revenue,729276.61
2025-04-01,PC20,1000,400000,Revenue,740994.28
2025-05-01,PC20,1000,400000,Revenue,750235.67
2025-06-01,PC20,1000,400000,Revenue,769307.71
2025-07-01,PC20,1000,400000,Revenue,784735.77
2025-08-01,PC20,1000,400000,Revenue,789926.76
2025-09-01,PC20,1000,400000,Revenue,807935.81
2025-10-01,PC20,1000,400000,Revenue,830872.79
2025-11-01,PC20,1000,400000,Revenue,845533.92
2025-12-01,PC20,1000,400000,Revenue,859640.32
2025-01-01,PC20,2000,400000,Revenue,375551.17
2025-02-01,PC20,2000,400000,Revenue,388538.24
2025-03-01,PC20,2000,400000,Revenue,397787.25
2025-04-01,PC20,2000,400000,Revenue,404178.69
2025-05-01,PC20,2000,400000,Revenue,409219.46
2025-06-01,PC20,2000,400000,Revenue,419622.39
2025-07-01,PC20,2000,400000,Revenue,428037.7
2025-08-01,PC20,2000,400000,Revenue,430869.14
2025-09-01,PC20,2000,400000,Revenue,440692.26
2025-10-01,PC20,2000,400000,Revenue,453203.33
2025-11-01,PC20,2000,400000,Revenue,461200.32
2025-12-01,PC20,2000,400000,Revenue,468894.72
2025-01-01,PC20,3000,400000,Revenue,187775.58
2025-02-01,PC20,3000,400000,Revenue,194269.13
2025-03-01,PC20,3000,400000,Revenue,198893.62
2025-04-01,PC20,3000,400000,Revenue,202089.35
2025-05-01,PC20,3000,400000,Revenue,204609.73
2025-06-01,PC20,3000,400000,Revenue,209811.19
2025-07-01,PC20,3000,400000,Revenue,214018.85
2025-08-01,PC20,3000,400000,Revenue,215434.57
2025-09-01,PC20,3000,400000,Revenue,220346.13
2025-10-01,PC20,3000,400000,Revenue,226601.67
2025-11-01,PC20,3000,400000,Revenue,230600.16
2025-12-01,PC20,3000,400000,Revenue,234447.36
2025-01-01,PC30,1000,400100,Revenue,169890.55
2025-02-01,PC30,1000,400100,Revenue,154377.64
2025-03-01,PC30,1000,400100,Revenue,195942.87
2025-04-01,PC30,1000,400100,Revenue,208736.37
2025-05-01,PC30,1000,400100,Revenue,174631.73
2025-06-01,PC30,1000,400100,Revenue,272376.38
2025-07-01,PC30,1000,400100,Revenue,160196.75
2025-08-01,PC30,1000,400100,Revenue,171875.49
2025-09-01,PC30,1000,400100,Revenue,318398.85
2025-10-01,PC30,1000,400100,Revenue,216867.92
2025-11-01,PC30,1000,400100,Revenue,241834.5
2025-12-01,PC30,1000,400100,Revenue,251555.33
2025-01-01,PC30,2000,400100,Revenue,92667.58
2025-02-01,PC30,2000,400100,Revenue,84205.98
2025-03-01,PC30,2000,400100,Revenue,106877.92
2025-04-01,PC30,2000,400100,Revenue,113856.2
2025-05-01,PC30,2000,400100,Revenue,95253.66
2025-06-01,PC30,2000,400100,Revenue,148568.94
2025-07-01,PC30,2000,400100,Revenue,87380.05
2025-08-01,PC30,2000,400100,Revenue,93750.27
2025-09-01,PC30,2000,400100,Revenue,173672.11
2025-10-01,PC30,2000,400100,Revenue,118291.59
2025-11-01,PC30,2000,400100,Revenue,131909.72
2025-12-01,PC30,2000,400100,Revenue,137212.0
2025-01-01,PC30,3000,400100,Revenue,46333.79
2025-02-01,PC30,3000,400100,Revenue,42103.0
2025-03-01,PC30,3000,400100,Revenue,53438.97
2025-04-01,PC30,3000,400100,Revenue,56928.1
2025-05-01,PC30,3000,400100,Revenue,47626.84
2025-06-01,PC30,3000,400100,Revenue,74284.47
2025-07-01,PC30,3000,400100,Revenue,43690.02
2025-08-01,PC30,3000,400100,Revenue,46875.14
2025-09-01,PC30,3000,400100,Revenue,86836.05
2025-10-01,PC30,3000,400100,Revenue,59145.79
2025-11-01,PC30,3000,400100,Revenue,65954.87
2025-12-01,PC30,3000,400100,Revenue,68606.0
2025-01-01,PC40,1000,400200,Revenue,473083.18
2025-02-01,PC40,1000,400200,Revenue,475317.57
2025-03-01,PC40,1000,400200,Revenue,477646.65
2025-04-01,PC40,1000,400200,Revenue,480448.52
2025-05-01,PC40,1000,400200,Revenue,479096.52
2025-06-01,PC40,1000,400200,Revenue,477241.83
2025-07-01,PC40,1000,400200,Revenue,475284.06
2025-08-01,PC40,1000,400200,Revenue,471744.06
2025-09-01,PC40,1000,400200,Revenue,475682.15
2025-10-01,PC40,1000,400200,Revenue,475566.59
2025-11-01,PC40,1000,400200,Revenue,478834.48
2025-12-01,PC40,1000,400200,Revenue,475996.07
2025-01-01,PC40,2000,400200,Revenue,258045.36
2025-02-01,PC40,2000,400200,Revenue,259264.14
2025-03-01,PC40,2000,400200,Revenue,260534.54
2025-04-01,PC40,2000,400200,Revenue,262062.83
2025-05-01,PC40,2000,400200,Revenue,261325.37
2025-06-01,PC40,2000,400200,Revenue,260313.72
2025-07-01,PC40,2000,400200,Revenue,259245.86
2025-08-01,PC40,2000,400200,Revenue,257314.94
2025-09-01,PC40,2000,400200,Revenue,259462.99
2025-10-01,PC40,2000,400200,Revenue,259399.95
2025-11-01,PC40,2000,400200,Revenue,261182.44
2025-12-01,PC40,2000,400200,Revenue,259634.23
2025-01-01,PC40,3000,400200,Revenue,129022.68
2025-02-01,PC40,3000,400200,Revenue,129632.07
2025-03-01,PC40,3000,400200,Revenue,130267.27
2025-04-01,PC40,3000,400200,Revenue,131031.41
2025-05-01,PC40,3000,400200,Revenue,130662.68
2025-06-01,PC40,3000,400200,Revenue,130156.86
2025-07-01,PC40,3000,400200,Revenue,129622.93
2025-08-01,PC40,3000,400200,Revenue,128657.48
2025-09-01,PC40,3000,400200,Revenue,129731.49
2025-10-01,PC40,3000,400200,Revenue,129699.98
2025-11-01,PC40,3000,400200,Revenue,130591.22
2025-12-01,PC40,3000,400200,Revenue,129817.11
2025-01-01,CC100,1000,600000,Opex,240197.99
2025-02-01,CC100,1000,600000,Opex,242228.88
2025-03-01,CC100,1000,600000,Opex,247868.87
2025-04-01,CC100,1000,600000,Opex,242548.74
2025-05-01,CC100,1000,600000,Opex,255928.23
2025-06-01,CC100,1000,600000,Opex,257405.9
2025-07-01,CC100,1000,600000,Opex,252389.99
2025-08-01,CC100,1000,600000,Opex,268452.94
2025-09-01,CC100,1000,600000,Opex,268859.19
2025-10-01,CC100,1000,600000,Opex,261163.54
2025-11-01,CC100,1000,600000,Opex,274721.45
2025-12-01,CC100,1000,600000,Opex,276405.41
2025-01-01,CC100,1000,600100,Opex,50349.88
2025-02-01,CC100,1000,600100,Opex,51013.53
2025-03-01,CC100,1000,600100,Opex,49987.0
2025-04-01,CC100,1000,600100,Opex,51135.59
2025-05-01,CC100,1000,600100,Opex,51149.04
2025-06-01,CC100,1000,600100,Opex,50666.05
2025-07-01,CC100,1000,600100,Opex,51870.37
2025-08-01,CC100,1000,600100,Opex,52973.1
2025-09-01,CC100,1000,600100,Opex,52992.5
2025-10-01,CC100,1000,600100,Opex,54302.78
2025-11-01,CC100,1000,600100,Opex,54345.59
2025-12-01,CC100,1000,600100,Opex,56047.04
2025-01-01,CC100,1000,600200,Opex,19078.51
2025-02-01,CC100,1000,600200,Opex,18927.97
2025-03-01,CC100,1000,600200,Opex,18041.08
2025-04-01,CC100,1000,600200,Opex,19271.91
2025-05-01,CC100,1000,600200,Opex,18336.17
2025-06-01,CC100,1000,600200,Opex,20006.88
2025-07-01,CC100,1000,600200,Opex,19362.37
2025-08-01,CC100,1000,600200,Opex,19151.74
2025-09-01,CC100,1000,600200,Opex,19620.86
2025-10-01,CC100,1000,600200,Opex,20853.73
2025-11-01,CC100,1000,600200,Opex,20392.14
2025-12-01,CC100,1000,600200,Opex,20969.7
2025-01-01,CC100,1000,610000,Opex,123585.36
2025-02-01,CC100,1000,610000,Opex,77032.94
2025-03-01,CC100,1000,610000,Opex,109150.43
2025-04-01,CC100,1000,610000,Opex,124001.34
2025-05-01,CC100,1000,610000,Opex,115083.0
2025-06-01,CC100,1000,610000,Opex,116921.68
2025-07-01,CC100,1000,610000,Opex,105484.88
2025-08-01,CC100,1000,610000,Opex,108395.51
2025-09-01,CC100,1000,610000,Opex,108836.64
2025-10-01,CC100,1000,610000,Opex,128054.73
2025-11-01,CC100,1000,610000,Opex,115951.87
2025-12-01,CC100,1000,610000,Opex,114756.13
2025-01-01,CC100,1000,620000,Opex,14621.8
2025-02-01,CC100,1000,620000,Opex,16610.7
2025-03-01,CC100,1000,620000,Opex,18053.82
2025-04-01,CC100,1000,620000,Opex,18414.76
2025-05-01,CC100,1000,620000,Opex,16823.74
2025-06-01,CC100,1000,620000,Opex,15676.74
2025-07-01,CC100,1000,620000,Opex,16326.07
2025-08-01,CC100,1000,620000,Opex,18088.27
2025-09-01,CC100,1000,620000,Opex,14820.34
2025-10-01,CC100,1000,620000,Opex,17553.45
2025-11-01,CC100,1000,620000,Opex,20328.19
2025-12-01,CC100,1000,620000,Opex,15648.8
2025-01-01,CC100,1000,630000,Opex,12134.89
2025-02-01,CC100,1000,630000,Opex,12713.46
2025-03-01,CC100,1000,630000,Opex,13815.23
2025-04-01,CC100,1000,630000,Opex,11429.85
2025-05-01,CC100,1000,630000,Opex,13417.15
2025-06-01,CC100,1000,630000,Opex,13209.0
2025-07-01,CC100,1000,630000,Opex,12208.03
2025-08-01,CC100,1000,630000,Opex,15871.62
2025-09-01,CC100,1000,630000,Opex,12261.94
2025-10-01,CC100,1000,630000,Opex,14108.05
2025-11-01,CC100,1000,630000,Opex,15882.53
2025-12-01,CC100,1000,630000,Opex,15053.61
2025-01-01,CC100,1000,640000,Opex,7730.79
2025-02-01,CC100,1000,640000,Opex,9335.45
2025-03-01,CC100,1000,640000,Opex,10398.59
2025-04-01,CC100,1000,640000,Opex,8767.25
2025-05-01,CC100,1000,640000,Opex,10867.07
2025-06-01,CC100,1000,640000,Opex,8031.9
2025-07-01,CC100,1000,640000,Opex,10534.52
2025-08-01,CC100,1000,640000,Opex,8285.43
2025-09-01,CC100,1000,640000,Opex,9609.86
2025-10-01,CC100,1000,640000,Opex,10156.54
2025-11-01,CC100,1000,640000,Opex,12519.3
2025-12-01,CC100,1000,640000,Opex,11208.53
2025-01-01,CC100,2000,600000,Opex,129536.27
2025-02-01,CC100,2000,600000,Opex,131866.29
2025-03-01,CC100,2000,600000,Opex,137460.32
2025-04-01,CC100,2000,600000,Opex,131987.8
2025-05-01,CC100,2000,600000,Opex,134648.12
2025-06-01,CC100,2000,600000,Opex,139990.31
2025-07-01,CC100,2000,600000,Opex,144287.42
2025-08-01,CC100,2000,600000,Opex,134233.18
2025-09-01,CC100,2000,600000,Opex,137719.69
2025-10-01,CC100,2000,600000,Opex,144573.97
2025-11-01,CC100,2000,600000,Opex,144756.76
2025-12-01,CC100,2000,600000,Opex,150819.16
2025-01-01,CC100,2000,600100,Opex,27527.97
2025-02-01,CC100,2000,600100,Opex,27874.23
2025-03-01,CC100,2000,600100,Opex,27565.49
2025-04-01,CC100,2000,600100,Opex,27642.96
2025-05-01,CC100,2000,600100,Opex,28608.71
2025-06-01,CC100,2000,600100,Opex,27896.78
2025-07-01,CC100,2000,600100,Opex,28409.04
2025-08-01,CC100,2000,600100,Opex,29681.33
2025-09-01,CC100,2000,600100,Opex,29076.39
2025-10-01,CC100,2000,600100,Opex,27845.02
2025-11-01,CC100,2000,600100,Opex,29964.57
2025-12-01,CC100,2000,600100,Opex,29689.11
2025-01-01,CC100,2000,600200,Opex,10454.79
2025-02-01,CC100,2000,600200,Opex,10416.72
2025-03-01,CC100,2000,600200,Opex,10359.49
2025-04-01,CC100,2000,600200,Opex,10512.0
2025-05-01,CC100,2000,600200,Opex,10836.71
2025-06-01,CC100,2000,600200,Opex,10392.22
2025-07-01,CC100,2000,600200,Opex,10830.04
2025-08-01,CC100,2000,600200,Opex,10812.63
2025-09-01,CC100,2000,600200,Opex,11096.94
2025-10-01,CC100,2000,600200,Opex,10933.05
2025-11-01,CC100,2000,600200,Opex,10831.83
2025-12-01,CC100,2000,600200,Opex,11217.81
2025-01-01,CC100,2000,610000,Opex,51785.21
2025-02-01,CC100,2000,610000,Opex,55025.16
2025-03-01,CC100,2000,610000,Opex,56474.97
2025-04-01,CC100,2000,610000,Opex,66751.73
2025-05-01,CC100,2000,610000,Opex,50760.32
2025-06-01,CC100,2000,610000,Opex,52821.58
2025-07-01,CC100,2000,610000,Opex,66015.89
2025-08-01,CC100,2000,610000,Opex,57151.68
2025-09-01,CC100,2000,610000,Opex,57812.81
2025-10-01,CC100,2000,610000,Opex,65705.01
2025-11-01,CC100,2000,610000,Opex,74786.26
2025-12-01,CC100,2000,610000,Opex,54961.22
2025-01-01,CC100,2000,620000,Opex,7939.61
2025-02-01,CC100,2000,620000,Opex,8865.94
2025-03-01,CC100,2000,620000,Opex,8327.18
2025-04-01,CC100,2000,620000,Opex,8613.12
2025-05-01,CC100,2000,620000,Opex,9102.17
2025-06-01,CC100,2000,620000,Opex,9891.39
2025-07-01,CC100,2000,620000,Opex,9405.97
2025-08-01,CC100,2000,620000,Opex,9418.86
2025-09-01,CC100,2000,620000,Opex,10463.59
2025-10-01,CC100,2000,620000,Opex,8110.31
2025-11-01,CC100,2000,620000,Opex,8221.82
2025-12-01,CC100,2000,620000,Opex,9022.71
2025-01-01,CC100,2000,630000,Opex,6733.88
2025-02-01,CC100,2000,630000,Opex,6153.12
2025-03-01,CC100,2000,630000,Opex,7302.78
2025-04-01,CC100,2000,630000,Opex,6721.16
2025-05-01,CC100,2000,630000,Opex,6700.43
2025-06-01,CC100,2000,630000,Opex,6672.71
2025-07-01,CC100,2000,630000,Opex,7240.2
2025-08-01,CC100,2000,630000,Opex,5267.42
2025-09-01,CC100,2000,630000,Opex,7638.01
2025-10-01,CC100,2000,630000,Opex,7615.46
2025-11-01,CC100,2000,630000,Opex,7608.55
2025-12-01,CC100,2000,630000,Opex,8261.75
2025-01-01,CC100,2000,640000,Opex,5205.64
2025-02-01,CC100,2000,640000,Opex,4406.31
2025-03-01,CC100,2000,640000,Opex,5780.51
2025-04-01,CC100,2000,640000,Opex,5286.46
2025-05-01,CC100,2000,640000,Opex,5248.99
2025-06-01,CC100,2000,640000,Opex,6159.69
2025-07-01,CC100,2000,640000,Opex,5789.46
2025-08-01,CC100,2000,640000,Opex,5366.33
2025-09-01,CC100,2000,640000,Opex,6011.8
2025-10-01,CC100,2000,640000,Opex,5386.71
2025-11-01,CC100,2000,640000,Opex,4972.45
2025-12-01,CC100,2000,640000,Opex,5371.91
2025-01-01,CC100,3000,600000,Opex,64763.22
2025-02-01,CC100,3000,600000,Opex,65151.21
2025-03-01,CC100,3000,600000,Opex,66884.9
2025-04-01,CC100,3000,600000,Opex,67031.34
2025-05-01,CC100,3000,600000,Opex,68798.41
2025-06-01,CC100,3000,600000,Opex,68683.73
2025-07-01,CC100,3000,600000,Opex,70254.32
2025-08-01,CC100,3000,600000,Opex,70195.9
2025-09-01,CC100,3000,600000,Opex,69919.4
2025-10-01,CC100,3000,600000,Opex,74495.55
2025-11-01,CC100,3000,600000,Opex,71279.01
2025-12-01,CC100,3000,600000,Opex,74190.38
2025-01-01,CC100,3000,600100,Opex,13617.93
2025-02-01,CC100,3000,600100,Opex,13767.42
2025-03-01,CC100,3000,600100,Opex,13634.47
2025-04-01,CC100,3000,600100,Opex,14567.97
2025-05-01,CC100,3000,600100,Opex,13878.47
2025-06-01,CC100,3000,600100,Opex,13755.27
2025-07-01,CC100,3000,600100,Opex,13920.16
2025-08-01,CC100,3000,600100,Opex,14569.8
2025-09-01,CC100,3000,600100,Opex,14782.05
2025-10-01,CC100,3000,600100,Opex,15227.26
2025-11-01,CC100,3000,600100,Opex,14547.83
2025-12-01,CC100,3000,600100,Opex,14968.81
2025-01-01,CC100,3000,600200,Opex,5015.79
2025-02-01,CC100,3000,600200,Opex,5171.99
2025-03-01,CC100,3000,600200,Opex,5159.44
2025-04-01,CC100,3000,600200,Opex,5075.24
2025-05-01,CC100,3000,600200,Opex,5184.62
2025-06-01,CC100,3000,600200,Opex,5221.34
2025-07-01,CC100,3000,600200,Opex,5445.59
2025-08-01,CC100,3000,600200,Opex,5255.73
2025-09-01,CC100,3000,600200,Opex,5331.09
2025-10-01,CC100,3000,600200,Opex,5484.48
2025-11-01,CC100,3000,600200,Opex,5480.89
2025-12-01,CC100,3000,600200,Opex,5671.29
2025-01-01,CC100,3000,610000,Opex,29496.02
2025-02-01,CC100,3000,610000,Opex,31124.63
2025-03-01,CC100,3000,610000,Opex,31905.8
2025-04-01,CC100,3000,610000,Opex,31154.2
2025-05-01,CC100,3000,610000,Opex,30762.61
2025-06-01,CC100,3000,610000,Opex,35003.45
2025-07-01,CC100,3000,610000,Opex,33993.64
2025-08-01,CC100,3000,610000,Opex,31561.13
2025-09-01,CC100,3000,610000,Opex,34622.68
2025-10-01,CC100,3000,610000,Opex,31806.57
2025-11-01,CC100,3000,610000,Opex,30620.46
2025-12-01,CC100,3000,610000,Opex,29097.11
2025-01-01,CC100,3000,620000,Opex,4450.34
2025-02-01,CC100,3000,620000,Opex,4536.04
2025-03-01,CC100,3000,620000,Opex,3678.71
2025-04-01,CC100,3000,620000,Opex,5254.16
2025-05-01,CC100,3000,620000,Opex,3903.52
2025-06-01,CC100,3000,620000,Opex,4381.12
2025-07-01,CC100,3000,620000,Opex,4119.99
2025-08-01,CC100,3000,620000,Opex,4056.72
2025-09-01,CC100,3000,620000,Opex,4619.82
2025-10-01,CC100,3000,620000,Opex,4579.26
2025-11-01,CC100,3000,620000,Opex,4370.12
2025-12-01,CC100,3000,620000,Opex,4735.65
2025-01-01,CC100,3000,630000,Opex,3378.02
2025-02-01,CC100,3000,630000,Opex,3558.15
2025-03-01,CC100,3000,630000,Opex,2649.8
2025-04-01,CC100,3000,630000,Opex,3498.28
2025-05-01,CC100,3000,630000,Opex,3123.31
2025-06-01,CC100,3000,630000,Opex,3365.19
2025-07-01,CC100,3000,630000,Opex,3581.91
2025-08-01,CC100,3000,630000,Opex,3667.68
2025-09-01,CC100,3000,630000,Opex,3834.43
2025-10-01,CC100,3000,630000,Opex,3524.01
2025-11-01,CC100,3000,630000,Opex,4007.13
2025-12-01,CC100,3000,630000,Opex,2632.89
2025-01-01,CC100,3000,640000,Opex,2421.4
2025-02-01,CC100,3000,640000,Opex,2374.84
2025-03-01,CC100,3000,640000,Opex,2437.67
2025-04-01,CC100,3000,640000,Opex,2572.09
2025-05-01,CC100,3000,640000,Opex,2806.34
2025-06-01,CC100,3000,640000,Opex,2713.02
2025-07-01,CC100,3000,640000,Opex,2859.15
2025-08-01,CC100,3000,640000,Opex,2442.11
2025-09-01,CC100,3000,640000,Opex,2404.7
2025-10-01,CC100,3000,640000,Opex,2822.01
2025-11-01,CC100,3000,640000,Opex,2467.67
2025-12-01,CC100,3000,640000,Opex,2764.73
2025-01-01,CC200,1000,600000,Opex,438768.23
2025-02-01,CC200,1000,600000,Opex,451882.95
2025-03-01,CC200,1000,600000,Opex,442811.14
2025-04-01,CC200,1000,600000,Opex,455296.38
2025-05-01,CC200,1000,600000,Opex,460989.05
2025-06-01,CC200,1000,600000,Opex,477634.44
2025-07-01,CC200,1000,600000,Opex,481745.18
2025-08-01,CC200,1000,600000,Opex,486996.6
2025-09-01,CC200,1000,600000,Opex,488134.54
2025-10-01,CC200,1000,600000,Opex,495452.41
2025-11-01,CC200,1000,600000,Opex,511399.56
2025-12-01,CC200,1000,600000,Opex,498445.59
2025-01-01,CC200,1000,600100,Opex,90042.08
2025-02-01,CC200,1000,600100,Opex,93371.22
2025-03-01,CC200,1000,600100,Opex,92159.95
2025-04-01,CC200,1000,600100,Opex,93727.23
2025-05-01,CC200,1000,600100,Opex,98075.39
2025-06-01,CC200,1000,600100,Opex,99170.63
2025-07-01,CC200,1000,600100,Opex,101364.49
2025-08-01,CC200,1000,600100,Opex,98712.86
2025-09-01,CC200,1000,600100,Opex,103173.12
2025-10-01,CC200,1000,600100,Opex,100862.79
2025-11-01,CC200,1000,600100,Opex,106985.91
2025-12-01,CC200,1000,600100,Opex,108241.08
2025-01-01,CC200,1000,600200,Opex,33575.24
2025-02-01,CC200,1000,600200,Opex,34982.42
2025-03-01,CC200,1000,600200,Opex,34811.62
2025-04-01,CC200,1000,600200,Opex,36243.52
2025-05-01,CC200,1000,600200,Opex,36630.39
2025-06-01,CC200,1000,600200,Opex,37429.87
2025-07-01,CC200,1000,600200,Opex,38972.44
2025-08-01,CC200,1000,600200,Opex,38261.42
2025-09-01,CC200,1000,600200,Opex,37508.07
2025-10-01,CC200,1000,600200,Opex,39180.57
2025-11-01,CC200,1000,600200,Opex,38763.68
2025-12-01,CC200,1000,600200,Opex,40250.67
2025-01-01,CC200,1000,620000,Opex,8930.72
2025-02-01,CC200,1000,620000,Opex,8918.43
2025-03-01,CC200,1000,620000,Opex,9013.9
2025-04-01,CC200,1000,620000,Opex,7563.0
2025-05-01,CC200,1000,620000,Opex,10157.14
2025-06-01,CC200,1000,620000,Opex,8718.01
2025-07-01,CC200,1000,620000,Opex,9585.93
2025-08-01,CC200,1000,620000,Opex,9478.49
2025-09-01,CC200,1000,620000,Opex,10369.02
2025-10-01,CC200,1000,620000,Opex,10540.88
2025-11-01,CC200,1000,620000,Opex,10946.54
2025-12-01,CC200,1000,620000,Opex,8968.36
2025-01-01,CC200,1000,630000,Opex,38441.86
2025-02-01,CC200,1000,630000,Opex,44986.45
2025-03-01,CC200,1000,630000,Opex,38887.69
2025-04-01,CC200,1000,630000,Opex,32051.41
2025-05-01,CC200,1000,630000,Opex,35035.99
2025-06-01,CC200,1000,630000,Opex,40911.91
2025-07-01,CC200,1000,630000,Opex,40002.91
2025-08-01,CC200,1000,630000,Opex,47847.2
2025-09-01,CC200,1000,630000,Opex,46671.6
2025-10-01,CC200,1000,630000,Opex,47990.61
2025-11-01,CC200,1000,630000,Opex,42412.89
2025-12-01,CC200,1000,630000,Opex,48398.06
2025-01-01,CC200,1000,640000,Opex,19616.53
2025-02-01,CC200,1000,640000,Opex,18451.76
2025-03-01,CC200,1000,640000,Opex,19993.04
2025-04-01,CC200,1000,640000,Opex,20342.07
2025-05-01,CC200,1000,640000,Opex,16917.71
2025-06-01,CC200,1000,640000,Opex,15776.21
2025-07-01,CC200,1000,640000,Opex,16036.9
2025-08-01,CC200,1000,640000,Opex,18441.7
2025-09-01,CC200,1000,640000,Opex,16503.11
2025-10-01,CC200,1000,640000,Opex,17793.01
2025-11-01,CC200,1000,640000,Opex,19131.4
2025-12-01,CC200,1000,640000,Opex,22831.42
2025-01-01,CC200,1000,660000,Opex,16662.9
2025-02-01,CC200,1000,660000,Opex,18153.26
2025-03-01,CC200,1000,660000,Opex,17719.68
2025-04-01,CC200,1000,660000,Opex,17402.33
2025-05-01,CC200,1000,660000,Opex,17257.02
2025-06-01,CC200,1000,660000,Opex,18424.72
2025-07-01,CC200,1000,660000,Opex,19277.85
2025-08-01,CC200,1000,660000,Opex,17516.95
2025-09-01,CC200,1000,660000,Opex,17938.54
2025-10-01,CC200,1000,660000,Opex,18738.28
2025-11-01,CC200,1000,660000,Opex,19772.9
2025-12-01,CC200,1000,660000,Opex,21548.6
2025-01-01,CC200,2000,600000,Opex,243197.28
2025-02-01,CC200,2000,600000,Opex,243910.05
2025-03-01,CC200,2000,600000,Opex,251330.68
2025-04-01,CC200,2000,600000,Opex,247874.38
2025-05-01,CC200,2000,600000,Opex,254310.75
2025-06-01,CC200,2000,600000,Opex,252312.11
2025-07-01,CC200,2000,600000,Opex,262767.46
2025-08-01,CC200,2000,600000,Opex,266660.08
2025-09-01,CC200,2000,600000,Opex,274329.81
2025-10-01,CC200,2000,600000,Opex,275797.76
2025-11-01,CC200,2000,600000,Opex,274546.82
2025-12-01,CC200,2000,600000,Opex,285823.96
2025-01-01,CC200,2000,600100,Opex,48872.32
2025-02-01,CC200,2000,600100,Opex,49176.46
2025-03-01,CC200,2000,600100,Opex,49761.52
2025-04-01,CC200,2000,600100,Opex,51890.01
2025-05-01,CC200,2000,600100,Opex,53141.97
2025-06-01,CC200,2000,600100,Opex,51763.3
2025-07-01,CC200,2000,600100,Opex,55724.96
2025-08-01,CC200,2000,600100,Opex,54974.07
2025-09-01,CC200,2000,600100,Opex,56354.41
2025-10-01,CC200,2000,600100,Opex,57212.42
2025-11-01,CC200,2000,600100,Opex,57472.92
2025-12-01,CC200,2000,600100,Opex,57285.15
2025-01-01,CC200,2000,600200,Opex,18883.19
2025-02-01,CC200,2000,600200,Opex,18711.05
2025-03-01,CC200,2000,600200,Opex,19492.35
2025-04-01,CC200,2000,600200,Opex,18617.66
2025-05-01,CC200,2000,600200,Opex,20055.14
2025-06-01,CC200,2000,600200,Opex,19926.16
2025-07-01,CC200,2000,600200,Opex,19763.0
2025-08-01,CC200,2000,600200,Opex,21717.65
2025-09-01,CC200,2000,600200,Opex,20580.88
2025-10-01,CC200,2000,600200,Opex,21094.14
2025-11-01,CC200,2000,600200,Opex,20875.18
2025-12-01,CC200,2000,600200,Opex,22074.27
2025-01-01,CC200,2000,620000,Opex,4819.08
2025-02-01,CC200,2000,620000,Opex,4625.24
2025-03-01,CC200,2000,620000,Opex,4262.19
2025-04-01,CC200,2000,620000,Opex,4152.66
2025-05-01,CC200,2000,620000,Opex,5638.59
2025-06-01,CC200,2000,620000,Opex,4572.25
2025-07-01,CC200,2000,620000,Opex,5949.54
2025-08-01,CC200,2000,620000,Opex,5673.28
2025-09-01,CC200,2000,620000,Opex,4936.77
2025-10-01,CC200,2000,620000,Opex,5173.41
2025-11-01,CC200,2000,620000,Opex,5172.18
2025-12-01,CC200,2000,620000,Opex,5067.61
2025-01-01,CC200,2000,630000,Opex,22321.02
2025-02-01,CC200,2000,630000,Opex,20269.57
2025-03-01,CC200,2000,630000,Opex,22109.3
2025-04-01,CC200,2000,630000,Opex,23474.77
2025-05-01,CC200,2000,630000,Opex,22457.26
2025-06-01,CC200,2000,630000,Opex,22976.09
2025-07-01,CC200,2000,630000,Opex,25332.68
2025-08-01,CC200,2000,630000,Opex,21398.23
2025-09-01,CC200,2000,630000,Opex,25767.62
2025-10-01,CC200,2000,630000,Opex,25746.26
2025-11-01,CC200,2000,630000,Opex,26600.21
2025-12-01,CC200,2000,630000,Opex,22395.59
2025-01-01,CC200,2000,640000,Opex,9126.16
2025-02-01,CC200,2000,640000,Opex,8752.4
2025-03-01,CC200,2000,640000,Opex,10187.91
2025-04-01,CC200,2000,640000,Opex,11562.8
2025-05-01,CC200,2000,640000,Opex,9282.96
2025-06-01,CC200,2000,640000,Opex,9927.49
2025-07-01,CC200,2000,640000,Opex,9538.17
2025-08-01,CC200,2000,640000,Opex,11828.73
2025-09-01,CC200,2000,640000,Opex,10707.67
2025-10-01,CC200,2000,640000,Opex,10009.11
2025-11-01,CC200,2000,640000,Opex,11108.98
2025-12-01,CC200,2000,640000,Opex,9902.2
2025-01-01,CC200,2000,660000,Opex,8500.57
2025-02-01,CC200,2000,660000,Opex,9014.25
2025-03-01,CC200,2000,660000,Opex,8806.0
2025-04-01,CC200,2000,660000,Opex,9707.4
2025-05-01,CC200,2000,660000,Opex,10731.28
2025-06-01,CC200,2000,660000,Opex,9781.05
2025-07-01,CC200,2000,660000,Opex,11164.85
2025-08-01,CC200,2000,660000,Opex,10462.78
2025-09-01,CC200,2000,660000,Opex,9909.62
2025-10-01,CC200,2000,660000,Opex,10445.53
2025-11-01,CC200,2000,660000,Opex,10225.37
2025-12-01,CC200,2000,660000,Opex,10506.58
2025-01-01,CC200,3000,600000,Opex,117224.37
2025-02-01,CC200,3000,600000,Opex,121871.53
2025-03-01,CC200,3000,600000,Opex,126151.1
2025-04-01,CC200,3000,600000,Opex,123957.03
2025-05-01,CC200,3000,600000,Opex,130860.16
2025-06-01,CC200,3000,600000,Opex,126257.74
2025-07-01,CC200,3000,600000,Opex,129364.8
2025-08-01,CC200,3000,600000,Opex,138851.79
2025-09-01,CC200,3000,600000,Opex,130341.08
2025-10-01,CC200,3000,600000,Opex,135155.5
2025-11-01,CC200,3000,600000,Opex,136287.01
2025-12-01,CC200,3000,600000,Opex,137331.69
2025-01-01,CC200,3000,600100,Opex,24012.99
2025-02-01,CC200,3000,600100,Opex,24201.57
2025-03-01,CC200,3000,600100,Opex,25652.34
2025-04-01,CC200,3000,600100,Opex,25987.73
2025-05-01,CC200,3000,600100,Opex,26372.61
2025-06-01,CC200,3000,600100,Opex,26856.56
2025-07-01,CC200,3000,600100,Opex,26653.38
2025-08-01,CC200,3000,600100,Opex,27719.43
2025-09-01,CC200,3000,600100,Opex,28023.6
2025-10-01,CC200,3000,600100,Opex,28044.94
2025-11-01,CC200,3000,600100,Opex,28765.45
2025-12-01,CC200,3000,600100,Opex,29482.7
2025-01-01,CC200,3000,600200,Opex,9251.52
2025-02-01,CC200,3000,600200,Opex,9473.07
2025-03-01,CC200,3000,600200,Opex,9375.5
2025-04-01,CC200,3000,600200,Opex,9666.8
2025-05-01,CC200,3000,600200,Opex,9713.28
2025-06-01,CC200,3000,600200,Opex,10099.92
2025-07-01,CC200,3000,600200,Opex,10279.84
2025-08-01,CC200,3000,600200,Opex,10398.3
2025-09-01,CC200,3000,600200,Opex,10109.26
2025-10-01,CC200,3000,600200,Opex,10227.28
2025-11-01,CC200,3000,600200,Opex,10935.22
2025-12-01,CC200,3000,600200,Opex,10736.16
2025-01-01,CC200,3000,620000,Opex,2453.43
2025-02-01,CC200,3000,620000,Opex,2513.67
2025-03-01,CC200,3000,620000,Opex,2103.03
2025-04-01,CC200,3000,620000,Opex,2851.67
2025-05-01,CC200,3000,620000,Opex,2571.49
2025-06-01,CC200,3000,620000,Opex,2103.55
2025-07-01,CC200,3000,620000,Opex,2532.94
2025-08-01,CC200,3000,620000,Opex,2862.33
2025-09-01,CC200,3000,620000,Opex,2786.16
2025-10-01,CC200,3000,620000,Opex,2570.95
2025-11-01,CC200,3000,620000,Opex,2111.36
2025-12-01,CC200,3000,620000,Opex,2206.81
2025-01-01,CC200,3000,630000,Opex,12627.33
2025-02-01,CC200,3000,630000,Opex,11006.3
2025-03-01,CC200,3000,630000,Opex,10170.32
2025-04-01,CC200,3000,630000,Opex,10550.42
2025-05-01,CC200,3000,630000,Opex,10561.82
2025-06-01,CC200,3000,630000,Opex,9412.94
2025-07-01,CC200,3000,630000,Opex,11334.0
2025-08-01,CC200,3000,630000,Opex,11973.72
2025-09-01,CC200,3000,630000,Opex,12291.27
2025-10-01,CC200,3000,630000,Opex,11708.42
2025-11-01,CC200,3000,630000,Opex,11658.14
2025-12-01,CC200,3000,630000,Opex,13034.52
2025-01-01,CC200,3000,640000,Opex,5641.78
2025-02-01,CC200,3000,640000,Opex,4331.04
2025-03-01,CC200,3000,640000,Opex,5311.15
2025-04-01,CC200,3000,640000,Opex,5067.26
2025-05-01,CC200,3000,640000,Opex,5194.37
2025-06-01,CC200,3000,640000,Opex,4487.64
2025-07-01,CC200,3000,640000,Opex,5030.11
2025-08-01,CC200,3000,640000,Opex,5790.24
2025-09-01,CC200,3000,640000,Opex,5080.47
2025-10-01,CC200,3000,640000,Opex,5126.76
2025-11-01,CC200,3000,640000,Opex,5581.05
2025-12-01,CC200,3000,640000,Opex,5088.25
2025-01-01,CC200,3000,660000,Opex,4728.08
2025-02-01,CC200,3000,660000,Opex,4937.51
2025-03-01,CC200,3000,660000,Opex,5165.97
2025-04-01,CC200,3000,660000,Opex,4785.43
2025-05-01,CC200,3000,660000,Opex,5282.39
2025-06-01,CC200,3000,660000,Opex,4786.72
2025-07-01,CC200,3000,660000,Opex,4568.04
2025-08-01,CC200,3000,660000,Opex,4997.61
2025-09-01,CC200,3000,660000,Opex,5139.13
2025-10-01,CC200,3000,660000,Opex,5213.37
2025-11-01,CC200,3000,660000,Opex,5180.45
2025-12-01,CC200,3000,660000,Opex,5468.87
2025-01-01,CC300,1000,600000,Opex,83893.48
2025-02-01,CC300,1000,600000,Opex,84421.03
2025-03-01,CC300,1000,600000,Opex,87498.75
2025-04-01,CC300,1000,600000,Opex,90590.15
2025-05-01,CC300,1000,600000,Opex,90669.85
2025-06-01,CC300,1000,600000,Opex,89556.65
2025-07-01,CC300,1000,600000,Opex,90730.3
2025-08-01,CC300,1000,600000,Opex,88558.25
2025-09-01,CC300,1000,600000,Opex,91406.66
2025-10-01,CC300,1000,600000,Opex,92103.68
2025-11-01,CC300,1000,600000,Opex,93220.09
2025-12-01,CC300,1000,600000,Opex,89084.41
2025-01-01,CC300,1000,600100,Opex,17658.21
2025-02-01,CC300,1000,600100,Opex,17619.46
2025-03-01,CC300,1000,600100,Opex,18511.06
2025-04-01,CC300,1000,600100,Opex,17845.06
2025-05-01,CC300,1000,600100,Opex,17808.16
2025-06-01,CC300,1000,600100,Opex,17867.79
2025-07-01,CC300,1000,600100,Opex,18359.69
2025-08-01,CC300,1000,600100,Opex,18582.35
2025-09-01,CC300,1000,600100,Opex,19150.72
2025-10-01,CC300,1000,600100,Opex,19097.82
2025-11-01,CC300,1000,600100,Opex,18785.84
2025-12-01,CC300,1000,600100,Opex,18974.31
2025-01-01,CC300,1000,600200,Opex,6589.01
2025-02-01,CC300,1000,600200,Opex,6606.44
2025-03-01,CC300,1000,600200,Opex,6809.08
2025-04-01,CC300,1000,600200,Opex,6738.17
2025-05-01,CC300,1000,600200,Opex,7029.89
2025-06-01,CC300,1000,600200,Opex,6773.27
2025-07-01,CC300,1000,600200,Opex,6912.33
2025-08-01,CC300,1000,600200,Opex,6884.83
2025-09-01,CC300,1000,600200,Opex,7125.35
2025-10-01,CC300,1000,600200,Opex,7217.73
2025-11-01,CC300,1000,600200,Opex,7040.84
2025-12-01,CC300,1000,600200,Opex,6930.16
2025-01-01,CC300,1000,630000,Opex,4387.95
2025-02-01,CC300,1000,630000,Opex,4844.13
2025-03-01,CC300,1000,630000,Opex,4320.79
2025-04-01,CC300,1000,630000,Opex,5259.41
2025-05-01,CC300,1000,630000,Opex,4413.78
2025-06-01,CC300,1000,630000,Opex,4695.68
2025-07-01,CC300,1000,630000,Opex,4069.32
2025-08-01,CC300,1000,630000,Opex,5241.72
2025-09-01,CC300,1000,630000,Opex,4940.04
2025-10-01,CC300,1000,630000,Opex,4160.1
2025-11-01,CC300,1000,630000,Opex,4923.26
2025-12-01,CC300,1000,630000,Opex,5183.01
2025-01-01,CC300,1000,640000,Opex,3189.22
2025-02-01,CC300,1000,640000,Opex,3289.8
2025-03-01,CC300,1000,640000,Opex,3371.27
2025-04-01,CC300,1000,640000,Opex,3556.93
2025-05-01,CC300,1000,640000,Opex,3528.65
2025-06-01,CC300,1000,640000,Opex,3474.17
2025-07-01,CC300,1000,640000,Opex,3774.45
2025-08-01,CC300,1000,640000,Opex,3338.41
2025-09-01,CC300,1000,640000,Opex,2995.53
2025-10-01,CC300,1000,640000,Opex,3177.24
2025-11-01,CC300,1000,640000,Opex,3520.41
2025-12-01,CC300,1000,640000,Opex,3600.25
2025-01-01,CC300,1000,650000,Opex,15697.16
2025-02-01,CC300,1000,650000,Opex,15197.51
2025-03-01,CC300,1000,650000,Opex,18168.91
2025-04-01,CC300,1000,650000,Opex,17985.27
2025-05-01,CC300,1000,650000,Opex,15494.67
2025-06-01,CC300,1000,650000,Opex,15519.28
2025-07-01,CC300,1000,650000,Opex,19972.53
2025-08-01,CC300,1000,650000,Opex,17380.84
2025-09-01,CC300,1000,650000,Opex,18254.23
2025-10-01,CC300,1000,650000,Opex,16581.85
2025-11-01,CC300,1000,650000,Opex,16740.22
2025-12-01,CC300,1000,650000,Opex,21352.78
2025-01-01,CC300,1000,660000,Opex,3015.98
2025-02-01,CC300,1000,660000,Opex,3310.45
2025-03-01,CC300,1000,660000,Opex,3434.08
2025-04-01,CC300,1000,660000,Opex,3381.03
2025-05-01,CC300,1000,660000,Opex,3786.02
2025-06-01,CC300,1000,660000,Opex,3325.74
2025-07-01,CC300,1000,660000,Opex,3441.91
2025-08-01,CC300,1000,660000,Opex,3490.9
2025-09-01,CC300,1000,660000,Opex,3672.88
2025-10-01,CC300,1000,660000,Opex,3460.42
2025-11-01,CC300,1000,660000,Opex,3186.12
2025-12-01,CC300,1000,660000,Opex,3787.67
2025-01-01,CC300,2000,600000,Opex,48411.71
2025-02-01,CC300,2000,600000,Opex,45890.3
2025-03-01,CC300,2000,600000,Opex,47777.63
2025-04-01,CC300,2000,600000,Opex,48864.09
2025-05-01,CC300,2000,600000,Opex,52020.84
2025-06-01,CC300,2000,600000,Opex,49258.19
2025-07-01,CC300,2000,600000,Opex,48919.27
2025-08-01,CC300,2000,600000,Opex,50212.72
2025-09-01,CC300,2000,600000,Opex,50882.06
2025-10-01,CC300,2000,600000,Opex,50023.55
2025-11-01,CC300,2000,600000,Opex,48348.46
2025-12-01,CC300,2000,600000,Opex,49745.25
2025-01-01,CC300,2000,600100,Opex,9574.34
2025-02-01,CC300,2000,600100,Opex,9931.04
2025-03-01,CC300,2000,600100,Opex,10149.18
2025-04-01,CC300,2000,600100,Opex,9772.88
2025-05-01,CC300,2000,600100,Opex,10167.99
2025-06-01,CC300,2000,600100,Opex,9958.55
2025-07-01,CC300,2000,600100,Opex,10250.7
2025-08-01,CC300,2000,600100,Opex,10462.68
2025-09-01,CC300,2000,600100,Opex,10101.37
2025-10-01,CC300,2000,600100,Opex,10174.83
2025-11-01,CC300,2000,600100,Opex,10231.2
2025-12-01,CC300,2000,600100,Opex,10492.67
2025-01-01,CC300,2000,600200,Opex,3686.66
2025-02-01,CC300,2000,600200,Opex,3586.26
2025-03-01,CC300,2000,600200,Opex,3711.88
2025-04-01,CC300,2000,600200,Opex,3804.28
2025-05-01,CC300,2000,600200,Opex,3753.49
2025-06-01,CC300,2000,600200,Opex,3755.22
2025-07-01,CC300,2000,600200,Opex,3809.93
2025-08-01,CC300,2000,600200,Opex,3684.67
2025-09-01,CC300,2000,600200,Opex,3847.77
2025-10-01,CC300,2000,600200,Opex,3774.79
2025-11-01,CC300,2000,600200,Opex,3919.4
2025-12-01,CC300,2000,600200,Opex,3908.0
2025-01-01,CC300,2000,630000,Opex,2221.17
2025-02-01,CC300,2000,630000,Opex,2519.6
2025-03-01,CC300,2000,630000,Opex,2251.63
2025-04-01,CC300,2000,630000,Opex,2392.6
2025-05-01,CC300,2000,630000,Opex,2734.47
2025-06-01,CC300,2000,630000,Opex,2854.57
2025-07-01,CC300,2000,630000,Opex,2767.05
2025-08-01,CC300,2000,630000,Opex,2626.37
2025-09-01,CC300,2000,630000,Opex,2543.09
2025-10-01,CC300,2000,630000,Opex,2630.36
2025-11-01,CC300,2000,630000,Opex,2459.84
2025-12-01,CC300,2000,630000,Opex,2925.13
2025-01-01,CC300,2000,640000,Opex,1370.36
2025-02-01,CC300,2000,640000,Opex,2088.89
2025-03-01,CC300,2000,640000,Opex,1394.7
2025-04-01,CC300,2000,640000,Opex,1791.07
2025-05-01,CC300,2000,640000,Opex,1823.23
2025-06-01,CC300,2000,640000,Opex,1642.52
2025-07-01,CC300,2000,640000,Opex,1829.41
2025-08-01,CC300,2000,640000,Opex,2160.52
2025-09-01,CC300,2000,640000,Opex,1997.87
2025-10-01,CC300,2000,640000,Opex,2052.92
2025-11-01,CC300,2000,640000,Opex,1839.73
2025-12-01,CC300,2000,640000,Opex,2088.78
2025-01-01,CC300,2000,650000,Opex,11075.23
2025-02-01,CC300,2000,650000,Opex,9248.61
2025-03-01,CC300,2000,650000,Opex,9161.61
2025-04-01,CC300,2000,650000,Opex,10226.21
2025-05-01,CC300,2000,650000,Opex,9921.61
2025-06-01,CC300,2000,650000,Opex,11018.97
2025-07-01,CC300,2000,650000,Opex,10000.31
2025-08-01,CC300,2000,650000,Opex,9059.93
2025-09-01,CC300,2000,650000,Opex,9628.6
2025-10-01,CC300,2000,650000,Opex,9246.2
2025-11-01,CC300,2000,650000,Opex,7041.88
2025-12-01,CC300,2000,650000,Opex,9988.03
2025-01-01,CC300,2000,660000,Opex,1808.31
2025-02-01,CC300,2000,660000,Opex,1718.37
2025-03-01,CC300,2000,660000,Opex,1857.28
2025-04-01,CC300,2000,660000,Opex,1904.4
2025-05-01,CC300,2000,660000,Opex,2052.71
2025-06-01,CC300,2000,660000,Opex,1966.19
2025-07-01,CC300,2000,660000,Opex,1834.17
2025-08-01,CC300,2000,660000,Opex,1881.58
2025-09-01,CC300,2000,660000,Opex,2071.68
2025-10-01,CC300,2000,660000,Opex,1883.62
2025-11-01,CC300,2000,660000,Opex,2076.73
2025-12-01,CC300,2000,660000,Opex,1974.32
2025-01-01,CC300,3000,600000,Opex,23946.63
2025-02-01,CC300,3000,600000,Opex,22065.58
2025-03-01,CC300,3000,600000,Opex,25553.7
2025-04-01,CC300,3000,600000,Opex,24218.99
2025-05-01,CC300,3000,600000,Opex,24600.03
2025-06-01,CC300,3000,600000,Opex,24940.58
2025-07-01,CC300,3000,600000,Opex,24063.43
2025-08-01,CC300,3000,600000,Opex,23726.99
2025-09-01,CC300,3000,600000,Opex,26112.12
2025-10-01,CC300,3000,600000,Opex,24557.6
2025-11-01,CC300,3000,600000,Opex,25475.16
2025-12-01,CC300,3000,600000,Opex,24878.1
2025-01-01,CC300,3000,600100,Opex,4994.55
2025-02-01,CC300,3000,600100,Opex,4834.9
2025-03-01,CC300,3000,600100,Opex,5078.97
2025-04-01,CC300,3000,600100,Opex,5005.14
2025-05-01,CC300,3000,600100,Opex,5073.05
2025-06-01,CC300,3000,600100,Opex,4918.7
2025-07-01,CC300,3000,600100,Opex,4962.3
2025-08-01,CC300,3000,600100,Opex,5119.55
2025-09-01,CC300,3000,600100,Opex,5105.3
2025-10-01,CC300,3000,600100,Opex,4985.27
2025-11-01,CC300,3000,600100,Opex,5306.57
2025-12-01,CC300,3000,600100,Opex,5176.55
2025-01-01,CC300,3000,600200,Opex,1758.03
2025-02-01,CC300,3000,600200,Opex,1871.49
2025-03-01,CC300,3000,600200,Opex,1874.46
2025-04-01,CC300,3000,600200,Opex,1958.34
2025-05-01,CC300,3000,600200,Opex,1908.72
2025-06-01,CC300,3000,600200,Opex,1918.78
2025-07-01,CC300,3000,600200,Opex,2003.7
2025-08-01,CC300,3000,600200,Opex,1872.23
2025-09-01,CC300,3000,600200,Opex,1990.55
2025-10-01,CC300,3000,600200,Opex,1903.58
2025-11-01,CC300,3000,600200,Opex,1980.41
2025-12-01,CC300,3000,600200,Opex,1974.35
2025-01-01,CC300,3000,630000,Opex,1145.66
2025-02-01,CC300,3000,630000,Opex,1229.54
2025-03-01,CC300,3000,630000,Opex,1252.94
2025-04-01,CC300,3000,630000,Opex,1208.04
2025-05-01,CC300,3000,630000,Opex,1361.11
2025-06-01,CC300,3000,630000,Opex,1117.3
2025-07-01,CC300,3000,630000,Opex,1090.97
2025-08-01,CC300,3000,630000,Opex,1185.29
2025-09-01,CC300,3000,630000,Opex,1361.43
2025-10-01,CC300,3000,630000,Opex,1342.63
2025-11-01,CC300,3000,630000,Opex,1417.69
2025-12-01,CC300,3000,630000,Opex,1170.34
2025-01-01,CC300,3000,640000,Opex,891.63
2025-02-01,CC300,3000,640000,Opex,858.81
2025-03-01,CC300,3000,640000,Opex,988.89
2025-04-01,CC300,3000,640000,Opex,878.86
2025-05-01,CC300,3000,640000,Opex,883.68
2025-06-01,CC300,3000,640000,Opex,857.32
2025-07-01,CC300,3000,640000,Opex,820.93
2025-08-01,CC300,3000,640000,Opex,930.66
2025-09-01,CC300,3000,640000,Opex,1090.29
2025-10-01,CC300,3000,640000,Opex,782.31
2025-11-01,CC300,3000,640000,Opex,1008.69
2025-12-01,CC300,3000,640000,Opex,1228.27
2025-01-01,CC300,3000,650000,Opex,4729.71
2025-02-01,CC300,3000,650000,Opex,5075.64
2025-03-01,CC300,3000,650000,Opex,4564.72
2025-04-01,CC300,3000,650000,Opex,4582.48
2025-05-01,CC300,3000,650000,Opex,4907.63
2025-06-01,CC300,3000,650000,Opex,5445.52
2025-07-01,CC300,3000,650000,Opex,5319.0
2025-08-01,CC300,3000,650000,Opex,4176.82
2025-09-01,CC300,3000,650000,Opex,5568.43
2025-10-01,CC300,3000,650000,Opex,4357.93
2025-11-01,CC300,3000,650000,Opex,3885.21
2025-12-01,CC300,3000,650000,Opex,4994.22
2025-01-01,CC300,3000,660000,Opex,1020.33
2025-02-01,CC300,3000,660000,Opex,939.67
2025-03-01,CC300,3000,660000,Opex,882.24
2025-04-01,CC300,3000,660000,Opex,974.67
2025-05-01,CC300,3000,660000,Opex,915.53
2025-06-01,CC300,3000,660000,Opex,991.96
2025-07-01,CC300,3000,660000,Opex,968.84
2025-08-01,CC300,3000,660000,Opex,919.49
2025-09-01,CC300,3000,660000,Opex,1081.95
2025-10-01,CC300,3000,660000,Opex,935.27
2025-11-01,CC300,3000,660000,Opex,1012.51
2025-12-01,CC300,3000,660000,Opex,1064.63
2025-01-01,CC400,1000,600000,Opex,126510.26
2025-02-01,CC400,1000,600000,Opex,129716.06
2025-03-01,CC400,1000,600000,Opex,137149.89
2025-04-01,CC400,1000,600000,Opex,135542.0
2025-05-01,CC400,1000,600000,Opex,134882.63
2025-06-01,CC400,1000,600000,Opex,138977.33
2025-07-01,CC400,1000,600000,Opex,141653.22
2025-08-01,CC400,1000,600000,Opex,134237.97
2025-09-01,CC400,1000,600000,Opex,146873.18
2025-10-01,CC400,1000,600000,Opex,147520.43
2025-11-01,CC400,1000,600000,Opex,161087.32
2025-12-01,CC400,1000,600000,Opex,152302.44
2025-01-01,CC400,1000,600100,Opex,26890.83
2025-02-01,CC400,1000,600100,Opex,27395.34
2025-03-01,CC400,1000,600100,Opex,27913.73
2025-04-01,CC400,1000,600100,Opex,27542.22
2025-05-01,CC400,1000,600100,Opex,28539.39
2025-06-01,CC400,1000,600100,Opex,28666.95
2025-07-01,CC400,1000,600100,Opex,29058.0
2025-08-01,CC400,1000,600100,Opex,29323.53
2025-09-01,CC400,1000,600100,Opex,29670.57
2025-10-01,CC400,1000,600100,Opex,30190.05
2025-11-01,CC400,1000,600100,Opex,29360.68
2025-12-01,CC400,1000,600100,Opex,30914.26
2025-01-01,CC400,1000,600200,Opex,10127.0
2025-02-01,CC400,1000,600200,Opex,10279.17
2025-03-01,CC400,1000,600200,Opex,10468.23
2025-04-01,CC400,1000,600200,Opex,10740.76
2025-05-01,CC400,1000,600200,Opex,10774.3
2025-06-01,CC400,1000,600200,Opex,10705.25
2025-07-01,CC400,1000,600200,Opex,10723.47
2025-08-01,CC400,1000,600200,Opex,11077.95
2025-09-01,CC400,1000,600200,Opex,11302.67
2025-10-01,CC400,1000,600200,Opex,11887.34
2025-11-01,CC400,1000,600200,Opex,11885.46
2025-12-01,CC400,1000,600200,Opex,11527.04
2025-01-01,CC400,1000,620000,Opex,3377.15
2025-02-01,CC400,1000,620000,Opex,4328.21
2025-03-01,CC400,1000,620000,Opex,3446.75
2025-04-01,CC400,1000,620000,Opex,3278.64
2025-05-01,CC400,1000,620000,Opex,4128.5
2025-06-01,CC400,1000,620000,Opex,3074.14
2025-07-01,CC400,1000,620000,Opex,3710.61
2025-08-01,CC400,1000,620000,Opex,3191.18
2025-09-01,CC400,1000,620000,Opex,3699.25
2025-10-01,CC400,1000,620000,Opex,3382.42
2025-11-01,CC400,1000,620000,Opex,3939.76
2025-12-01,CC400,1000,620000,Opex,3888.62
2025-01-01,CC400,1000,630000,Opex,9268.78
2025-02-01,CC400,1000,630000,Opex,9379.33
2025-03-01,CC400,1000,630000,Opex,8977.09
2025-04-01,CC400,1000,630000,Opex,9958.12
2025-05-01,CC400,1000,630000,Opex,9245.56
2025-06-01,CC400,1000,630000,Opex,9206.88
2025-07-01,CC400,1000,630000,Opex,8869.34
2025-08-01,CC400,1000,630000,Opex,9588.6
2025-09-01,CC400,1000,630000,Opex,9359.73
2025-10-01,CC400,1000,630000,Opex,9728.64
2025-11-01,CC400,1000,630000,Opex,9299.08
2025-12-01,CC400,1000,630000,Opex,8728.51
2025-01-01,CC400,1000,640000,Opex,5171.11
2025-02-01,CC400,1000,640000,Opex,5287.81
2025-03-01,CC400,1000,640000,Opex,5507.19
2025-04-01,CC400,1000,640000,Opex,4255.52
2025-05-01,CC400,1000,640000,Opex,5301.55
2025-06-01,CC400,1000,640000,Opex,5873.21
2025-07-01,CC400,1000,640000,Opex,5435.5
2025-08-01,CC400,1000,640000,Opex,5292.43
2025-09-01,CC400,1000,640000,Opex,5341.1
2025-10-01,CC400,1000,640000,Opex,5586.06
2025-11-01,CC400,1000,640000,Opex,5718.43
2025-12-01,CC400,1000,640000,Opex,5937.28
2025-01-01,CC400,2000,600000,Opex,70516.44
2025-02-01,CC400,2000,600000,Opex,71283.81
2025-03-01,CC400,2000,600000,Opex,73827.8
2025-04-01,CC400,2000,600000,Opex,76206.58
2025-05-01,CC400,2000,600000,Opex,75870.72
2025-06-01,CC400,2000,600000,Opex,76792.65
2025-07-01,CC400,2000,600000,Opex,72623.86
2025-08-01,CC400,2000,600000,Opex,76950.22
2025-09-01,CC400,2000,600000,Opex,81183.68
2025-10-01,CC400,2000,600000,Opex,77631.72
2025-11-01,CC400,2000,600000,Opex,80777.28
2025-12-01,CC400,2000,600000,Opex,80401.75
2025-01-01,CC400,2000,600100,Opex,14657.58
2025-02-01,CC400,2000,600100,Opex,14765.14
2025-03-01,CC400,2000,600100,Opex,14861.03
2025-04-01,CC400,2000,600100,Opex,15113.54
2025-05-01,CC400,2000,600100,Opex,15022.49
2025-06-01,CC400,2000,600100,Opex,15321.67
2025-07-01,CC400,2000,600100,Opex,15517.49
2025-08-01,CC400,2000,600100,Opex,15975.79
2025-09-01,CC400,2000,600100,Opex,15883.81
2025-10-01,CC400,2000,600100,Opex,16484.39
2025-11-01,CC400,2000,600100,Opex,16521.03
2025-12-01,CC400,2000,600100,Opex,17025.73
2025-01-01,CC400,2000,600200,Opex,5429.64
2025-02-01,CC400,2000,600200,Opex,5343.75
2025-03-01,CC400,2000,600200,Opex,5548.24
2025-04-01,CC400,2000,600200,Opex,5837.12
2025-05-01,CC400,2000,600200,Opex,5714.59
2025-06-01,CC400,2000,600200,Opex,5767.09
2025-07-01,CC400,2000,600200,Opex,5746.38
2025-08-01,CC400,2000,600200,Opex,5999.15
2025-09-01,CC400,2000,600200,Opex,6241.13
2025-10-01,CC400,2000,600200,Opex,6088.47
2025-11-01,CC400,2000,600200,Opex,6308.11
2025-12-01,CC400,2000,600200,Opex,6322.57
2025-01-01,CC400,2000,620000,Opex,1755.04
2025-02-01,CC400,2000,620000,Opex,1771.01
2025-03-01,CC400,2000,620000,Opex,2160.68
2025-04-01,CC400,2000,620000,Opex,2086.39
2025-05-01,CC400,2000,620000,Opex,2082.73
2025-06-01,CC400,2000,620000,Opex,2022.98
2025-07-01,CC400,2000,620000,Opex,2530.37
2025-08-01,CC400,2000,620000,Opex,1989.53
2025-09-01,CC400,2000,620000,Opex,1736.07
2025-10-01,CC400,2000,620000,Opex,1950.46
2025-11-01,CC400,2000,620000,Opex,2245.73
2025-12-01,CC400,2000,620000,Opex,1932.19
2025-01-01,CC400,2000,630000,Opex,4839.16
2025-02-01,CC400,2000,630000,Opex,4295.76
2025-03-01,CC400,2000,630000,Opex,4724.84
2025-04-01,CC400,2000,630000,Opex,3845.15
2025-05-01,CC400,2000,630000,Opex,5133.12
2025-06-01,CC400,2000,630000,Opex,4073.61
2025-07-01,CC400,2000,630000,Opex,4956.96
2025-08-01,CC400,2000,630000,Opex,4571.16
2025-09-01,CC400,2000,630000,Opex,5298.53
2025-10-01,CC400,2000,630000,Opex,5632.01
2025-11-01,CC400,2000,630000,Opex,4430.02
2025-12-01,CC400,2000,630000,Opex,4276.9
2025-01-01,CC400,2000,640000,Opex,2836.66
2025-02-01,CC400,2000,640000,Opex,2624.71
2025-03-01,CC400,2000,640000,Opex,2458.59
2025-04-01,CC400,2000,640000,Opex,2525.14
2025-05-01,CC400,2000,640000,Opex,2794.94
2025-06-01,CC400,2000,640000,Opex,3051.15
2025-07-01,CC400,2000,640000,Opex,3030.38
2025-08-01,CC400,2000,640000,Opex,3095.37
2025-09-01,CC400,2000,640000,Opex,3139.09
2025-10-01,CC400,2000,640000,Opex,3059.67
2025-11-01,CC400,2000,640000,Opex,3002.99
2025-12-01,CC400,2000,640000,Opex,3039.97
2025-01-01,CC400,3000,600000,Opex,35125.49
2025-02-01,CC400,3000,600000,Opex,36118.17
2025-03-01,CC400,3000,600000,Opex,35792.08
2025-04-01,CC400,3000,600000,Opex,37497.65
2025-05-01,CC400,3000,600000,Opex,37774.56
2025-06-01,CC400,3000,600000,Opex,37866.47
2025-07-01,CC400,3000,600000,Opex,37760.26
2025-08-01,CC400,3000,600000,Opex,39192.28
2025-09-01,CC400,3000,600000,Opex,37327.02
2025-10-01,CC400,3000,600000,Opex,39340.6
2025-11-01,CC400,3000,600000,Opex,39813.6
2025-12-01,CC400,3000,600000,Opex,42365.74
2025-01-01,CC400,3000,600100,Opex,7371.81
2025-02-01,CC400,3000,600100,Opex,7264.85
2025-03-01,CC400,3000,600100,Opex,7588.9
2025-04-01,CC400,3000,600100,Opex,7583.19
2025-05-01,CC400,3000,600100,Opex,7524.17
2025-06-01,CC400,3000,600100,Opex,7952.04
2025-07-01,CC400,3000,600100,Opex,7938.28
2025-08-01,CC400,3000,600100,Opex,7922.06
2025-09-01,CC400,3000,600100,Opex,8092.5
2025-10-01,CC400,3000,600100,Opex,8458.02
2025-11-01,CC400,3000,600100,Opex,8280.54
2025-12-01,CC400,3000,600100,Opex,8467.47
2025-01-01,CC400,3000,600200,Opex,2700.76
2025-02-01,CC400,3000,600200,Opex,2831.99
2025-03-01,CC400,3000,600200,Opex,2839.38
2025-04-01,CC400,3000,600200,Opex,2788.65
2025-05-01,CC400,3000,600200,Opex,2889.13
2025-06-01,CC400,3000,600200,Opex,2896.95
2025-07-01,CC400,3000,600200,Opex,2951.18
2025-08-01,CC400,3000,600200,Opex,2975.73
2025-09-01,CC400,3000,600200,Opex,3050.26
2025-10-01,CC400,3000,600200,Opex,3045.47
2025-11-01,CC400,3000,600200,Opex,3212.19
2025-12-01,CC400,3000,600200,Opex,3056.47
2025-01-01,CC400,3000,620000,Opex,1014.9
2025-02-01,CC400,3000,620000,Opex,922.44
2025-03-01,CC400,3000,620000,Opex,968.56
2025-04-01,CC400,3000,620000,Opex,1012.67
2025-05-01,CC400,3000,620000,Opex,1025.76
2025-06-01,CC400,3000,620000,Opex,873.02
2025-07-01,CC400,3000,620000,Opex,1033.44
2025-08-01,CC400,3000,620000,Opex,1114.23
2025-09-01,CC400,3000,620000,Opex,1011.4
2025-10-01,CC400,3000,620000,Opex,1104.9
2025-11-01,CC400,3000,620000,Opex,1081.91
2025-12-01,CC400,3000,620000,Opex,884.81
2025-01-01,CC400,3000,630000,Opex,1853.5
2025-02-01,CC400,3000,630000,Opex,2308.28
2025-03-01,CC400,3000,630000,Opex,2404.72
2025-04-01,CC400,3000,630000,Opex,2272.64
2025-05-01,CC400,3000,630000,Opex,2640.82
2025-06-01,CC400,3000,630000,Opex,2567.58
2025-07-01,CC400,3000,630000,Opex,2538.13
2025-08-01,CC400,3000,630000,Opex,2461.71
2025-09-01,CC400,3000,630000,Opex,2349.71
2025-10-01,CC400,3000,630000,Opex,3022.4
2025-11-01,CC400,3000,630000,Opex,2471.38
2025-12-01,CC400,3000,630000,Opex,2744.15
2025-01-01,CC400,3000,640000,Opex,1229.34
2025-02-01,CC400,3000,640000,Opex,1339.52
2025-03-01,CC400,3000,640000,Opex,1386.59
2025-04-01,CC400,3000,640000,Opex,1436.5
2025-05-01,CC400,3000,640000,Opex,1527.79
2025-06-01,CC400,3000,640000,Opex,1454.79
2025-07-01,CC400,3000,640000,Opex,1762.04
2025-08-01,CC400,3000,640000,Opex,1524.77
2025-09-01,CC400,3000,640000,Opex,1791.45
2025-10-01,CC400,3000,640000,Opex,1606.46
2025-11-01,CC400,3000,640000,Opex,1452.18
2025-12-01,CC400,3000,640000,Opex,1740.17
2025-01-01,CC500,1000,500000,Opex,288212.04
2025-02-01,CC500,1000,500000,Opex,347221.91
2025-03-01,CC500,1000,500000,Opex,373013.7
2025-04-01,CC500,1000,500000,Opex,443949.03
2025-05-01,CC500,1000,500000,Opex,414482.89
2025-06-01,CC500,1000,500000,Opex,387528.52
2025-07-01,CC500,1000,500000,Opex,420101.83
2025-08-01,CC500,1000,500000,Opex,389681.15
2025-09-01,CC500,1000,500000,Opex,494170.87
2025-10-01,CC500,1000,500000,Opex,402469.64
2025-11-01,CC500,1000,500000,Opex,416416.63
2025-12-01,CC500,1000,500000,Opex,374014.38
2025-01-01,CC500,1000,500100,Opex,206345.39
2025-02-01,CC500,1000,500100,Opex,154454.57
2025-03-01,CC500,1000,500100,Opex,134988.32
2025-04-01,CC500,1000,500100,Opex,165486.67
2025-05-01,CC500,1000,500100,Opex,173022.22
2025-06-01,CC500,1000,500100,Opex,182198.35
2025-07-01,CC500,1000,500100,Opex,154898.47
2025-08-01,CC500,1000,500100,Opex,166369.27
2025-09-01,CC500,1000,500100,Opex,177107.0
2025-10-01,CC500,1000,500100,Opex,192431.46
2025-11-01,CC500,1000,500100,Opex,193799.79
2025-12-01,CC500,1000,500100,Opex,158269.02
2025-01-01,CC500,1000,600000,Opex,80604.85
2025-02-01,CC500,1000,600000,Opex,83089.3
2025-03-01,CC500,1000,600000,Opex,86498.92
2025-04-01,CC500,1000,600000,Opex,86159.75
2025-05-01,CC500,1000,600000,Opex,86422.94
2025-06-01,CC500,1000,600000,Opex,87208.9
2025-07-01,CC500,1000,600000,Opex,86689.45
2025-08-01,CC500,1000,600000,Opex,89304.2
2025-09-01,CC500,1000,600000,Opex,91130.41
2025-10-01,CC500,1000,600000,Opex,92946.82
2025-11-01,CC500,1000,600000,Opex,95891.65
2025-12-01,CC500,1000,600000,Opex,94764.08
2025-01-01,CC500,1000,600100,Opex,16553.79
2025-02-01,CC500,1000,600100,Opex,17271.61
2025-03-01,CC500,1000,600100,Opex,16678.29
2025-04-01,CC500,1000,600100,Opex,18160.16
2025-05-01,CC500,1000,600100,Opex,17712.65
2025-06-01,CC500,1000,600100,Opex,18032.5
2025-07-01,CC500,1000,600100,Opex,18366.31
2025-08-01,CC500,1000,600100,Opex,19163.0
2025-09-01,CC500,1000,600100,Opex,18484.5
2025-10-01,CC500,1000,600100,Opex,19075.5
2025-11-01,CC500,1000,600100,Opex,19642.02
2025-12-01,CC500,1000,600100,Opex,19586.94
2025-01-01,CC500,1000,600200,Opex,6455.21
2025-02-01,CC500,1000,600200,Opex,6261.21
2025-03-01,CC500,1000,600200,Opex,6354.17
2025-04-01,CC500,1000,600200,Opex,6346.15
2025-05-01,CC500,1000,600200,Opex,6553.6
2025-06-01,CC500,1000,600200,Opex,6682.1
2025-07-01,CC500,1000,600200,Opex,6696.32
2025-08-01,CC500,1000,600200,Opex,7087.5
2025-09-01,CC500,1000,600200,Opex,7291.51
2025-10-01,CC500,1000,600200,Opex,6823.78
2025-11-01,CC500,1000,600200,Opex,7534.78
2025-12-01,CC500,1000,600200,Opex,7554.01
2025-01-01,CC500,2000,500000,Opex,206422.42
2025-02-01,CC500,2000,500000,Opex,218734.08
2025-03-01,CC500,2000,500000,Opex,210735.26
2025-04-01,CC500,2000,500000,Opex,225474.82
2025-05-01,CC500,2000,500000,Opex,234498.73
2025-06-01,CC500,2000,500000,Opex,241046.21
2025-07-01,CC500,2000,500000,Opex,236586.51
2025-08-01,CC500,2000,500000,Opex,228499.78
2025-09-01,CC500,2000,500000,Opex,211316.75
2025-10-01,CC500,2000,500000,Opex,265731.13
2025-11-01,CC500,2000,500000,Opex,249291.12
2025-12-01,CC500,2000,500000,Opex,166666.93
2025-01-01,CC500,2000,500100,Opex,90492.9
2025-02-01,CC500,2000,500100,Opex,88468.88
2025-03-01,CC500,2000,500100,Opex,77153.97
2025-04-01,CC500,2000,500100,Opex,87349.01
2025-05-01,CC500,2000,500100,Opex,86226.77
2025-06-01,CC500,2000,500100,Opex,79037.11
2025-07-01,CC500,2000,500100,Opex,81296.63
2025-08-01,CC500,2000,500100,Opex,111116.74
2025-09-01,CC500,2000,500100,Opex,106899.54
2025-10-01,CC500,2000,500100,Opex,109435.93
2025-11-01,CC500,2000,500100,Opex,97495.46
2025-12-01,CC500,2000,500100,Opex,95155.68
2025-01-01,CC500,2000,600000,Opex,45670.21
2025-02-01,CC500,2000,600000,Opex,43620.22
2025-03-01,CC500,2000,600000,Opex,45743.37
2025-04-01,CC500,2000,600000,Opex,45181.29
2025-05-01,CC500,2000,600000,Opex,47556.32
2025-06-01,CC500,2000,600000,Opex,46786.3
2025-07-01,CC500,2000,600000,Opex,47886.71
2025-08-01,CC500,2000,600000,Opex,49678.32
2025-09-01,CC500,2000,600000,Opex,50496.75
2025-10-01,CC500,2000,600000,Opex,50548.21
2025-11-01,CC500,2000,600000,Opex,51805.72
2025-12-01,CC500,2000,600000,Opex,51213.98
2025-01-01,CC500,2000,600100,Opex,9215.43
2025-02-01,CC500,2000,600100,Opex,9044.58
2025-03-01,CC500,2000,600100,Opex,9729.27
2025-04-01,CC500,2000,600100,Opex,9186.5
2025-05-01,CC500,2000,600100,Opex,9558.45
2025-06-01,CC500,2000,600100,Opex,9370.68
2025-07-01,CC500,2000,600100,Opex,9847.14
2025-08-01,CC500,2000,600100,Opex,10224.18
2025-09-01,CC500,2000,600100,Opex,10425.32
2025-10-01,CC500,2000,600100,Opex,10087.32
2025-11-01,CC500,2000,600100,Opex,10880.9
2025-12-01,CC500,2000,600100,Opex,10850.25
2025-01-01,CC500,2000,600200,Opex,3436.65
2025-02-01,CC500,2000,600200,Opex,3415.37
2025-03-01,CC500,2000,600200,Opex,3532.61
2025-04-01,CC500,2000,600200,Opex,3525.72
2025-05-01,CC500,2000,600200,Opex,3466.52
2025-06-01,CC500,2000,600200,Opex,3757.7
2025-07-01,CC500,2000,600200,Opex,3787.09
2025-08-01,CC500,2000,600200,Opex,3813.87
2025-09-01,CC500,2000,600200,Opex,3750.81
2025-10-01,CC500,2000,600200,Opex,3888.05
2025-11-01,CC500,2000,600200,Opex,3920.07
2025-12-01,CC500,2000,600200,Opex,3864.94
2025-01-01,CC500,3000,500000,Opex,98365.59
2025-02-01,CC500,3000,500000,Opex,104500.06
2025-03-01,CC500,3000,500000,Opex,113719.29
2025-04-01,CC500,3000,500000,Opex,92217.3
2025-05-01,CC500,3000,500000,Opex,116856.16
2025-06-01,CC500,3000,500000,Opex,109009.96
2025-07-01,CC500,3000,500000,Opex,108154.36
2025-08-01,CC500,3000,500000,Opex,99360.14
2025-09-01,CC500,3000,500000,Opex,133113.41
2025-10-01,CC500,3000,500000,Opex,92331.42
2025-11-01,CC500,3000,500000,Opex,114654.96
2025-12-01,CC500,3000,500000,Opex,111476.89
2025-01-01,CC500,3000,500100,Opex,42354.79
2025-02-01,CC500,3000,500100,Opex,42657.82
2025-03-01,CC500,3000,500100,Opex,45609.36
2025-04-01,CC500,3000,500100,Opex,46822.91
2025-05-01,CC500,3000,500100,Opex,48075.55
2025-06-01,CC500,3000,500100,Opex,44319.44
2025-07-01,CC500,3000,500100,Opex,45918.51
2025-08-01,CC500,3000,500100,Opex,49375.55
2025-09-01,CC500,3000,500100,Opex,45064.84
2025-10-01,CC500,3000,500100,Opex,43288.19
2025-11-01,CC500,3000,500100,Opex,50783.14
2025-12-01,CC500,3000,500100,Opex,55575.18
2025-01-01,CC500,3000,600000,Opex,22651.35
2025-02-01,CC500,3000,600000,Opex,22500.2
2025-03-01,CC500,3000,600000,Opex,22187.15
2025-04-01,CC500,3000,600000,Opex,24203.66
2025-05-01,CC500,3000,600000,Opex,23140.15
2025-06-01,CC500,3000,600000,Opex,23924.83
2025-07-01,CC500,3000,600000,Opex,24664.73
2025-08-01,CC500,3000,600000,Opex,25221.88
2025-09-01,CC500,3000,600000,Opex,25581.75
2025-10-01,CC500,3000,600000,Opex,24772.04
2025-11-01,CC500,3000,600000,Opex,25818.97
2025-12-01,CC500,3000,600000,Opex,26195.3
2025-01-01,CC500,3000,600100,Opex,4638.22
2025-02-01,CC500,3000,600100,Opex,4675.87
2025-03-01,CC500,3000,600100,Opex,4573.43
2025-04-01,CC500,3000,600100,Opex,4679.33
2025-05-01,CC500,3000,600100,Opex,4897.03
2025-06-01,CC500,3000,600100,Opex,4792.19
2025-07-01,CC500,3000,600100,Opex,4982.15
2025-08-01,CC500,3000,600100,Opex,5084.48
2025-09-01,CC500,3000,600100,Opex,5133.61
2025-10-01,CC500,3000,600100,Opex,5184.57
2025-11-01,CC500,3000,600100,Opex,5312.74
2025-12-01,CC500,3000,600100,Opex,5442.33
2025-01-01,CC500,3000,600200,Opex,1723.3
2025-02-01,CC500,3000,600200,Opex,1719.37
2025-03-01,CC500,3000,600200,Opex,1717.03
2025-04-01,CC500,3000,600200,Opex,1806.77
2025-05-01,CC500,3000,600200,Opex,1797.07
2025-06-01,CC500,3000,600200,Opex,1824.9
2025-07-01,CC500,3000,600200,Opex,1847.5
2025-08-01,CC500,3000,600200,Opex,1935.2
2025-09-01,CC500,3000,600200,Opex,1870.18
2025-10-01,CC500,3000,600200,Opex,1893.92
2025-11-01,CC500,3000,600200,Opex,1998.66
2025-12-01,CC500,3000,600200,Opex,1974.57
2026-01-01,PC10,1000,400000,Revenue,1164289.36
2026-02-01,PC10,1000,400000,Revenue,1186487.64
2026-03-01,PC10,1000,400000,Revenue,1175925.4
2026-04-01,PC10,1000,400000,Revenue,1217496.96
2026-05-01,PC10,1000,400000,Revenue,1245434.34
2026-06-01,PC10,1000,400000,Revenue,1260879.83
2026-07-01,PC10,1000,400000,Revenue,1275485.76
2026-08-01,PC10,1000,400000,Revenue,1288959.85
2026-09-01,PC10,1000,400000,Revenue,1300731.9
2026-10-01,PC10,1000,400000,Revenue,1325628.24
2026-11-01,PC10,1000,400000,Revenue,1342411.81
2026-12-01,PC10,1000,400000,Revenue,1372532.56
2026-01-01,PC10,2000,400000,Revenue,635066.92
2026-02-01,PC10,2000,400000,Revenue,647175.07
2026-03-01,PC10,2000,400000,Revenue,641413.85
2026-04-01,PC10,2000,400000,Revenue,664089.25
2026-05-01,PC10,2000,400000,Revenue,679327.82
2026-06-01,PC10,2000,400000,Revenue,687752.63
2026-07-01,PC10,2000,400000,Revenue,695719.51
2026-08-01,PC10,2000,400000,Revenue,703069.01
2026-09-01,PC10,2000,400000,Revenue,709490.12
2026-10-01,PC10,2000,400000,Revenue,723069.95
2026-11-01,PC10,2000,400000,Revenue,732224.63
2026-12-01,PC10,2000,400000,Revenue,748654.12
2026-01-01,PC10,3000,400000,Revenue,317533.46
2026-02-01,PC10,3000,400000,Revenue,323587.54
2026-03-01,PC10,3000,400000,Revenue,320706.92
2026-04-01,PC10,3000,400000,Revenue,332044.63
2026-05-01,PC10,3000,400000,Revenue,339663.91
2026-06-01,PC10,3000,400000,Revenue,343876.32
2026-07-01,PC10,3000,400000,Revenue,347859.76
2026-08-01,PC10,3000,400000,Revenue,351534.5
2026-09-01,PC10,3000,400000,Revenue,354745.07
2026-10-01,PC10,3000,400000,Revenue,361534.97
2026-11-01,PC10,3000,400000,Revenue,366112.31
2026-12-01,PC10,3000,400000,Revenue,374327.06
2026-01-01,PC20,1000,400000,Revenue,847143.22
2026-02-01,PC20,1000,400000,Revenue,865551.66
2026-03-01,PC20,1000,400000,Revenue,867191.48
2026-04-01,PC20,1000,400000,Revenue,885547.38
2026-05-01,PC20,1000,400000,Revenue,875846.8
2026-06-01,PC20,1000,400000,Revenue,888266.29
2026-07-01,PC20,1000,400000,Revenue,899719.15
2026-08-01,PC20,1000,400000,Revenue,907950.13
2026-09-01,PC20,1000,400000,Revenue,926556.85
2026-10-01,PC20,1000,400000,Revenue,933871.32
2026-11-01,PC20,1000,400000,Revenue,948141.97
2026-12-01,PC20,1000,400000,Revenue,959455.56
2026-01-01,PC20,2000,400000,Revenue,462078.12
2026-02-01,PC20,2000,400000,Revenue,472119.08
2026-03-01,PC20,2000,400000,Revenue,473013.54
2026-04-01,PC20,2000,400000,Revenue,483025.85
2026-05-01,PC20,2000,400000,Revenue,477734.62
2026-06-01,PC20,2000,400000,Revenue,484508.89
2026-07-01,PC20,2000,400000,Revenue,490755.9
2026-08-01,PC20,2000,400000,Revenue,495245.52
2026-09-01,PC20,2000,400000,Revenue,505394.64
2026-10-01,PC20,2000,400000,Revenue,509384.35
2026-11-01,PC20,2000,400000,Revenue,517168.34
2026-12-01,PC20,2000,400000,Revenue,523339.4
2026-01-01,PC20,3000,400000,Revenue,231039.06
2026-02-01,PC20,3000,400000,Revenue,236059.55
2026-03-01,PC20,3000,400000,Revenue,236506.76
2026-04-01,PC20,3000,400000,Revenue,241512.92
2026-05-01,PC20,3000,400000,Revenue,238867.31
2026-06-01,PC20,3000,400000,Revenue,242254.44
2026-07-01,PC20,3000,400000,Revenue,245377.96
2026-08-01,PC20,3000,400000,Revenue,247622.76
2026-09-01,PC20,3000,400000,Revenue,252697.32
2026-10-01,PC20,3000,400000,Revenue,254692.18
2026-11-01,PC20,3000,400000,Revenue,258584.17
2026-12-01,PC20,3000,400000,Revenue,261669.7
2026-01-01,PC30,1000,400100,Revenue,233476.49
2026-02-01,PC30,1000,400100,Revenue,249568.02
2026-03-01,PC30,1000,400100,Revenue,228749.63
2026-04-01,PC30,1000,400100,Revenue,219179.9
2026-05-01,PC30,1000,400100,Revenue,213527.11
2026-06-01,PC30,1000,400100,Revenue,256703.54
2026-07-01,PC30,1000,400100,Revenue,232675.38
2026-08-01,PC30,1000,400100,Revenue,237371.41
2026-09-01,PC30,1000,400100,Revenue,265994.36
2026-10-01,PC30,1000,400100,Revenue,229438.92
2026-11-01,PC30,1000,400100,Revenue,244627.24
2026-12-01,PC30,1000,400100,Revenue,227582.3
2026-01-01,PC30,2000,400100,Revenue,127350.8
2026-02-01,PC30,2000,400100,Revenue,136128.01
2026-03-01,PC30,2000,400100,Revenue,124772.53
2026-04-01,PC30,2000,400100,Revenue,119552.68
2026-05-01,PC30,2000,400100,Revenue,116469.34
2026-06-01,PC30,2000,400100,Revenue,140020.12
2026-07-01,PC30,2000,400100,Revenue,126913.85
2026-08-01,PC30,2000,400100,Revenue,129475.32
2026-09-01,PC30,2000,400100,Revenue,145087.84
2026-10-01,PC30,2000,400100,Revenue,125148.5
2026-11-01,PC30,2000,400100,Revenue,133433.04
2026-12-01,PC30,2000,400100,Revenue,124135.8
2026-01-01,PC30,3000,400100,Revenue,63675.41
2026-02-01,PC30,3000,400100,Revenue,68064.0
2026-03-01,PC30,3000,400100,Revenue,62386.26
2026-04-01,PC30,3000,400100,Revenue,59776.33
2026-05-01,PC30,3000,400100,Revenue,58234.67
2026-06-01,PC30,3000,400100,Revenue,70010.05
2026-07-01,PC30,3000,400100,Revenue,63456.92
2026-08-01,PC30,3000,400100,Revenue,64737.66
2026-09-01,PC30,3000,400100,Revenue,72543.91
2026-10-01,PC30,3000,400100,Revenue,62574.25
2026-11-01,PC30,3000,400100,Revenue,66716.52
2026-12-01,PC30,3000,400100,Revenue,62067.9
2026-01-01,PC40,1000,400200,Revenue,465355.0
2026-02-01,PC40,1000,400200,Revenue,472668.19
2026-03-01,PC40,1000,400200,Revenue,479846.22
2026-04-01,PC40,1000,400200,Revenue,483438.71
2026-05-01,PC40,1000,400200,Revenue,483309.53
2026-06-01,PC40,1000,400200,Revenue,488937.83
2026-07-01,PC40,1000,400200,Revenue,493756.81
2026-08-01,PC40,1000,400200,Revenue,495634.33
2026-09-01,PC40,1000,400200,Revenue,500234.95
2026-10-01,PC40,1000,400200,Revenue,502027.12
2026-11-01,PC40,1000,400200,Revenue,501172.54
2026-12-01,PC40,1000,400200,Revenue,507060.74
2026-01-01,PC40,2000,400200,Revenue,253830.0
2026-02-01,PC40,2000,400200,Revenue,257819.02
2026-03-01,PC40,2000,400200,Revenue,261734.3
2026-04-01,PC40,2000,400200,Revenue,263693.83
2026-05-01,PC40,2000,400200,Revenue,263623.38
2026-06-01,PC40,2000,400200,Revenue,266693.36
2026-07-01,PC40,2000,400200,Revenue,269321.9
2026-08-01,PC40,2000,400200,Revenue,270346.0
2026-09-01,PC40,2000,400200,Revenue,272855.42
2026-10-01,PC40,2000,400200,Revenue,273832.97
2026-11-01,PC40,2000,400200,Revenue,273366.84
2026-12-01,PC40,2000,400200,Revenue,276578.59
2026-01-01,PC40,3000,400200,Revenue,126915.0
2026-02-01,PC40,3000,400200,Revenue,128909.51
2026-03-01,PC40,3000,400200,Revenue,130867.15
2026-04-01,PC40,3000,400200,Revenue,131846.92
2026-05-01,PC40,3000,400200,Revenue,131811.68
2026-06-01,PC40,3000,400200,Revenue,133346.68
2026-07-01,PC40,3000,400200,Revenue,134660.95
2026-08-01,PC40,3000,400200,Revenue,135173.0
2026-09-01,PC40,3000,400200,Revenue,136427.71
2026-10-01,PC40,3000,400200,Revenue,136916.48
2026-11-01,PC40,3000,400200,Revenue,136683.42
2026-12-01,PC40,3000,400200,Revenue,138289.3
2026-01-01,CC100,1000,600000,Opex,255607.23
2026-02-01,CC100,1000,600000,Opex,269156.05
2026-03-01,CC100,1000,600000,Opex,266101.05
2026-04-01,CC100,1000,600000,Opex,290293.69
2026-05-01,CC100,1000,600000,Opex,279926.51
2026-06-01,CC100,1000,600000,Opex,279906.58
2026-07-01,CC100,1000,600000,Opex,278691.28
2026-08-01,CC100,1000,600000,Opex,280730.01
2026-09-01,CC100,1000,600000,Opex,287984.11
2026-10-01,CC100,1000,600000,Opex,289878.61
2026-11-01,CC100,1000,600000,Opex,296885.99
2026-12-01,CC100,1000,600000,Opex,302770.57
2026-01-01,CC100,1000,600100,Opex,54045.86
2026-02-01,CC100,1000,600100,Opex,55068.1
2026-03-01,CC100,1000,600100,Opex,55863.18
2026-04-01,CC100,1000,600100,Opex,56002.42
2026-05-01,CC100,1000,600100,Opex,60038.62
2026-06-01,CC100,1000,600100,Opex,56406.76
2026-07-01,CC100,1000,600100,Opex,57289.3
2026-08-01,CC100,1000,600100,Opex,58639.25
2026-09-01,CC100,1000,600100,Opex,58488.46
2026-10-01,CC100,1000,600100,Opex,60300.16
2026-11-01,CC100,1000,600100,Opex,58081.57
2026-12-01,CC100,1000,600100,Opex,60473.13
2026-01-01,CC100,1000,600200,Opex,20503.71
2026-02-01,CC100,1000,600200,Opex,21111.9
2026-03-01,CC100,1000,600200,Opex,20859.41
2026-04-01,CC100,1000,600200,Opex,21280.99
2026-05-01,CC100,1000,600200,Opex,21337.09
2026-06-01,CC100,1000,600200,Opex,21890.04
2026-07-01,CC100,1000,600200,Opex,22690.57
2026-08-01,CC100,1000,600200,Opex,22252.08
2026-09-01,CC100,1000,600200,Opex,22042.73
2026-10-01,CC100,1000,600200,Opex,22542.85
2026-11-01,CC100,1000,600200,Opex,22978.42
2026-12-01,CC100,1000,600200,Opex,23770.72
2026-01-01,CC100,1000,610000,Opex,124503.68
2026-02-01,CC100,1000,610000,Opex,117588.27
2026-03-01,CC100,1000,610000,Opex,132406.03
2026-04-01,CC100,1000,610000,Opex,130250.44
2026-05-01,CC100,1000,610000,Opex,121083.86
2026-06-01,CC100,1000,610000,Opex,126098.39
2026-07-01,CC100,1000,610000,Opex,127157.72
2026-08-01,CC100,1000,610000,Opex,124587.67
2026-09-01,CC100,1000,610000,Opex,124376.19
2026-10-01,CC100,1000,610000,Opex,137258.76
2026-11-01,CC100,1000,610000,Opex,125306.37
2026-12-01,CC100,1000,610000,Opex,108512.11
2026-01-01,CC100,1000,620000,Opex,16153.82
2026-02-01,CC100,1000,620000,Opex,17179.23
2026-03-01,CC100,1000,620000,Opex,15789.61
2026-04-01,CC100,1000,620000,Opex,17767.0
2026-05-01,CC100,1000,620000,Opex,21613.83
2026-06-01,CC100,1000,620000,Opex,19031.28
2026-07-01,CC100,1000,620000,Opex,19584.83
2026-08-01,CC100,1000,620000,Opex,20142.68
2026-09-01,CC100,1000,620000,Opex,18064.23
2026-10-01,CC100,1000,620000,Opex,17046.75
2026-11-01,CC100,1000,620000,Opex,22582.0
2026-12-01,CC100,1000,620000,Opex,21678.39
2026-01-01,CC100,1000,630000,Opex,13664.17
2026-02-01,CC100,1000,630000,Opex,14968.57
2026-03-01,CC100,1000,630000,Opex,15182.95
2026-04-01,CC100,1000,630000,Opex,12886.86
2026-05-01,CC100,1000,630000,Opex,13219.58
2026-06-01,CC100,1000,630000,Opex,13725.99
2026-07-01,CC100,1000,630000,Opex,13382.04
2026-08-01,CC100,1000,630000,Opex,16678.38
2026-09-01,CC100,1000,630000,Opex,15004.46
2026-10-01,CC100,1000,630000,Opex,11994.9
2026-11-01,CC100,1000,630000,Opex,13977.68
2026-12-01,CC100,1000,630000,Opex,14988.45
2026-01-01,CC100,1000,640000,Opex,7671.64
2026-02-01,CC100,1000,640000,Opex,8457.35
2026-03-01,CC100,1000,640000,Opex,12036.14
2026-04-01,CC100,1000,640000,Opex,11920.38
2026-05-01,CC100,1000,640000,Opex,10219.6
2026-06-01,CC100,1000,640000,Opex,12202.39
2026-07-01,CC100,1000,640000,Opex,10048.57
2026-08-01,CC100,1000,640000,Opex,9921.38
2026-09-01,CC100,1000,640000,Opex,9924.98
2026-10-01,CC100,1000,640000,Opex,10680.4
2026-11-01,CC100,1000,640000,Opex,9443.99
2026-12-01,CC100,1000,640000,Opex,12487.75
2026-01-01,CC100,2000,600000,Opex,143100.49
2026-02-01,CC100,2000,600000,Opex,152066.73
2026-03-01,CC100,2000,600000,Opex,152468.67
2026-04-01,CC100,2000,600000,Opex,159684.52
2026-05-01,CC100,2000,600000,Opex,152488.11
2026-06-01,CC100,2000,600000,Opex,151519.68
2026-07-01,CC100,2000,600000,Opex,157905.02
2026-08-01,CC100,2000,600000,Opex,152303.96
2026-09-01,CC100,2000,600000,Opex,153017.8
2026-10-01,CC100,2000,600000,Opex,160644.87
2026-11-01,CC100,2000,600000,Opex,159202.73
2026-12-01,CC100,2000,600000,Opex,163253.28
2026-01-01,CC100,2000,600100,Opex,30015.34
2026-02-01,CC100,2000,600100,Opex,30436.05
2026-03-01,CC100,2000,600100,Opex,31021.79
2026-04-01,CC100,2000,600100,Opex,31426.09
2026-05-01,CC100,2000,600100,Opex,31899.37
2026-06-01,CC100,2000,600100,Opex,32718.94
2026-07-01,CC100,2000,600100,Opex,30848.94
2026-08-01,CC100,2000,600100,Opex,31684.47
2026-09-01,CC100,2000,600100,Opex,31149.47
2026-10-01,CC100,2000,600100,Opex,33205.95
2026-11-01,CC100,2000,600100,Opex,31665.16
2026-12-01,CC100,2000,600100,Opex,34196.5
2026-01-01,CC100,2000,600200,Opex,10935.44
2026-02-01,CC100,2000,600200,Opex,11303.16
2026-03-01,CC100,2000,600200,Opex,11338.98
2026-04-01,CC100,2000,600200,Opex,11526.49
2026-05-01,CC100,2000,600200,Opex,11813.35
2026-06-01,CC100,2000,600200,Opex,11448.74
2026-07-01,CC100,2000,600200,Opex,11790.53
2026-08-01,CC100,2000,600200,Opex,11988.44
2026-09-01,CC100,2000,600200,Opex,11630.17
2026-10-01,CC100,2000,600200,Opex,12286.77
2026-11-01,CC100,2000,600200,Opex,12548.6
2026-12-01,CC100,2000,600200,Opex,12440.8
2026-01-01,CC100,2000,610000,Opex,65452.18
2026-02-01,CC100,2000,610000,Opex,65888.95
2026-03-01,CC100,2000,610000,Opex,61762.9
2026-04-01,CC100,2000,610000,Opex,57869.31
2026-05-01,CC100,2000,610000,Opex,59755.18
2026-06-01,CC100,2000,610000,Opex,72211.84
2026-07-01,CC100,2000,610000,Opex,69590.01
2026-08-01,CC100,2000,610000,Opex,65858.93
2026-09-01,CC100,2000,610000,Opex,61554.39
2026-10-01,CC100,2000,610000,Opex,73702.65
2026-11-01,CC100,2000,610000,Opex,57224.12
2026-12-01,CC100,2000,610000,Opex,65102.87
2026-01-01,CC100,2000,620000,Opex,9710.87
2026-02-01,CC100,2000,620000,Opex,9461.77
2026-03-01,CC100,2000,620000,Opex,10844.19
2026-04-01,CC100,2000,620000,Opex,10034.64
2026-05-01,CC100,2000,620000,Opex,9281.98
2026-06-01,CC100,2000,620000,Opex,10356.18
2026-07-01,CC100,2000,620000,Opex,10018.06
2026-08-01,CC100,2000,620000,Opex,11271.92
2026-09-01,CC100,2000,620000,Opex,10171.91
2026-10-01,CC100,2000,620000,Opex,10478.78
2026-11-01,CC100,2000,620000,Opex,10331.73
2026-12-01,CC100,2000,620000,Opex,11932.46
2026-01-01,CC100,2000,630000,Opex,7181.65
2026-02-01,CC100,2000,630000,Opex,6282.61
2026-03-01,CC100,2000,630000,Opex,8312.69
2026-04-01,CC100,2000,630000,Opex,8689.7
2026-05-01,CC100,2000,630000,Opex,7366.61
2026-06-01,CC100,2000,630000,Opex,7279.73
2026-07-01,CC100,2000,630000,Opex,7784.23
2026-08-01,CC100,2000,630000,Opex,8280.28
2026-09-01,CC100,2000,630000,Opex,7294.71
2026-10-01,CC100,2000,630000,Opex,7627.27
2026-11-01,CC100,2000,630000,Opex,6529.41
2026-12-01,CC100,2000,630000,Opex,8263.77
2026-01-01,CC100,2000,640000,Opex,5672.37
2026-02-01,CC100,2000,640000,Opex,6550.36
2026-03-01,CC100,2000,640000,Opex,5761.2
2026-04-01,CC100,2000,640000,Opex,6148.27
2026-05-01,CC100,2000,640000,Opex,5836.8
2026-06-01,CC100,2000,640000,Opex,6183.44
2026-07-01,CC100,2000,640000,Opex,6179.93
2026-08-01,CC100,2000,640000,Opex,5981.06
2026-09-01,CC100,2000,640000,Opex,6315.9
2026-10-01,CC100,2000,640000,Opex,5978.52
2026-11-01,CC100,2000,640000,Opex,5983.45
2026-12-01,CC100,2000,640000,Opex,6407.86
2026-01-01,CC100,3000,600000,Opex,71108.71
2026-02-01,CC100,3000,600000,Opex,73669.15
2026-03-01,CC100,3000,600000,Opex,74091.52
2026-04-01,CC100,3000,600000,Opex,75824.22
2026-05-01,CC100,3000,600000,Opex,77599.2
2026-06-01,CC100,3000,600000,Opex,79085.35
2026-07-01,CC100,3000,600000,Opex,78351.07
2026-08-01,CC100,3000,600000,Opex,75224.17
2026-09-01,CC100,3000,600000,Opex,77670.39
2026-10-01,CC100,3000,600000,Opex,81373.58
2026-11-01,CC100,3000,600000,Opex,83496.97
2026-12-01,CC100,3000,600000,Opex,84003.27
2026-01-01,CC100,3000,600100,Opex,14811.31
2026-02-01,CC100,3000,600100,Opex,15232.92
2026-03-01,CC100,3000,600100,Opex,14705.4
2026-04-01,CC100,3000,600100,Opex,15371.11
2026-05-01,CC100,3000,600100,Opex,15915.37
2026-06-01,CC100,3000,600100,Opex,15116.55
2026-07-01,CC100,3000,600100,Opex,16085.26
2026-08-01,CC100,3000,600100,Opex,15468.76
2026-09-01,CC100,3000,600100,Opex,15294.51
2026-10-01,CC100,3000,600100,Opex,15848.31
2026-11-01,CC100,3000,600100,Opex,16702.17
2026-12-01,CC100,3000,600100,Opex,16469.09
2026-01-01,CC100,3000,600200,Opex,5645.36
2026-02-01,CC100,3000,600200,Opex,5769.93
2026-03-01,CC100,3000,600200,Opex,5624.29
2026-04-01,CC100,3000,600200,Opex,5705.51
2026-05-01,CC100,3000,600200,Opex,5708.52
2026-06-01,CC100,3000,600200,Opex,5991.34
2026-07-01,CC100,3000,600200,Opex,5827.42
2026-08-01,CC100,3000,600200,Opex,5991.05
2026-09-01,CC100,3000,600200,Opex,6048.72
2026-10-01,CC100,3000,600200,Opex,6252.93
2026-11-01,CC100,3000,600200,Opex,6111.07
2026-12-01,CC100,3000,600200,Opex,6381.16
2026-01-01,CC100,3000,610000,Opex,33044.89
2026-02-01,CC100,3000,610000,Opex,29656.54
2026-03-01,CC100,3000,610000,Opex,39934.72
2026-04-01,CC100,3000,610000,Opex,36865.6
2026-05-01,CC100,3000,610000,Opex,38199.47
2026-06-01,CC100,3000,610000,Opex,25974.45
2026-07-01,CC100,3000,610000,Opex,33691.64
2026-08-01,CC100,3000,610000,Opex,27341.17
2026-09-01,CC100,3000,610000,Opex,37651.76
2026-10-01,CC100,3000,610000,Opex,34196.42
2026-11-01,CC100,3000,610000,Opex,36161.16
2026-12-01,CC100,3000,610000,Opex,34615.41
2026-01-01,CC100,3000,620000,Opex,4375.14
2026-02-01,CC100,3000,620000,Opex,4941.89
2026-03-01,CC100,3000,620000,Opex,4176.22
2026-04-01,CC100,3000,620000,Opex,5304.92
2026-05-01,CC100,3000,620000,Opex,5056.87
2026-06-01,CC100,3000,620000,Opex,4465.74
2026-07-01,CC100,3000,620000,Opex,5545.73
2026-08-01,CC100,3000,620000,Opex,5467.37
2026-09-01,CC100,3000,620000,Opex,4480.93
2026-10-01,CC100,3000,620000,Opex,5716.8
2026-11-01,CC100,3000,620000,Opex,5191.38
2026-12-01,CC100,3000,620000,Opex,5185.59
2026-01-01,CC100,3000,630000,Opex,3801.56
2026-02-01,CC100,3000,630000,Opex,3673.75
2026-03-01,CC100,3000,630000,Opex,3904.19
2026-04-01,CC100,3000,630000,Opex,3287.53
2026-05-01,CC100,3000,630000,Opex,4492.16
2026-06-01,CC100,3000,630000,Opex,4598.72
2026-07-01,CC100,3000,630000,Opex,4317.65
2026-08-01,CC100,3000,630000,Opex,3908.9
2026-09-01,CC100,3000,630000,Opex,4147.58
2026-10-01,CC100,3000,630000,Opex,3470.11
2026-11-01,CC100,3000,630000,Opex,4341.58
2026-12-01,CC100,3000,630000,Opex,4234.43
2026-01-01,CC100,3000,640000,Opex,2987.93
2026-02-01,CC100,3000,640000,Opex,3070.82
2026-03-01,CC100,3000,640000,Opex,3163.2
2026-04-01,CC100,3000,640000,Opex,3380.12
2026-05-01,CC100,3000,640000,Opex,3090.83
2026-06-01,CC100,3000,640000,Opex,2793.3
2026-07-01,CC100,3000,640000,Opex,2564.26
2026-08-01,CC100,3000,640000,Opex,3944.84
2026-09-01,CC100,3000,640000,Opex,2729.56
2026-10-01,CC100,3000,640000,Opex,3206.1
2026-11-01,CC100,3000,640000,Opex,2684.24
2026-12-01,CC100,3000,640000,Opex,2680.01
2026-01-01,CC200,1000,600000,Opex,486220.01
2026-02-01,CC200,1000,600000,Opex,489998.24
2026-03-01,CC200,1000,600000,Opex,505962.77
2026-04-01,CC200,1000,600000,Opex,532274.47
2026-05-01,CC200,1000,600000,Opex,546505.07
2026-06-01,CC200,1000,600000,Opex,526906.56
2026-07-01,CC200,1000,600000,Opex,555690.94
2026-08-01,CC200,1000,600000,Opex,588846.81
2026-09-01,CC200,1000,600000,Opex,577557.26
2026-10-01,CC200,1000,600000,Opex,566730.2
2026-11-01,CC200,1000,600000,Opex,594570.61
2026-12-01,CC200,1000,600000,Opex,585816.5
2026-01-01,CC200,1000,600100,Opex,106412.28
2026-02-01,CC200,1000,600100,Opex,104770.68
2026-03-01,CC200,1000,600100,Opex,106852.47
2026-04-01,CC200,1000,600100,Opex,110966.73
2026-05-01,CC200,1000,600100,Opex,110711.06
2026-06-01,CC200,1000,600100,Opex,110243.78
2026-07-01,CC200,1000,600100,Opex,108713.8
2026-08-01,CC200,1000,600100,Opex,115040.67
2026-09-01,CC200,1000,600100,Opex,115251.96
2026-10-01,CC200,1000,600100,Opex,114651.22
2026-11-01,CC200,1000,600100,Opex,114015.24
2026-12-01,CC200,1000,600100,Opex,125367.41
2026-01-01,CC200,1000,600200,Opex,38738.23
2026-02-01,CC200,1000,600200,Opex,38892.4
2026-03-01,CC200,1000,600200,Opex,40671.07
2026-04-01,CC200,1000,600200,Opex,39392.86
2026-05-01,CC200,1000,600200,Opex,42240.32
2026-06-01,CC200,1000,600200,Opex,43222.33
2026-07-01,CC200,1000,600200,Opex,42486.91
2026-08-01,CC200,1000,600200,Opex,43205.29
2026-09-01,CC200,1000,600200,Opex,42750.71
2026-10-01,CC200,1000,600200,Opex,44440.01
2026-11-01,CC200,1000,600200,Opex,44631.09
2026-12-01,CC200,1000,600200,Opex,46587.17
2026-01-01,CC200,1000,620000,Opex,8412.73
2026-02-01,CC200,1000,620000,Opex,9145.32
2026-03-01,CC200,1000,620000,Opex,8315.19
2026-04-01,CC200,1000,620000,Opex,10628.66
2026-05-01,CC200,1000,620000,Opex,12620.0
2026-06-01,CC200,1000,620000,Opex,11930.23
2026-07-01,CC200,1000,620000,Opex,9726.4
2026-08-01,CC200,1000,620000,Opex,9051.28
2026-09-01,CC200,1000,620000,Opex,10644.38
2026-10-01,CC200,1000,620000,Opex,9403.49
2026-11-01,CC200,1000,620000,Opex,11325.71
2026-12-01,CC200,1000,620000,Opex,11107.23
2026-01-01,CC200,1000,630000,Opex,47436.61
2026-02-01,CC200,1000,630000,Opex,47913.5
2026-03-01,CC200,1000,630000,Opex,46634.11
2026-04-01,CC200,1000,630000,Opex,40775.76
2026-05-01,CC200,1000,630000,Opex,50494.51
2026-06-01,CC200,1000,630000,Opex,39553.73
2026-07-01,CC200,1000,630000,Opex,58919.62
2026-08-01,CC200,1000,630000,Opex,55542.64
2026-09-01,CC200,1000,630000,Opex,49750.66
2026-10-01,CC200,1000,630000,Opex,56832.05
2026-11-01,CC200,1000,630000,Opex,50159.07
2026-12-01,CC200,1000,630000,Opex,53070.63
2026-01-01,CC200,1000,640000,Opex,21834.92
2026-02-01,CC200,1000,640000,Opex,20608.72
2026-03-01,CC200,1000,640000,Opex,25686.75
2026-04-01,CC200,1000,640000,Opex,19938.21
2026-05-01,CC200,1000,640000,Opex,20365.04
2026-06-01,CC200,1000,640000,Opex,18571.09
2026-07-01,CC200,1000,640000,Opex,19211.77
2026-08-01,CC200,1000,640000,Opex,25335.83
2026-09-01,CC200,1000,640000,Opex,21896.13
2026-10-01,CC200,1000,640000,Opex,20254.02
2026-11-01,CC200,1000,640000,Opex,24031.59
2026-12-01,CC200,1000,640000,Opex,23444.38
2026-01-01,CC200,1000,660000,Opex,18808.54
2026-02-01,CC200,1000,660000,Opex,18982.61
2026-03-01,CC200,1000,660000,Opex,21017.77
2026-04-01,CC200,1000,660000,Opex,22057.61
2026-05-01,CC200,1000,660000,Opex,21480.64
2026-06-01,CC200,1000,660000,Opex,22680.49
2026-07-01,CC200,1000,660000,Opex,22034.3
2026-08-01,CC200,1000,660000,Opex,19715.06
2026-09-01,CC200,1000,660000,Opex,20857.91
2026-10-01,CC200,1000,660000,Opex,22021.72
2026-11-01,CC200,1000,660000,Opex,21011.95
2026-12-01,CC200,1000,660000,Opex,24440.39
2026-01-01,CC200,2000,600000,Opex,274953.14
2026-02-01,CC200,2000,600000,Opex,277758.3
2026-03-01,CC200,2000,600000,Opex,281664.84
2026-04-01,CC200,2000,600000,Opex,290976.78
2026-05-01,CC200,2000,600000,Opex,295803.71
2026-06-01,CC200,2000,600000,Opex,293704.52
2026-07-01,CC200,2000,600000,Opex,291809.3
2026-08-01,CC200,2000,600000,Opex,302866.5
2026-09-01,CC200,2000,600000,Opex,312236.28
2026-10-01,CC200,2000,600000,Opex,313649.15
2026-11-01,CC200,2000,600000,Opex,313535.81
2026-12-01,CC200,2000,600000,Opex,324191.61
2026-01-01,CC200,2000,600100,Opex,55838.8
2026-02-01,CC200,2000,600100,Opex,56078.44
2026-03-01,CC200,2000,600100,Opex,58872.87
2026-04-01,CC200,2000,600100,Opex,58570.73
2026-05-01,CC200,2000,600100,Opex,58458.03
2026-06-01,CC200,2000,600100,Opex,58875.88
2026-07-01,CC200,2000,600100,Opex,60982.48
2026-08-01,CC200,2000,600100,Opex,63642.29
2026-09-01,CC200,2000,600100,Opex,64912.6
2026-10-01,CC200,2000,600100,Opex,65157.79
2026-11-01,CC200,2000,600100,Opex,65868.2
2026-12-01,CC200,2000,600100,Opex,67077.99
2026-01-01,CC200,2000,600200,Opex,22011.15
2026-02-01,CC200,2000,600200,Opex,21774.01
2026-03-01,CC200,2000,600200,Opex,21933.56
2026-04-01,CC200,2000,600200,Opex,21618.08
2026-05-01,CC200,2000,600200,Opex,21916.36
2026-06-01,CC200,2000,600200,Opex,23588.46
2026-07-01,CC200,2000,600200,Opex,23437.83
2026-08-01,CC200,2000,600200,Opex,23825.34
2026-09-01,CC200,2000,600200,Opex,24190.08
2026-10-01,CC200,2000,600200,Opex,24628.15
2026-11-01,CC200,2000,600200,Opex,24563.9
2026-12-01,CC200,2000,600200,Opex,25612.03
2026-01-01,CC200,2000,620000,Opex,5426.96
2026-02-01,CC200,2000,620000,Opex,5152.7
2026-03-01,CC200,2000,620000,Opex,4425.57
2026-04-01,CC200,2000,620000,Opex,6416.34
2026-05-01,CC200,2000,620000,Opex,5278.61
2026-06-01,CC200,2000,620000,Opex,5200.06
2026-07-01,CC200,2000,620000,Opex,6221.3
2026-08-01,CC200,2000,620000,Opex,4531.73
2026-09-01,CC200,2000,620000,Opex,6762.2
2026-10-01,CC200,2000,620000,Opex,6177.77
2026-11-01,CC200,2000,620000,Opex,6578.89
2026-12-01,CC200,2000,620000,Opex,5301.54
2026-01-01,CC200,2000,630000,Opex,22692.13
2026-02-01,CC200,2000,630000,Opex,24059.95
2026-03-01,CC200,2000,630000,Opex,23505.6
2026-04-01,CC200,2000,630000,Opex,28916.89
2026-05-01,CC200,2000,630000,Opex,27013.57
2026-06-01,CC200,2000,630000,Opex,30624.09
2026-07-01,CC200,2000,630000,Opex,25307.85
2026-08-01,CC200,2000,630000,Opex,30467.03
2026-09-01,CC200,2000,630000,Opex,28762.64
2026-10-01,CC200,2000,630000,Opex,28029.78
2026-11-01,CC200,2000,630000,Opex,27041.0
2026-12-01,CC200,2000,630000,Opex,26940.37
2026-01-01,CC200,2000,640000,Opex,10045.6
2026-02-01,CC200,2000,640000,Opex,7594.28
2026-03-01,CC200,2000,640000,Opex,11119.77
2026-04-01,CC200,2000,640000,Opex,9970.97
2026-05-01,CC200,2000,640000,Opex,11411.67
2026-06-01,CC200,2000,640000,Opex,12088.29
2026-07-01,CC200,2000,640000,Opex,11307.49
2026-08-01,CC200,2000,640000,Opex,10380.35
2026-09-01,CC200,2000,640000,Opex,11294.68
2026-10-01,CC200,2000,640000,Opex,14326.86
2026-11-01,CC200,2000,640000,Opex,11709.91
2026-12-01,CC200,2000,640000,Opex,14470.54
2026-01-01,CC200,2000,660000,Opex,9997.17
2026-02-01,CC200,2000,660000,Opex,10150.74
2026-03-01,CC200,2000,660000,Opex,11198.72
2026-04-01,CC200,2000,660000,Opex,10878.65
2026-05-01,CC200,2000,660000,Opex,11327.28
2026-06-01,CC200,2000,660000,Opex,11292.0
2026-07-01,CC200,2000,660000,Opex,11824.87
2026-08-01,CC200,2000,660000,Opex,12301.49
2026-09-01,CC200,2000,660000,Opex,11393.98
2026-10-01,CC200,2000,660000,Opex,11875.24
2026-11-01,CC200,2000,660000,Opex,11982.99
2026-12-01,CC200,2000,660000,Opex,13539.15
2026-01-01,CC200,3000,600000,Opex,137180.3
2026-02-01,CC200,3000,600000,Opex,135234.13
2026-03-01,CC200,3000,600000,Opex,142163.56
2026-04-01,CC200,3000,600000,Opex,148656.15
2026-05-01,CC200,3000,600000,Opex,150238.61
2026-06-01,CC200,3000,600000,Opex,146684.71
2026-07-01,CC200,3000,600000,Opex,151971.18
2026-08-01,CC200,3000,600000,Opex,151406.62
2026-09-01,CC200,3000,600000,Opex,158288.28
2026-10-01,CC200,3000,600000,Opex,152035.77
2026-11-01,CC200,3000,600000,Opex,159636.52
2026-12-01,CC200,3000,600000,Opex,161534.9
2026-01-01,CC200,3000,600100,Opex,28544.1
2026-02-01,CC200,3000,600100,Opex,27966.22
2026-03-01,CC200,3000,600100,Opex,29359.17
2026-04-01,CC200,3000,600100,Opex,29954.73
2026-05-01,CC200,3000,600100,Opex,30284.58
2026-06-01,CC200,3000,600100,Opex,30385.72
2026-07-01,CC200,3000,600100,Opex,30797.79
2026-08-01,CC200,3000,600100,Opex,30305.96
2026-09-01,CC200,3000,600100,Opex,32915.93
2026-10-01,CC200,3000,600100,Opex,32056.21
2026-11-01,CC200,3000,600100,Opex,34227.39
2026-12-01,CC200,3000,600100,Opex,33222.14
2026-01-01,CC200,3000,600200,Opex,10565.7
2026-02-01,CC200,3000,600200,Opex,10776.99
2026-03-01,CC200,3000,600200,Opex,11100.89
2026-04-01,CC200,3000,600200,Opex,11052.17
2026-05-01,CC200,3000,600200,Opex,10945.33
2026-06-01,CC200,3000,600200,Opex,11648.24
2026-07-01,CC200,3000,600200,Opex,11714.1
2026-08-01,CC200,3000,600200,Opex,11877.18
2026-09-01,CC200,3000,600200,Opex,12174.42
2026-10-01,CC200,3000,600200,Opex,12003.26
2026-11-01,CC200,3000,600200,Opex,11951.14
2026-12-01,CC200,3000,600200,Opex,12045.85
2026-01-01,CC200,3000,620000,Opex,2256.41
2026-02-01,CC200,3000,620000,Opex,2525.32
2026-03-01,CC200,3000,620000,Opex,2478.26
2026-04-01,CC200,3000,620000,Opex,2889.3
2026-05-01,CC200,3000,620000,Opex,2691.66
2026-06-01,CC200,3000,620000,Opex,3219.48
2026-07-01,CC200,3000,620000,Opex,2762.55
2026-08-01,CC200,3000,620000,Opex,2825.16
2026-09-01,CC200,3000,620000,Opex,3326.95
2026-10-01,CC200,3000,620000,Opex,2664.83
2026-11-01,CC200,3000,620000,Opex,2866.65
2026-12-01,CC200,3000,620000,Opex,2939.59
2026-01-01,CC200,3000,630000,Opex,12293.37
2026-02-01,CC200,3000,630000,Opex,14212.58
2026-03-01,CC200,3000,630000,Opex,13148.88
2026-04-01,CC200,3000,630000,Opex,12258.07
2026-05-01,CC200,3000,630000,Opex,12922.04
2026-06-01,CC200,3000,630000,Opex,14367.76
2026-07-01,CC200,3000,630000,Opex,13398.19
2026-08-01,CC200,3000,630000,Opex,14912.53
2026-09-01,CC200,3000,630000,Opex,13783.26
2026-10-01,CC200,3000,630000,Opex,15452.56
2026-11-01,CC200,3000,630000,Opex,11693.94
2026-12-01,CC200,3000,630000,Opex,13941.33
2026-01-01,CC200,3000,640000,Opex,5036.74
2026-02-01,CC200,3000,640000,Opex,5545.12
2026-03-01,CC200,3000,640000,Opex,5515.9
2026-04-01,CC200,3000,640000,Opex,5352.36
2026-05-01,CC200,3000,640000,Opex,5149.65
2026-06-01,CC200,3000,640000,Opex,5050.09
2026-07-01,CC200,3000,640000,Opex,6080.19
2026-08-01,CC200,3000,640000,Opex,5849.14
2026-09-01,CC200,3000,640000,Opex,5710.69
2026-10-01,CC200,3000,640000,Opex,6321.72
2026-11-01,CC200,3000,640000,Opex,6632.67
2026-12-01,CC200,3000,640000,Opex,5608.67
2026-01-01,CC200,3000,660000,Opex,5403.77
2026-02-01,CC200,3000,660000,Opex,5499.29
2026-03-01,CC200,3000,660000,Opex,5241.85
2026-04-01,CC200,3000,660000,Opex,5562.64
2026-05-01,CC200,3000,660000,Opex,5484.64
2026-06-01,CC200,3000,660000,Opex,5748.48
2026-07-01,CC200,3000,660000,Opex,5760.94
2026-08-01,CC200,3000,660000,Opex,5874.23
2026-09-01,CC200,3000,660000,Opex,5600.25
2026-10-01,CC200,3000,660000,Opex,6094.33
2026-11-01,CC200,3000,660000,Opex,6052.83
2026-12-01,CC200,3000,660000,Opex,6216.56
2026-01-01,CC300,1000,600000,Opex,94534.72
2026-02-01,CC300,1000,600000,Opex,90690.13
2026-03-01,CC300,1000,600000,Opex,93909.13
2026-04-01,CC300,1000,600000,Opex,91674.85
2026-05-01,CC300,1000,600000,Opex,93766.05
2026-06-01,CC300,1000,600000,Opex,96181.06
2026-07-01,CC300,1000,600000,Opex,93201.64
2026-08-01,CC300,1000,600000,Opex,94584.86
2026-09-01,CC300,1000,600000,Opex,94481.23
2026-10-01,CC300,1000,600000,Opex,97856.28
2026-11-01,CC300,1000,600000,Opex,95256.35
2026-12-01,CC300,1000,600000,Opex,98834.59
2026-01-01,CC300,1000,600100,Opex,18741.09
2026-02-01,CC300,1000,600100,Opex,18514.67
2026-03-01,CC300,1000,600100,Opex,19357.35
2026-04-01,CC300,1000,600100,Opex,18968.08
2026-05-01,CC300,1000,600100,Opex,18932.09
2026-06-01,CC300,1000,600100,Opex,20032.85
2026-07-01,CC300,1000,600100,Opex,19490.8
2026-08-01,CC300,1000,600100,Opex,19019.89
2026-09-01,CC300,1000,600100,Opex,19607.1
2026-10-01,CC300,1000,600100,Opex,20412.38
2026-11-01,CC300,1000,600100,Opex,19746.74
2026-12-01,CC300,1000,600100,Opex,19975.29
2026-01-01,CC300,1000,600200,Opex,7056.98
2026-02-01,CC300,1000,600200,Opex,6878.25
2026-03-01,CC300,1000,600200,Opex,7022.7
2026-04-01,CC300,1000,600200,Opex,7147.89
2026-05-01,CC300,1000,600200,Opex,7263.75
2026-06-01,CC300,1000,600200,Opex,7136.01
2026-07-01,CC300,1000,600200,Opex,7195.54
2026-08-01,CC300,1000,600200,Opex,7225.32
2026-09-01,CC300,1000,600200,Opex,7595.05
2026-10-01,CC300,1000,600200,Opex,7559.49
2026-11-01,CC300,1000,600200,Opex,7681.68
2026-12-01,CC300,1000,600200,Opex,7505.66
2026-01-01,CC300,1000,630000,Opex,4089.05
2026-02-01,CC300,1000,630000,Opex,4510.85
2026-03-01,CC300,1000,630000,Opex,4278.65
2026-04-01,CC300,1000,630000,Opex,4975.76
2026-05-01,CC300,1000,630000,Opex,3432.67
2026-06-01,CC300,1000,630000,Opex,4606.93
2026-07-01,CC300,1000,630000,Opex,5002.24
2026-08-01,CC300,1000,630000,Opex,5043.92
2026-09-01,CC300,1000,630000,Opex,4462.74
2026-10-01,CC300,1000,630000,Opex,4981.52
2026-11-01,CC300,1000,630000,Opex,5390.35
2026-12-01,CC300,1000,630000,Opex,4535.16
2026-01-01,CC300,1000,640000,Opex,4110.69
2026-02-01,CC300,1000,640000,Opex,3576.05
2026-03-01,CC300,1000,640000,Opex,3941.91
2026-04-01,CC300,1000,640000,Opex,3218.73
2026-05-01,CC300,1000,640000,Opex,4388.7
2026-06-01,CC300,1000,640000,Opex,3076.99
2026-07-01,CC300,1000,640000,Opex,3734.89
2026-08-01,CC300,1000,640000,Opex,3726.64
2026-09-01,CC300,1000,640000,Opex,3590.8
2026-10-01,CC300,1000,640000,Opex,3858.03
2026-11-01,CC300,1000,640000,Opex,3194.76
2026-12-01,CC300,1000,640000,Opex,4400.78
2026-01-01,CC300,1000,650000,Opex,18779.96
2026-02-01,CC300,1000,650000,Opex,14518.46
2026-03-01,CC300,1000,650000,Opex,17721.9
2026-04-01,CC300,1000,650000,Opex,14043.66
2026-05-01,CC300,1000,650000,Opex,17185.21
2026-06-01,CC300,1000,650000,Opex,18180.27
2026-07-01,CC300,1000,650000,Opex,16248.35
2026-08-01,CC300,1000,650000,Opex,19280.48
2026-09-01,CC300,1000,650000,Opex,19232.65
2026-10-01,CC300,1000,650000,Opex,19981.95
2026-11-01,CC300,1000,650000,Opex,20101.96
2026-12-01,CC300,1000,650000,Opex,16606.33
2026-01-01,CC300,1000,660000,Opex,3548.2
2026-02-01,CC300,1000,660000,Opex,3503.4
2026-03-01,CC300,1000,660000,Opex,3645.53
2026-04-01,CC300,1000,660000,Opex,3362.56
2026-05-01,CC300,1000,660000,Opex,3839.39
2026-06-01,CC300,1000,660000,Opex,3712.38
2026-07-01,CC300,1000,660000,Opex,3800.24
2026-08-01,CC300,1000,660000,Opex,3482.68
2026-09-01,CC300,1000,660000,Opex,3591.96
2026-10-01,CC300,1000,660000,Opex,3945.84
2026-11-01,CC300,1000,660000,Opex,3507.63
2026-12-01,CC300,1000,660000,Opex,3592.78
2026-01-01,CC300,2000,600000,Opex,51913.71
2026-02-01,CC300,2000,600000,Opex,49131.88
2026-03-01,CC300,2000,600000,Opex,52455.05
2026-04-01,CC300,2000,600000,Opex,48897.69
2026-05-01,CC300,2000,600000,Opex,51173.52
2026-06-01,CC300,2000,600000,Opex,54269.92
2026-07-01,CC300,2000,600000,Opex,51340.41
2026-08-01,CC300,2000,600000,Opex,51711.23
2026-09-01,CC300,2000,600000,Opex,51273.96
2026-10-01,CC300,2000,600000,Opex,51567.31
2026-11-01,CC300,2000,600000,Opex,50079.28
2026-12-01,CC300,2000,600000,Opex,54971.07
2026-01-01,CC300,2000,600100,Opex,10161.22
2026-02-01,CC300,2000,600100,Opex,9970.65
2026-03-01,CC300,2000,600100,Opex,10175.93
2026-04-01,CC300,2000,600100,Opex,10008.18
2026-05-01,CC300,2000,600100,Opex,10580.72
2026-06-01,CC300,2000,600100,Opex,10209.75
2026-07-01,CC300,2000,600100,Opex,10709.65
2026-08-01,CC300,2000,600100,Opex,10182.54
2026-09-01,CC300,2000,600100,Opex,10878.07
2026-10-01,CC300,2000,600100,Opex,10791.64
2026-11-01,CC300,2000,600100,Opex,10714.78
2026-12-01,CC300,2000,600100,Opex,10861.52
2026-01-01,CC300,2000,600200,Opex,4007.77
2026-02-01,CC300,2000,600200,Opex,3857.44
2026-03-01,CC300,2000,600200,Opex,3854.84
2026-04-01,CC300,2000,600200,Opex,3787.2
2026-05-01,CC300,2000,600200,Opex,3873.33
2026-06-01,CC300,2000,600200,Opex,3972.37
2026-07-01,CC300,2000,600200,Opex,4027.5
2026-08-01,CC300,2000,600200,Opex,4006.52
2026-09-01,CC300,2000,600200,Opex,3891.19
2026-10-01,CC300,2000,600200,Opex,4012.38
2026-11-01,CC300,2000,600200,Opex,4162.3
2026-12-01,CC300,2000,600200,Opex,4093.15
2026-01-01,CC300,2000,630000,Opex,2720.68
2026-02-01,CC300,2000,630000,Opex,2737.89
2026-03-01,CC300,2000,630000,Opex,2756.88
2026-04-01,CC300,2000,630000,Opex,3102.05
2026-05-01,CC300,2000,630000,Opex,3145.86
2026-06-01,CC300,2000,630000,Opex,2682.58
2026-07-01,CC300,2000,630000,Opex,2436.46
2026-08-01,CC300,2000,630000,Opex,2269.18
2026-09-01,CC300,2000,630000,Opex,2888.21
2026-10-01,CC300,2000,630000,Opex,3051.14
2026-11-01,CC300,2000,630000,Opex,2662.46
2026-12-01,CC300,2000,630000,Opex,3075.69
2026-01-01,CC300,2000,640000,Opex,1978.82
2026-02-01,CC300,2000,640000,Opex,1714.56
2026-03-01,CC300,2000,640000,Opex,1900.22
2026-04-01,CC300,2000,640000,Opex,1844.01
2026-05-01,CC300,2000,640000,Opex,2014.21
2026-06-01,CC300,2000,640000,Opex,1964.98
2026-07-01,CC300,2000,640000,Opex,2021.56
2026-08-01,CC300,2000,640000,Opex,1879.18
2026-09-01,CC300,2000,640000,Opex,2218.7
2026-10-01,CC300,2000,640000,Opex,1916.03
2026-11-01,CC300,2000,640000,Opex,2037.53
2026-12-01,CC300,2000,640000,Opex,2023.81
2026-01-01,CC300,2000,650000,Opex,10417.29
2026-02-01,CC300,2000,650000,Opex,8272.78
2026-03-01,CC300,2000,650000,Opex,9935.25
2026-04-01,CC300,2000,650000,Opex,9041.82
2026-05-01,CC300,2000,650000,Opex,11597.11
2026-06-01,CC300,2000,650000,Opex,10573.89
2026-07-01,CC300,2000,650000,Opex,10401.98
2026-08-01,CC300,2000,650000,Opex,11406.8
2026-09-01,CC300,2000,650000,Opex,11611.53
2026-10-01,CC300,2000,650000,Opex,10574.66
2026-11-01,CC300,2000,650000,Opex,10738.21
2026-12-01,CC300,2000,650000,Opex,11327.66
2026-01-01,CC300,2000,660000,Opex,1909.55
2026-02-01,CC300,2000,660000,Opex,1833.86
2026-03-01,CC300,2000,660000,Opex,1857.33
2026-04-01,CC300,2000,660000,Opex,1963.66
2026-05-01,CC300,2000,660000,Opex,2084.62
2026-06-01,CC300,2000,660000,Opex,1858.37
2026-07-01,CC300,2000,660000,Opex,2028.07
2026-08-01,CC300,2000,660000,Opex,2028.99
2026-09-01,CC300,2000,660000,Opex,1954.17
2026-10-01,CC300,2000,660000,Opex,1794.14
2026-11-01,CC300,2000,660000,Opex,1971.74
2026-12-01,CC300,2000,660000,Opex,2006.75
2026-01-01,CC300,3000,600000,Opex,25740.02
2026-02-01,CC300,3000,600000,Opex,24452.87
2026-03-01,CC300,3000,600000,Opex,25692.38
2026-04-01,CC300,3000,600000,Opex,25505.4
2026-05-01,CC300,3000,600000,Opex,25447.05
2026-06-01,CC300,3000,600000,Opex,25531.89
2026-07-01,CC300,3000,600000,Opex,26321.73
2026-08-01,CC300,3000,600000,Opex,27036.1
2026-09-01,CC300,3000,600000,Opex,26353.22
2026-10-01,CC300,3000,600000,Opex,26271.37
2026-11-01,CC300,3000,600000,Opex,26655.73
2026-12-01,CC300,3000,600000,Opex,26574.53
2026-01-01,CC300,3000,600100,Opex,5170.68
2026-02-01,CC300,3000,600100,Opex,5115.75
2026-03-01,CC300,3000,600100,Opex,5253.63
2026-04-01,CC300,3000,600100,Opex,5203.91
2026-05-01,CC300,3000,600100,Opex,5062.61
2026-06-01,CC300,3000,600100,Opex,5134.14
2026-07-01,CC300,3000,600100,Opex,5173.28
2026-08-01,CC300,3000,600100,Opex,5361.8
2026-09-01,CC300,3000,600100,Opex,5266.63
2026-10-01,CC300,3000,600100,Opex,5533.07
2026-11-01,CC300,3000,600100,Opex,5528.95
2026-12-01,CC300,3000,600100,Opex,5494.18
2026-01-01,CC300,3000,600200,Opex,1857.51
2026-02-01,CC300,3000,600200,Opex,1975.64
2026-03-01,CC300,3000,600200,Opex,1906.51
2026-04-01,CC300,3000,600200,Opex,1943.35
2026-05-01,CC300,3000,600200,Opex,1934.56
2026-06-01,CC300,3000,600200,Opex,1869.27
2026-07-01,CC300,3000,600200,Opex,2030.95
2026-08-01,CC300,3000,600200,Opex,2000.77
2026-09-01,CC300,3000,600200,Opex,2011.93
2026-10-01,CC300,3000,600200,Opex,2059.58
2026-11-01,CC300,3000,600200,Opex,1976.08
2026-12-01,CC300,3000,600200,Opex,2082.97
2026-01-01,CC300,3000,630000,Opex,1265.1
2026-02-01,CC300,3000,630000,Opex,1418.3
2026-03-01,CC300,3000,630000,Opex,1446.24
2026-04-01,CC300,3000,630000,Opex,1485.84
2026-05-01,CC300,3000,630000,Opex,1241.3
2026-06-01,CC300,3000,630000,Opex,1428.16
2026-07-01,CC300,3000,630000,Opex,1301.04
2026-08-01,CC300,3000,630000,Opex,1366.56
2026-09-01,CC300,3000,630000,Opex,1531.2
2026-10-01,CC300,3000,630000,Opex,1320.42
2026-11-01,CC300,3000,630000,Opex,1488.33
2026-12-01,CC300,3000,630000,Opex,1448.76
2026-01-01,CC300,3000,640000,Opex,996.75
2026-02-01,CC300,3000,640000,Opex,1019.51
2026-03-01,CC300,3000,640000,Opex,984.09
2026-04-01,CC300,3000,640000,Opex,1149.05
2026-05-01,CC300,3000,640000,Opex,953.98
2026-06-01,CC300,3000,640000,Opex,982.5
2026-07-01,CC300,3000,640000,Opex,938.53
2026-08-01,CC300,3000,640000,Opex,1221.58
2026-09-01,CC300,3000,640000,Opex,904.08
2026-10-01,CC300,3000,640000,Opex,888.53
2026-11-01,CC300,3000,640000,Opex,978.66
2026-12-01,CC300,3000,640000,Opex,1190.89
2026-01-01,CC300,3000,650000,Opex,4293.89
2026-02-01,CC300,3000,650000,Opex,5094.4
2026-03-01,CC300,3000,650000,Opex,5513.35
2026-04-01,CC300,3000,650000,Opex,4284.29
2026-05-01,CC300,3000,650000,Opex,4940.9
2026-06-01,CC300,3000,650000,Opex,5471.05
2026-07-01,CC300,3000,650000,Opex,6180.94
2026-08-01,CC300,3000,650000,Opex,4073.49
2026-09-01,CC300,3000,650000,Opex,5334.11
2026-10-01,CC300,3000,650000,Opex,5312.31
2026-11-01,CC300,3000,650000,Opex,5258.18
2026-12-01,CC300,3000,650000,Opex,5118.37
2026-01-01,CC300,3000,660000,Opex,964.05
2026-02-01,CC300,3000,660000,Opex,915.45
2026-03-01,CC300,3000,660000,Opex,974.91
2026-04-01,CC300,3000,660000,Opex,891.31
2026-05-01,CC300,3000,660000,Opex,970.86
2026-06-01,CC300,3000,660000,Opex,988.64
2026-07-01,CC300,3000,660000,Opex,1031.12
2026-08-01,CC300,3000,660000,Opex,1028.5
2026-09-01,CC300,3000,660000,Opex,998.05
2026-10-01,CC300,3000,660000,Opex,1045.09
2026-11-01,CC300,3000,660000,Opex,1056.81
2026-12-01,CC300,3000,660000,Opex,1042.75
2026-01-01,CC400,1000,600000,Opex,153809.07
2026-02-01,CC400,1000,600000,Opex,149484.04
2026-03-01,CC400,1000,600000,Opex,153275.95
2026-04-01,CC400,1000,600000,Opex,150359.41
2026-05-01,CC400,1000,600000,Opex,156741.18
2026-06-01,CC400,1000,600000,Opex,162334.12
2026-07-01,CC400,1000,600000,Opex,161855.74
2026-08-01,CC400,1000,600000,Opex,161922.73
2026-09-01,CC400,1000,600000,Opex,161855.38
2026-10-01,CC400,1000,600000,Opex,161552.1
2026-11-01,CC400,1000,600000,Opex,174761.46
2026-12-01,CC400,1000,600000,Opex,169256.19
2026-01-01,CC400,1000,600100,Opex,29597.83
2026-02-01,CC400,1000,600100,Opex,30385.94
2026-03-01,CC400,1000,600100,Opex,30560.71
2026-04-01,CC400,1000,600100,Opex,31311.64
2026-05-01,CC400,1000,600100,Opex,32237.79
2026-06-01,CC400,1000,600100,Opex,32745.14
2026-07-01,CC400,1000,600100,Opex,33782.12
2026-08-01,CC400,1000,600100,Opex,33443.77
2026-09-01,CC400,1000,600100,Opex,32372.22
2026-10-01,CC400,1000,600100,Opex,35173.36
2026-11-01,CC400,1000,600100,Opex,33867.21
2026-12-01,CC400,1000,600100,Opex,33455.98
2026-01-01,CC400,1000,600200,Opex,11583.05
2026-02-01,CC400,1000,600200,Opex,11883.39
2026-03-01,CC400,1000,600200,Opex,11668.24
2026-04-01,CC400,1000,600200,Opex,11580.15
2026-05-01,CC400,1000,600200,Opex,11820.38
2026-06-01,CC400,1000,600200,Opex,12445.61
2026-07-01,CC400,1000,600200,Opex,12061.87
2026-08-01,CC400,1000,600200,Opex,12458.38
2026-09-01,CC400,1000,600200,Opex,12635.9
2026-10-01,CC400,1000,600200,Opex,12782.16
2026-11-01,CC400,1000,600200,Opex,12826.87
2026-12-01,CC400,1000,600200,Opex,12258.28
2026-01-01,CC400,1000,620000,Opex,4142.45
2026-02-01,CC400,1000,620000,Opex,4203.28
2026-03-01,CC400,1000,620000,Opex,4227.76
2026-04-01,CC400,1000,620000,Opex,3649.34
2026-05-01,CC400,1000,620000,Opex,3508.41
2026-06-01,CC400,1000,620000,Opex,4609.47
2026-07-01,CC400,1000,620000,Opex,4367.89
2026-08-01,CC400,1000,620000,Opex,4495.68
2026-09-01,CC400,1000,620000,Opex,4081.4
2026-10-01,CC400,1000,620000,Opex,3955.1
2026-11-01,CC400,1000,620000,Opex,4319.14
2026-12-01,CC400,1000,620000,Opex,4272.12
2026-01-01,CC400,1000,630000,Opex,7875.12
2026-02-01,CC400,1000,630000,Opex,8491.69
2026-03-01,CC400,1000,630000,Opex,7626.07
2026-04-01,CC400,1000,630000,Opex,10337.82
2026-05-01,CC400,1000,630000,Opex,9342.2
2026-06-01,CC400,1000,630000,Opex,9884.1
2026-07-01,CC400,1000,630000,Opex,11065.08
2026-08-01,CC400,1000,630000,Opex,9540.04
2026-09-01,CC400,1000,630000,Opex,9653.39
2026-10-01,CC400,1000,630000,Opex,9920.11
2026-11-01,CC400,1000,630000,Opex,9822.88
2026-12-01,CC400,1000,630000,Opex,11201.32
2026-01-01,CC400,1000,640000,Opex,5720.39
2026-02-01,CC400,1000,640000,Opex,6304.48
2026-03-01,CC400,1000,640000,Opex,4920.17
2026-04-01,CC400,1000,640000,Opex,7182.21
2026-05-01,CC400,1000,640000,Opex,6628.7
2026-06-01,CC400,1000,640000,Opex,6308.36
2026-07-01,CC400,1000,640000,Opex,6098.63
2026-08-01,CC400,1000,640000,Opex,6371.23
2026-09-01,CC400,1000,640000,Opex,5961.9
2026-10-01,CC400,1000,640000,Opex,6260.24
2026-11-01,CC400,1000,640000,Opex,6656.27
2026-12-01,CC400,1000,640000,Opex,6136.49
2026-01-01,CC400,2000,600000,Opex,82801.59
2026-02-01,CC400,2000,600000,Opex,85304.83
2026-03-01,CC400,2000,600000,Opex,84954.43
2026-04-01,CC400,2000,600000,Opex,86235.58
2026-05-01,CC400,2000,600000,Opex,82370.92
2026-06-01,CC400,2000,600000,Opex,87308.42
2026-07-01,CC400,2000,600000,Opex,88548.68
2026-08-01,CC400,2000,600000,Opex,88175.34
2026-09-01,CC400,2000,600000,Opex,86941.13
2026-10-01,CC400,2000,600000,Opex,88896.73
2026-11-01,CC400,2000,600000,Opex,90668.91
2026-12-01,CC400,2000,600000,Opex,91757.53
2026-01-01,CC400,2000,600100,Opex,16552.57
2026-02-01,CC400,2000,600100,Opex,16742.41
2026-03-01,CC400,2000,600100,Opex,16806.16
2026-04-01,CC400,2000,600100,Opex,17351.41
2026-05-01,CC400,2000,600100,Opex,18046.42
2026-06-01,CC400,2000,600100,Opex,17387.02
2026-07-01,CC400,2000,600100,Opex,18413.09
2026-08-01,CC400,2000,600100,Opex,17728.18
2026-09-01,CC400,2000,600100,Opex,18117.59
2026-10-01,CC400,2000,600100,Opex,18732.27
2026-11-01,CC400,2000,600100,Opex,18148.72
2026-12-01,CC400,2000,600100,Opex,18708.2
2026-01-01,CC400,2000,600200,Opex,6477.97
2026-02-01,CC400,2000,600200,Opex,6420.45
2026-03-01,CC400,2000,600200,Opex,6317.34
2026-04-01,CC400,2000,600200,Opex,6612.31
2026-05-01,CC400,2000,600200,Opex,6798.2
2026-06-01,CC400,2000,600200,Opex,6728.46
2026-07-01,CC400,2000,600200,Opex,6883.65
2026-08-01,CC400,2000,600200,Opex,6957.09
2026-09-01,CC400,2000,600200,Opex,6765.75
2026-10-01,CC400,2000,600200,Opex,6896.75
2026-11-01,CC400,2000,600200,Opex,6976.14
2026-12-01,CC400,2000,600200,Opex,7182.49
2026-01-01,CC400,2000,620000,Opex,2228.31
2026-02-01,CC400,2000,620000,Opex,1979.76
2026-03-01,CC400,2000,620000,Opex,2053.81
2026-04-01,CC400,2000,620000,Opex,2037.95
2026-05-01,CC400,2000,620000,Opex,1630.96
2026-06-01,CC400,2000,620000,Opex,2087.69
2026-07-01,CC400,2000,620000,Opex,2440.16
2026-08-01,CC400,2000,620000,Opex,2135.14
2026-09-01,CC400,2000,620000,Opex,2100.02
2026-10-01,CC400,2000,620000,Opex,2723.36
2026-11-01,CC400,2000,620000,Opex,2419.71
2026-12-01,CC400,2000,620000,Opex,2166.47
2026-01-01,CC400,2000,630000,Opex,5811.95
2026-02-01,CC400,2000,630000,Opex,6478.84
2026-03-01,CC400,2000,630000,Opex,4954.96
2026-04-01,CC400,2000,630000,Opex,5996.47
2026-05-01,CC400,2000,630000,Opex,5345.76
2026-06-01,CC400,2000,630000,Opex,5111.24
2026-07-01,CC400,2000,630000,Opex,4993.57
2026-08-01,CC400,2000,630000,Opex,6025.85
2026-09-01,CC400,2000,630000,Opex,5451.98
2026-10-01,CC400,2000,630000,Opex,5307.01
2026-11-01,CC400,2000,630000,Opex,6636.09
2026-12-01,CC400,2000,630000,Opex,5903.79
2026-01-01,CC400,2000,640000,Opex,3117.27
2026-02-01,CC400,2000,640000,Opex,2679.28
2026-03-01,CC400,2000,640000,Opex,3622.07
2026-04-01,CC400,2000,640000,Opex,2975.19
2026-05-01,CC400,2000,640000,Opex,3187.9
2026-06-01,CC400,2000,640000,Opex,3072.28
2026-07-01,CC400,2000,640000,Opex,3360.93
2026-08-01,CC400,2000,640000,Opex,3729.79
2026-09-01,CC400,2000,640000,Opex,3506.09
2026-10-01,CC400,2000,640000,Opex,3452.5
2026-11-01,CC400,2000,640000,Opex,3807.9
2026-12-01,CC400,2000,640000,Opex,3859.78
2026-01-01,CC400,3000,600000,Opex,41136.84
2026-02-01,CC400,3000,600000,Opex,39222.5
2026-03-01,CC400,3000,600000,Opex,39558.67
2026-04-01,CC400,3000,600000,Opex,41786.6
2026-05-01,CC400,3000,600000,Opex,42547.0
2026-06-01,CC400,3000,600000,Opex,42558.13
2026-07-01,CC400,3000,600000,Opex,43643.78
2026-08-01,CC400,3000,600000,Opex,44026.66
2026-09-01,CC400,3000,600000,Opex,46039.63
2026-10-01,CC400,3000,600000,Opex,45349.06
2026-11-01,CC400,3000,600000,Opex,44546.68
2026-12-01,CC400,3000,600000,Opex,45458.11
2026-01-01,CC400,3000,600100,Opex,8223.66
2026-02-01,CC400,3000,600100,Opex,8479.14
2026-03-01,CC400,3000,600100,Opex,8757.58
2026-04-01,CC400,3000,600100,Opex,8705.72
2026-05-01,CC400,3000,600100,Opex,8562.18
2026-06-01,CC400,3000,600100,Opex,9299.15
2026-07-01,CC400,3000,600100,Opex,8952.62
2026-08-01,CC400,3000,600100,Opex,8979.22
2026-09-01,CC400,3000,600100,Opex,9167.27
2026-10-01,CC400,3000,600100,Opex,9050.05
2026-11-01,CC400,3000,600100,Opex,9319.0
2026-12-01,CC400,3000,600100,Opex,9464.03
2026-01-01,CC400,3000,600200,Opex,3181.62
2026-02-01,CC400,3000,600200,Opex,3016.92
2026-03-01,CC400,3000,600200,Opex,3223.95
2026-04-01,CC400,3000,600200,Opex,3218.27
2026-05-01,CC400,3000,600200,Opex,3243.29
2026-06-01,CC400,3000,600200,Opex,3434.1
2026-07-01,CC400,3000,600200,Opex,3342.25
2026-08-01,CC400,3000,600200,Opex,3368.73
2026-09-01,CC400,3000,600200,Opex,3496.43
2026-10-01,CC400,3000,600200,Opex,3460.51
2026-11-01,CC400,3000,600200,Opex,3462.22
2026-12-01,CC400,3000,600200,Opex,3478.49
2026-01-01,CC400,3000,620000,Opex,1154.33
2026-02-01,CC400,3000,620000,Opex,1090.7
2026-03-01,CC400,3000,620000,Opex,952.65
2026-04-01,CC400,3000,620000,Opex,983.9
2026-05-01,CC400,3000,620000,Opex,1164.99
2026-06-01,CC400,3000,620000,Opex,978.66
2026-07-01,CC400,3000,620000,Opex,1108.09
2026-08-01,CC400,3000,620000,Opex,1194.0
2026-09-01,CC400,3000,620000,Opex,1160.74
2026-10-01,CC400,3000,620000,Opex,928.79
2026-11-01,CC400,3000,620000,Opex,1184.22
2026-12-01,CC400,3000,620000,Opex,1180.53
2026-01-01,CC400,3000,630000,Opex,3036.72
2026-02-01,CC400,3000,630000,Opex,2515.23
2026-03-01,CC400,3000,630000,Opex,2346.48
2026-04-01,CC400,3000,630000,Opex,2252.69
2026-05-01,CC400,3000,630000,Opex,3148.75
2026-06-01,CC400,3000,630000,Opex,3322.83
2026-07-01,CC400,3000,630000,Opex,3126.52
2026-08-01,CC400,3000,630000,Opex,2345.73
2026-09-01,CC400,3000,630000,Opex,2459.62
2026-10-01,CC400,3000,630000,Opex,2952.04
2026-11-01,CC400,3000,630000,Opex,2596.32
2026-12-01,CC400,3000,630000,Opex,2736.51
2026-01-01,CC400,3000,640000,Opex,1449.93
2026-02-01,CC400,3000,640000,Opex,1596.52
2026-03-01,CC400,3000,640000,Opex,1869.57
2026-04-01,CC400,3000,640000,Opex,1592.8
2026-05-01,CC400,3000,640000,Opex,1487.04
2026-06-01,CC400,3000,640000,Opex,1684.44
2026-07-01,CC400,3000,640000,Opex,1488.51
2026-08-01,CC400,3000,640000,Opex,1397.16
2026-09-01,CC400,3000,640000,Opex,1525.97
2026-10-01,CC400,3000,640000,Opex,2063.96
2026-11-01,CC400,3000,640000,Opex,1550.77
2026-12-01,CC400,3000,640000,Opex,1758.27
2026-01-01,CC500,1000,500000,Opex,442833.22
2026-02-01,CC500,1000,500000,Opex,392153.54
2026-03-01,CC500,1000,500000,Opex,458161.94
2026-04-01,CC500,1000,500000,Opex,471205.91
2026-05-01,CC500,1000,500000,Opex,481067.15
2026-06-01,CC500,1000,500000,Opex,526192.31
2026-07-01,CC500,1000,500000,Opex,497476.92
2026-08-01,CC500,1000,500000,Opex,467502.86
2026-09-01,CC500,1000,500000,Opex,525725.24
2026-10-01,CC500,1000,500000,Opex,502486.87
2026-11-01,CC500,1000,500000,Opex,440585.12
2026-12-01,CC500,1000,500000,Opex,483724.84
2026-01-01,CC500,1000,500100,Opex,147646.24
2026-02-01,CC500,1000,500100,Opex,173180.05
2026-03-01,CC500,1000,500100,Opex,172111.58
2026-04-01,CC500,1000,500100,Opex,220851.33
2026-05-01,CC500,1000,500100,Opex,185910.08
2026-06-01,CC500,1000,500100,Opex,192690.02
2026-07-01,CC500,1000,500100,Opex,183975.16
2026-08-01,CC500,1000,500100,Opex,196770.6
2026-09-01,CC500,1000,500100,Opex,210763.14
2026-10-01,CC500,1000,500100,Opex,209922.47
2026-11-01,CC500,1000,500100,Opex,236896.26
2026-12-01,CC500,1000,500100,Opex,233889.47
2026-01-01,CC500,1000,600000,Opex,95115.94
2026-02-01,CC500,1000,600000,Opex,97414.82
2026-03-01,CC500,1000,600000,Opex,96893.49
2026-04-01,CC500,1000,600000,Opex,99806.57
2026-05-01,CC500,1000,600000,Opex,98877.41
2026-06-01,CC500,1000,600000,Opex,101633.69
2026-07-01,CC500,1000,600000,Opex,103737.35
2026-08-01,CC500,1000,600000,Opex,103177.58
2026-09-01,CC500,1000,600000,Opex,103836.24
2026-10-01,CC500,1000,600000,Opex,111014.93
2026-11-01,CC500,1000,600000,Opex,110029.83
2026-12-01,CC500,1000,600000,Opex,113759.26
2026-01-01,CC500,1000,600100,Opex,18869.95
2026-02-01,CC500,1000,600100,Opex,19902.02
2026-03-01,CC500,1000,600100,Opex,19791.37
2026-04-01,CC500,1000,600100,Opex,21313.07
2026-05-01,CC500,1000,600100,Opex,20814.97
2026-06-01,CC500,1000,600100,Opex,21103.82
2026-07-01,CC500,1000,600100,Opex,21524.93
2026-08-01,CC500,1000,600100,Opex,20797.01
2026-09-01,CC500,1000,600100,Opex,21623.5
2026-10-01,CC500,1000,600100,Opex,22022.91
2026-11-01,CC500,1000,600100,Opex,22946.12
2026-12-01,CC500,1000,600100,Opex,22989.24
2026-01-01,CC500,1000,600200,Opex,7347.27
2026-02-01,CC500,1000,600200,Opex,7620.27
2026-03-01,CC500,1000,600200,Opex,7769.81
2026-04-01,CC500,1000,600200,Opex,7475.92
2026-05-01,CC500,1000,600200,Opex,7823.46
2026-06-01,CC500,1000,600200,Opex,7878.23
2026-07-01,CC500,1000,600200,Opex,8240.84
2026-08-01,CC500,1000,600200,Opex,8122.63
2026-09-01,CC500,1000,600200,Opex,8426.72
2026-10-01,CC500,1000,600200,Opex,8141.2
2026-11-01,CC500,1000,600200,Opex,8623.3
2026-12-01,CC500,1000,600200,Opex,8349.2
2026-01-01,CC500,2000,500000,Opex,203524.96
2026-02-01,CC500,2000,500000,Opex,247083.93
2026-03-01,CC500,2000,500000,Opex,266937.46
2026-04-01,CC500,2000,500000,Opex,260281.5
2026-05-01,CC500,2000,500000,Opex,249989.44
2026-06-01,CC500,2000,500000,Opex,218265.11
2026-07-01,CC500,2000,500000,Opex,252826.77
2026-08-01,CC500,2000,500000,Opex,243115.61
2026-09-01,CC500,2000,500000,Opex,266888.37
2026-10-01,CC500,2000,500000,Opex,305995.29
2026-11-01,CC500,2000,500000,Opex,268403.85
2026-12-01,CC500,2000,500000,Opex,257661.22
2026-01-01,CC500,2000,500100,Opex,103085.85
2026-02-01,CC500,2000,500100,Opex,113312.55
2026-03-01,CC500,2000,500100,Opex,108926.84
2026-04-01,CC500,2000,500100,Opex,107599.22
2026-05-01,CC500,2000,500100,Opex,105684.31
2026-06-01,CC500,2000,500100,Opex,123608.52
2026-07-01,CC500,2000,500100,Opex,115891.75
2026-08-01,CC500,2000,500100,Opex,113751.21
2026-09-01,CC500,2000,500100,Opex,91681.93
2026-10-01,CC500,2000,500100,Opex,121068.65
2026-11-01,CC500,2000,500100,Opex,111516.44
2026-12-01,CC500,2000,500100,Opex,100548.42
2026-01-01,CC500,2000,600000,Opex,50398.69
2026-02-01,CC500,2000,600000,Opex,51872.87
2026-03-01,CC500,2000,600000,Opex,54013.79
2026-04-01,CC500,2000,600000,Opex,57371.91
2026-05-01,CC500,2000,600000,Opex,56553.83
2026-06-01,CC500,2000,600000,Opex,58307.59
2026-07-01,CC500,2000,600000,Opex,60055.91
2026-08-01,CC500,2000,600000,Opex,56141.17
2026-09-01,CC500,2000,600000,Opex,56660.15
2026-10-01,CC500,2000,600000,Opex,59995.19
2026-11-01,CC500,2000,600000,Opex,61389.58
2026-12-01,CC500,2000,600000,Opex,61455.61
2026-01-01,CC500,2000,600100,Opex,10524.19
2026-02-01,CC500,2000,600100,Opex,10987.04
2026-03-01,CC500,2000,600100,Opex,10805.63
2026-04-01,CC500,2000,600100,Opex,11166.15
2026-05-01,CC500,2000,600100,Opex,11927.75
2026-06-01,CC500,2000,600100,Opex,11851.8
2026-07-01,CC500,2000,600100,Opex,11797.99
2026-08-01,CC500,2000,600100,Opex,11485.64
2026-09-01,CC500,2000,600100,Opex,11943.07
2026-10-01,CC500,2000,600100,Opex,12266.61
2026-11-01,CC500,2000,600100,Opex,12274.82
2026-12-01,CC500,2000,600100,Opex,12619.21
2026-01-01,CC500,2000,600200,Opex,3945.16
2026-02-01,CC500,2000,600200,Opex,4125.83
2026-03-01,CC500,2000,600200,Opex,4228.06
2026-04-01,CC500,2000,600200,Opex,4262.94
2026-05-01,CC500,2000,600200,Opex,4376.47
2026-06-01,CC500,2000,600200,Opex,4593.69
2026-07-01,CC500,2000,600200,Opex,4513.2
2026-08-01,CC500,2000,600200,Opex,4451.48
2026-09-01,CC500,2000,600200,Opex,4523.43
2026-10-01,CC500,2000,600200,Opex,4628.82
2026-11-01,CC500,2000,600200,Opex,4525.29
2026-12-01,CC500,2000,600200,Opex,4849.45
2026-01-01,CC500,3000,500000,Opex,125490.81
2026-02-01,CC500,3000,500000,Opex,126903.77
2026-03-01,CC500,3000,500000,Opex,108335.86
2026-04-01,CC500,3000,500000,Opex,131523.56
2026-05-01,CC500,3000,500000,Opex,123953.25
2026-06-01,CC500,3000,500000,Opex,132386.89
2026-07-01,CC500,3000,500000,Opex,139556.4
2026-08-01,CC500,3000,500000,Opex,136180.55
2026-09-01,CC500,3000,500000,Opex,100607.07
2026-10-01,CC500,3000,500000,Opex,175782.29
2026-11-01,CC500,3000,500000,Opex,133032.52
2026-12-01,CC500,3000,500000,Opex,136273.51
2026-01-01,CC500,3000,500100,Opex,56735.01
2026-02-01,CC500,3000,500100,Opex,59687.32
2026-03-01,CC500,3000,500100,Opex,55019.11
2026-04-01,CC500,3000,500100,Opex,53433.9
2026-05-01,CC500,3000,500100,Opex,53154.41
2026-06-01,CC500,3000,500100,Opex,53643.41
2026-07-01,CC500,3000,500100,Opex,53278.43
2026-08-01,CC500,3000,500100,Opex,52857.78
2026-09-01,CC500,3000,500100,Opex,54355.42
2026-10-01,CC500,3000,500100,Opex,50844.82
2026-11-01,CC500,3000,500100,Opex,57504.66
2026-12-01,CC500,3000,500100,Opex,62367.25
2026-01-01,CC500,3000,600000,Opex,25439.33
2026-02-01,CC500,3000,600000,Opex,25722.85
2026-03-01,CC500,3000,600000,Opex,27577.35
2026-04-01,CC500,3000,600000,Opex,27385.16
2026-05-01,CC500,3000,600000,Opex,27303.34
2026-06-01,CC500,3000,600000,Opex,29198.35
2026-07-01,CC500,3000,600000,Opex,29086.4
2026-08-01,CC500,3000,600000,Opex,28160.8
2026-09-01,CC500,3000,600000,Opex,28219.03
2026-10-01,CC500,3000,600000,Opex,29160.42
2026-11-01,CC500,3000,600000,Opex,30914.9
2026-12-01,CC500,3000,600000,Opex,30812.34
2026-01-01,CC500,3000,600100,Opex,5172.03
2026-02-01,CC500,3000,600100,Opex,5583.98
2026-03-01,CC500,3000,600100,Opex,5814.09
2026-04-01,CC500,3000,600100,Opex,5677.68
2026-05-01,CC500,3000,600100,Opex,5774.12
2026-06-01,CC500,3000,600100,Opex,5741.16
2026-07-01,CC500,3000,600100,Opex,6010.89
2026-08-01,CC500,3000,600100,Opex,5901.99
2026-09-01,CC500,3000,600100,Opex,5885.91
2026-10-01,CC500,3000,600100,Opex,6276.39
2026-11-01,CC500,3000,600100,Opex,6281.25
2026-12-01,CC500,3000,600100,Opex,6279.45
2026-01-01,CC500,3000,600200,Opex,1917.64
2026-02-01,CC500,3000,600200,Opex,2088.16
2026-03-01,CC500,3000,600200,Opex,2106.08
2026-04-01,CC500,3000,600200,Opex,2003.83
2026-05-01,CC500,3000,600200,Opex,2088.81
2026-06-01,CC500,3000,600200,Opex,2239.91
2026-07-01,CC500,3000,600200,Opex,2247.0
2026-08-01,CC500,3000,600200,Opex,2262.74
2026-09-01,CC500,3000,600200,Opex,2233.75
2026-10-01,CC500,3000,600200,Opex,2366.39
2026-11-01,CC500,3000,600200,Opex,2277.44
2026-12-01,CC500,3000,600200,Opex,2331.87
