period,cost_center,company_code,gl_account,amount
2023-01-01,CC100,1000,600000,180230.71
2023-01-01,CC100,1000,600100,35487.43
2023-01-01,CC100,1000,600200,13407.54
2023-01-01,CC100,1000,610000,86352.15
2023-01-01,CC100,1000,620000,11678.76
2023-01-01,CC100,1000,630000,9017.04
2023-01-01,CC100,1000,640000,6902.24
2023-01-01,CC100,2000,600000,98315.02
2023-01-01,CC100,2000,600100,19811.75
2023-01-01,CC100,2000,600200,7393.57
2023-01-01,CC100,2000,610000,44669.18
2023-01-01,CC100,2000,620000,5646.4
2023-01-01,CC100,2000,630000,5211.4
2023-01-01,CC100,2000,640000,3115.88
2023-01-01,CC100,3000,600000,50215.28
2023-01-01,CC100,3000,600100,10188.23
2023-01-01,CC100,3000,600200,3804.19
2023-01-01,CC100,3000,610000,24247.65
2023-01-01,CC100,3000,620000,3679.3
2023-01-01,CC100,3000,630000,2779.15
2023-01-01,CC100,3000,640000,1544.04
2023-01-01,CC200,1000,600000,309752.77
2023-01-01,CC200,1000,600100,64392.94
2023-01-01,CC200,1000,600200,24465.68
2023-01-01,CC200,1000,630000,30005.21
2023-01-01,CC200,1000,640000,11339.13
2023-01-01,CC200,1000,620000,6227.41
2023-01-01,CC200,1000,660000,11764.68
2023-01-01,CC200,2000,600000,171183.87
2023-01-01,CC200,2000,600100,34549.3
2023-01-01,CC200,2000,600200,13084.88
2023-01-01,CC200,2000,630000,13450.61
2023-01-01,CC200,2000,640000,6015.05
2023-01-01,CC200,2000,620000,3683.91
2023-01-01,CC200,2000,660000,6349.1
2023-01-01,CC200,3000,600000,91734.95
2023-01-01,CC200,3000,600100,18052.65
2023-01-01,CC200,3000,600200,6728.39
2023-01-01,CC200,3000,630000,7149.56
2023-01-01,CC200,3000,640000,3586.53
2023-01-01,CC200,3000,620000,1579.43
2023-01-01,CC200,3000,660000,3372.25
2023-01-01,CC300,1000,600000,74788.4
2023-01-01,CC300,1000,600100,14565.94
2023-01-01,CC300,1000,600200,5598.53
2023-01-01,CC300,1000,650000,12719.77
2023-01-01,CC300,1000,630000,3635.73
2023-01-01,CC300,1000,640000,3220.93
2023-01-01,CC300,1000,660000,2650.59
2023-01-01,CC300,2000,600000,40406.74
2023-01-01,CC300,2000,600100,8111.84
2023-01-01,CC300,2000,600200,2965.74
2023-01-01,CC300,2000,650000,7972.93
2023-01-01,CC300,2000,630000,2194.13
2023-01-01,CC300,2000,640000,1593.0
2023-01-01,CC300,2000,660000,1381.99
2023-01-01,CC300,3000,600000,18876.03
2023-01-01,CC300,3000,600100,3909.7
2023-01-01,CC300,3000,600200,1471.24
2023-01-01,CC300,3000,650000,3912.2
2023-01-01,CC300,3000,630000,999.74
2023-01-01,CC300,3000,640000,638.34
2023-01-01,CC300,3000,660000,750.72
2023-01-01,CC400,1000,600000,93711.09
2023-01-01,CC400,1000,600100,19203.49
2023-01-01,CC400,1000,600200,7275.52
2023-01-01,CC400,1000,630000,6429.55
2023-01-01,CC400,1000,620000,2482.86
2023-01-01,CC400,1000,640000,3535.8
2023-01-01,CC400,2000,600000,48764.83
2023-01-01,CC400,2000,600100,10435.66
2023-01-01,CC400,2000,600200,3896.15
2023-01-01,CC400,2000,630000,3321.17
2023-01-01,CC400,2000,620000,1128.22
2023-01-01,CC400,2000,640000,1730.29
2023-01-01,CC400,3000,600000,25425.46
2023-01-01,CC400,3000,600100,5103.85
2023-01-01,CC400,3000,600200,1941.57
2023-01-01,CC400,3000,630000,1600.74
2023-01-01,CC400,3000,620000,640.39
2023-01-01,CC400,3000,640000,1047.59
2023-01-01,CC500,1000,600000,60571.8
2023-01-01,CC500,1000,600100,12578.69
2023-01-01,CC500,1000,600200,4664.43
2023-01-01,CC500,1000,500000,262698.37
2023-01-01,CC500,1000,500100,114060.07
2023-01-01,CC500,2000,600000,33532.03
2023-01-01,CC500,2000,600100,6782.37
2023-01-01,CC500,2000,600200,2632.47
2023-01-01,CC500,2000,500000,136397.61
2023-01-01,CC500,2000,500100,62999.74
2023-01-01,CC500,3000,600000,16545.06
2023-01-01,CC500,3000,600100,3523.06
2023-01-01,CC500,3000,600200,1289.04
2023-01-01,CC500,3000,500000,82627.81
2023-01-01,CC500,3000,500100,27331.12
2023-02-01,CC100,1000,600000,180503.94
2023-02-01,CC100,1000,600100,37485.04
2023-02-01,CC100,1000,600200,13833.88
2023-02-01,CC100,1000,610000,89149.11
2023-02-01,CC100,1000,620000,10913.93
2023-02-01,CC100,1000,630000,10505.08
2023-02-01,CC100,1000,640000,8493.1
2023-02-01,CC100,2000,600000,97153.4
2023-02-01,CC100,2000,600100,19895.71
2023-02-01,CC100,2000,600200,7746.79
2023-02-01,CC100,2000,610000,50849.54
2023-02-01,CC100,2000,620000,5945.3
2023-02-01,CC100,2000,630000,4807.77
2023-02-01,CC100,2000,640000,3657.92
2023-02-01,CC100,3000,600000,47990.99
2023-02-01,CC100,3000,600100,9930.46
2023-02-01,CC100,3000,600200,3717.43
2023-02-01,CC100,3000,610000,20430.36
2023-02-01,CC100,3000,620000,3150.39
2023-02-01,CC100,3000,630000,2588.32
2023-02-01,CC100,3000,640000,2190.91
2023-02-01,CC200,1000,600000,315184.33
2023-02-01,CC200,1000,600100,67269.16
2023-02-01,CC200,1000,600200,24633.03
2023-02-01,CC200,1000,630000,28719.3
2023-02-01,CC200,1000,640000,13204.17
2023-02-01,CC200,1000,620000,5490.35
2023-02-01,CC200,1000,660000,12605.97
2023-02-01,CC200,2000,600000,176276.97
2023-02-01,CC200,2000,600100,36394.36
2023-02-01,CC200,2000,600200,13592.94
2023-02-01,CC200,2000,630000,19638.57
2023-02-01,CC200,2000,640000,6326.44
2023-02-01,CC200,2000,620000,3199.29
2023-02-01,CC200,2000,660000,6546.85
2023-02-01,CC200,3000,600000,86379.32
2023-02-01,CC200,3000,600100,17689.48
2023-02-01,CC200,3000,600200,6879.0
2023-02-01,CC200,3000,630000,8952.62
2023-02-01,CC200,3000,640000,3167.86
2023-02-01,CC200,3000,620000,1539.98
2023-02-01,CC200,3000,660000,3438.79
2023-02-01,CC300,1000,600000,69845.53
2023-02-01,CC300,1000,600100,14670.68
2023-02-01,CC300,1000,600200,5454.78
2023-02-01,CC300,1000,650000,11523.18
2023-02-01,CC300,1000,630000,4182.3
2023-02-01,CC300,1000,640000,3204.19
2023-02-01,CC300,1000,660000,2633.14
2023-02-01,CC300,2000,600000,38100.62
2023-02-01,CC300,2000,600100,7921.62
2023-02-01,CC300,2000,600200,2973.48
2023-02-01,CC300,2000,650000,7870.59
2023-02-01,CC300,2000,630000,2364.99
2023-02-01,CC300,2000,640000,1450.73
2023-02-01,CC300,2000,660000,1417.91
2023-02-01,CC300,3000,600000,18669.54
2023-02-01,CC300,3000,600100,3880.72
2023-02-01,CC300,3000,600200,1475.88
2023-02-01,CC300,3000,650000,4354.73
2023-02-01,CC300,3000,630000,933.61
2023-02-01,CC300,3000,640000,754.96
2023-02-01,CC300,3000,660000,737.82
2023-02-01,CC400,1000,600000,96967.15
2023-02-01,CC400,1000,600100,20410.82
2023-02-01,CC400,1000,600200,7208.49
2023-02-01,CC400,1000,630000,5774.37
2023-02-01,CC400,1000,620000,2682.2
2023-02-01,CC400,1000,640000,3891.33
2023-02-01,CC400,2000,600000,53752.37
2023-02-01,CC400,2000,600100,10757.57
2023-02-01,CC400,2000,600200,3958.87
2023-02-01,CC400,2000,630000,3519.21
2023-02-01,CC400,2000,620000,1476.54
2023-02-01,CC400,2000,640000,2157.35
2023-02-01,CC400,3000,600000,25858.62
2023-02-01,CC400,3000,600100,5363.08
2023-02-01,CC400,3000,600200,2015.2
2023-02-01,CC400,3000,630000,1867.76
2023-02-01,CC400,3000,620000,698.96
2023-02-01,CC400,3000,640000,968.12
2023-02-01,CC500,1000,600000,63124.03
2023-02-01,CC500,1000,600100,13222.17
2023-02-01,CC500,1000,600200,4762.38
2023-02-01,CC500,1000,500000,292832.25
2023-02-01,CC500,1000,500100,116276.35
2023-02-01,CC500,2000,600000,34277.82
2023-02-01,CC500,2000,600100,7206.99
2023-02-01,CC500,2000,600200,2645.31
2023-02-01,CC500,2000,500000,154436.21
2023-02-01,CC500,2000,500100,56922.15
2023-02-01,CC500,3000,600000,16980.42
2023-02-01,CC500,3000,600100,3476.25
2023-02-01,CC500,3000,600200,1342.66
2023-02-01,CC500,3000,500000,72763.11
2023-02-01,CC500,3000,500100,32879.55
2023-03-01,CC100,1000,600000,182412.01
2023-03-01,CC100,1000,600100,38406.79
2023-03-01,CC100,1000,600200,13935.44
2023-03-01,CC100,1000,610000,83717.82
2023-03-01,CC100,1000,620000,12342.34
2023-03-01,CC100,1000,630000,9481.73
2023-03-01,CC100,1000,640000,6669.37
2023-03-01,CC100,2000,600000,99247.0
2023-03-01,CC100,2000,600100,20715.09
2023-03-01,CC100,2000,600200,7448.73
2023-03-01,CC100,2000,610000,44951.58
2023-03-01,CC100,2000,620000,5893.69
2023-03-01,CC100,2000,630000,5675.79
2023-03-01,CC100,2000,640000,3223.25
2023-03-01,CC100,3000,600000,48879.05
2023-03-01,CC100,3000,600100,10216.32
2023-03-01,CC100,3000,600200,3921.49
2023-03-01,CC100,3000,610000,22035.01
2023-03-01,CC100,3000,620000,2992.77
2023-03-01,CC100,3000,630000,3011.82
2023-03-01,CC100,3000,640000,1625.92
2023-03-01,CC200,1000,600000,313883.94
2023-03-01,CC200,1000,600100,67940.84
2023-03-01,CC200,1000,600200,25001.97
2023-03-01,CC200,1000,630000,26455.78
2023-03-01,CC200,1000,640000,13522.28
2023-03-01,CC200,1000,620000,6467.82
2023-03-01,CC200,1000,660000,12271.63
2023-03-01,CC200,2000,600000,174499.22
2023-03-01,CC200,2000,600100,37376.36
2023-03-01,CC200,2000,600200,13954.9
2023-03-01,CC200,2000,630000,15912.33
2023-03-01,CC200,2000,640000,8159.82
2023-03-01,CC200,2000,620000,3075.41
2023-03-01,CC200,2000,660000,6362.5
2023-03-01,CC200,3000,600000,88303.34
2023-03-01,CC200,3000,600100,18350.93
2023-03-01,CC200,3000,600200,6921.4
2023-03-01,CC200,3000,630000,7842.01
2023-03-01,CC200,3000,640000,3565.19
2023-03-01,CC200,3000,620000,1506.46
2023-03-01,CC200,3000,660000,3692.55
2023-03-01,CC300,1000,600000,71359.42
2023-03-01,CC300,1000,600100,14989.55
2023-03-01,CC300,1000,600200,5535.91
2023-03-01,CC300,1000,650000,14373.38
2023-03-01,CC300,1000,630000,3874.33
2023-03-01,CC300,1000,640000,2872.19
2023-03-01,CC300,1000,660000,2837.46
2023-03-01,CC300,2000,600000,40216.2
2023-03-01,CC300,2000,600100,8067.44
2023-03-01,CC300,2000,600200,3056.18
2023-03-01,CC300,2000,650000,7466.02
2023-03-01,CC300,2000,630000,2298.28
2023-03-01,CC300,2000,640000,1404.81
2023-03-01,CC300,2000,660000,1642.4
2023-03-01,CC300,3000,600000,19228.31
2023-03-01,CC300,3000,600100,3834.48
2023-03-01,CC300,3000,600200,1484.08
2023-03-01,CC300,3000,650000,3448.69
2023-03-01,CC300,3000,630000,1069.82
2023-03-01,CC300,3000,640000,691.84
2023-03-01,CC300,3000,660000,723.63
2023-03-01,CC400,1000,600000,91965.44
2023-03-01,CC400,1000,600100,19428.26
2023-03-01,CC400,1000,600200,6995.69
2023-03-01,CC400,1000,630000,5156.34
2023-03-01,CC400,1000,620000,2637.06
2023-03-01,CC400,1000,640000,3964.92
2023-03-01,CC400,2000,600000,52400.3
2023-03-01,CC400,2000,600100,10451.97
2023-03-01,CC400,2000,600200,3992.97
2023-03-01,CC400,2000,630000,3329.45
2023-03-01,CC400,2000,620000,1177.94
2023-03-01,CC400,2000,640000,2298.83
2023-03-01,CC400,3000,600000,26761.31
2023-03-01,CC400,3000,600100,5370.99
2023-03-01,CC400,3000,600200,2024.15
2023-03-01,CC400,3000,630000,1721.02
2023-03-01,CC400,3000,620000,536.67
2023-03-01,CC400,3000,640000,986.53
2023-03-01,CC500,1000,600000,63012.72
2023-03-01,CC500,1000,600100,12841.91
2023-03-01,CC500,1000,600200,4886.53
2023-03-01,CC500,1000,500000,338191.7
2023-03-01,CC500,1000,500100,130727.01
2023-03-01,CC500,2000,600000,34734.86
2023-03-01,CC500,2000,600100,7289.97
2023-03-01,CC500,2000,600200,2778.43
2023-03-01,CC500,2000,500000,172240.65
2023-03-01,CC500,2000,500100,67972.62
2023-03-01,CC500,3000,600000,17340.81
2023-03-01,CC500,3000,600100,3654.04
2023-03-01,CC500,3000,600200,1362.03
2023-03-01,CC500,3000,500000,85888.24
2023-03-01,CC500,3000,500100,35930.77
2023-04-01,CC100,1000,600000,188117.36
2023-04-01,CC100,1000,600100,37390.24
2023-04-01,CC100,1000,600200,14546.49
2023-04-01,CC100,1000,610000,84309.85
2023-04-01,CC100,1000,620000,14261.95
2023-04-01,CC100,1000,630000,8797.51
2023-04-01,CC100,1000,640000,8316.73
2023-04-01,CC100,2000,600000,101038.98
2023-04-01,CC100,2000,600100,20375.27
2023-04-01,CC100,2000,600200,7666.67
2023-04-01,CC100,2000,610000,43712.59
2023-04-01,CC100,2000,620000,6724.97
2023-04-01,CC100,2000,630000,5430.9
2023-04-01,CC100,2000,640000,3648.73
2023-04-01,CC100,3000,600000,50295.8
2023-04-01,CC100,3000,600100,10764.37
2023-04-01,CC100,3000,600200,4004.53
2023-04-01,CC100,3000,610000,23564.83
2023-04-01,CC100,3000,620000,3237.92
2023-04-01,CC100,3000,630000,2611.5
2023-04-01,CC100,3000,640000,2054.14
2023-04-01,CC200,1000,600000,324305.01
2023-04-01,CC200,1000,600100,67563.74
2023-04-01,CC200,1000,600200,24617.61
2023-04-01,CC200,1000,630000,30898.26
2023-04-01,CC200,1000,640000,13557.87
2023-04-01,CC200,1000,620000,6059.24
2023-04-01,CC200,1000,660000,13735.89
2023-04-01,CC200,2000,600000,176072.12
2023-04-01,CC200,2000,600100,35940.67
2023-04-01,CC200,2000,600200,13946.72
2023-04-01,CC200,2000,630000,17894.59
2023-04-01,CC200,2000,640000,8111.21
2023-04-01,CC200,2000,620000,3311.81
2023-04-01,CC200,2000,660000,7316.62
2023-04-01,CC200,3000,600000,90677.25
2023-04-01,CC200,3000,600100,18550.53
2023-04-01,CC200,3000,600200,7103.92
2023-04-01,CC200,3000,630000,8675.22
2023-04-01,CC200,3000,640000,2940.07
2023-04-01,CC200,3000,620000,2002.81
2023-04-01,CC200,3000,660000,3731.12
2023-04-01,CC300,1000,600000,70746.14
2023-04-01,CC300,1000,600100,14812.23
2023-04-01,CC300,1000,600200,5565.41
2023-04-01,CC300,1000,650000,14136.54
2023-04-01,CC300,1000,630000,3471.79
2023-04-01,CC300,1000,640000,2570.42
2023-04-01,CC300,1000,660000,2751.96
2023-04-01,CC300,2000,600000,40186.55
2023-04-01,CC300,2000,600100,8142.05
2023-04-01,CC300,2000,600200,2998.04
2023-04-01,CC300,2000,650000,8133.79
2023-04-01,CC300,2000,630000,1440.03
2023-04-01,CC300,2000,640000,1683.7
2023-04-01,CC300,2000,660000,1378.85
2023-04-01,CC300,3000,600000,19148.54
2023-04-01,CC300,3000,600100,3867.99
2023-04-01,CC300,3000,600200,1445.3
2023-04-01,CC300,3000,650000,4139.89
2023-04-01,CC300,3000,630000,942.88
2023-04-01,CC300,3000,640000,767.57
2023-04-01,CC300,3000,660000,740.12
2023-04-01,CC400,1000,600000,97361.93
2023-04-01,CC400,1000,600100,19813.33
2023-04-01,CC400,1000,600200,7228.24
2023-04-01,CC400,1000,630000,6798.08
2023-04-01,CC400,1000,620000,2350.77
2023-04-01,CC400,1000,640000,3131.92
2023-04-01,CC400,2000,600000,52270.1
2023-04-01,CC400,2000,600100,11139.27
2023-04-01,CC400,2000,600200,4124.46
2023-04-01,CC400,2000,630000,3261.75
2023-04-01,CC400,2000,620000,1304.62
2023-04-01,CC400,2000,640000,1962.53
2023-04-01,CC400,3000,600000,27455.65
2023-04-01,CC400,3000,600100,5448.64
2023-04-01,CC400,3000,600200,2045.19
2023-04-01,CC400,3000,630000,1863.89
2023-04-01,CC400,3000,620000,692.06
2023-04-01,CC400,3000,640000,987.61
2023-04-01,CC500,1000,600000,63780.65
2023-04-01,CC500,1000,600100,13115.98
2023-04-01,CC500,1000,600200,4921.88
2023-04-01,CC500,1000,500000,308230.07
2023-04-01,CC500,1000,500100,123778.32
2023-04-01,CC500,2000,600000,35733.7
2023-04-01,CC500,2000,600100,7212.47
2023-04-01,CC500,2000,600200,2713.31
2023-04-01,CC500,2000,500000,126450.8
2023-04-01,CC500,2000,500100,73932.21
2023-04-01,CC500,3000,600000,17730.85
2023-04-01,CC500,3000,600100,3684.17
2023-04-01,CC500,3000,600200,1276.06
2023-04-01,CC500,3000,500000,95515.06
2023-04-01,CC500,3000,500100,33390.44
2023-05-01,CC100,1000,600000,191148.23
2023-05-01,CC100,1000,600100,37561.89
2023-05-01,CC100,1000,600200,14561.18
2023-05-01,CC100,1000,610000,75072.44
2023-05-01,CC100,1000,620000,11239.67
2023-05-01,CC100,1000,630000,11425.47
2023-05-01,CC100,1000,640000,7055.3
2023-05-01,CC100,2000,600000,102870.59
2023-05-01,CC100,2000,600100,21375.9
2023-05-01,CC100,2000,600200,7956.97
2023-05-01,CC100,2000,610000,46651.34
2023-05-01,CC100,2000,620000,6805.34
2023-05-01,CC100,2000,630000,6514.98
2023-05-01,CC100,2000,640000,3916.73
2023-05-01,CC100,3000,600000,51418.57
2023-05-01,CC100,3000,600100,10725.89
2023-05-01,CC100,3000,600200,4026.53
2023-05-01,CC100,3000,610000,25707.8
2023-05-01,CC100,3000,620000,3492.54
2023-05-01,CC100,3000,630000,2326.1
2023-05-01,CC100,3000,640000,2291.45
2023-05-01,CC200,1000,600000,332047.61
2023-05-01,CC200,1000,600100,70132.52
2023-05-01,CC200,1000,600200,25747.11
2023-05-01,CC200,1000,630000,30302.77
2023-05-01,CC200,1000,640000,13500.45
2023-05-01,CC200,1000,620000,6745.39
2023-05-01,CC200,1000,660000,13346.47
2023-05-01,CC200,2000,600000,190880.34
2023-05-01,CC200,2000,600100,38274.81
2023-05-01,CC200,2000,600200,14154.58
2023-05-01,CC200,2000,630000,18194.58
2023-05-01,CC200,2000,640000,7957.97
2023-05-01,CC200,2000,620000,3119.47
2023-05-01,CC200,2000,660000,7324.45
2023-05-01,CC200,3000,600000,94259.54
2023-05-01,CC200,3000,600100,18954.42
2023-05-01,CC200,3000,600200,7347.2
2023-05-01,CC200,3000,630000,8217.02
2023-05-01,CC200,3000,640000,3620.13
2023-05-01,CC200,3000,620000,1756.68
2023-05-01,CC200,3000,660000,3578.01
2023-05-01,CC300,1000,600000,69558.35
2023-05-01,CC300,1000,600100,14168.08
2023-05-01,CC300,1000,600200,5645.05
2023-05-01,CC300,1000,650000,12518.12
2023-05-01,CC300,1000,630000,3285.49
2023-05-01,CC300,1000,640000,2146.28
2023-05-01,CC300,1000,660000,2647.91
2023-05-01,CC300,2000,600000,37642.73
2023-05-01,CC300,2000,600100,8191.94
2023-05-01,CC300,2000,600200,3034.37
2023-05-01,CC300,2000,650000,6924.06
2023-05-01,CC300,2000,630000,2429.49
2023-05-01,CC300,2000,640000,1633.15
2023-05-01,CC300,2000,660000,1463.0
2023-05-01,CC300,3000,600000,18366.53
2023-05-01,CC300,3000,600100,4147.44
2023-05-01,CC300,3000,600200,1445.82
2023-05-01,CC300,3000,650000,3106.14
2023-05-01,CC300,3000,630000,1092.81
2023-05-01,CC300,3000,640000,924.99
2023-05-01,CC300,3000,660000,795.04
2023-05-01,CC400,1000,600000,99058.35
2023-05-01,CC400,1000,600100,20332.06
2023-05-01,CC400,1000,600200,7663.5
2023-05-01,CC400,1000,630000,6755.61
2023-05-01,CC400,1000,620000,2582.26
2023-05-01,CC400,1000,640000,3806.7
2023-05-01,CC400,2000,600000,53420.87
2023-05-01,CC400,2000,600100,10806.41
2023-05-01,CC400,2000,600200,4091.35
2023-05-01,CC400,2000,630000,2848.24
2023-05-01,CC400,2000,620000,1358.0
2023-05-01,CC400,2000,640000,1853.85
2023-05-01,CC400,3000,600000,25838.52
2023-05-01,CC400,3000,600100,5439.34
2023-05-01,CC400,3000,600200,2089.02
2023-05-01,CC400,3000,630000,1849.23
2023-05-01,CC400,3000,620000,571.08
2023-05-01,CC400,3000,640000,915.65
2023-05-01,CC500,1000,600000,66205.06
2023-05-01,CC500,1000,600100,13067.79
2023-05-01,CC500,1000,600200,4976.19
2023-05-01,CC500,1000,500000,307626.46
2023-05-01,CC500,1000,500100,112865.1
2023-05-01,CC500,2000,600000,35373.47
2023-05-01,CC500,2000,600100,7047.65
2023-05-01,CC500,2000,600200,2682.66
2023-05-01,CC500,2000,500000,163458.41
2023-05-01,CC500,2000,500100,57069.14
2023-05-01,CC500,3000,600000,17805.02
2023-05-01,CC500,3000,600100,3619.0
2023-05-01,CC500,3000,600200,1372.66
2023-05-01,CC500,3000,500000,80969.96
2023-05-01,CC500,3000,500100,38571.5
2023-06-01,CC100,1000,600000,189463.66
2023-06-01,CC100,1000,600100,38434.31
2023-06-01,CC100,1000,600200,14573.28
2023-06-01,CC100,1000,610000,89410.7
2023-06-01,CC100,1000,620000,12173.96
2023-06-01,CC100,1000,630000,9731.15
2023-06-01,CC100,1000,640000,6758.59
2023-06-01,CC100,2000,600000,101300.33
2023-06-01,CC100,2000,600100,20468.01
2023-06-01,CC100,2000,600200,8173.36
2023-06-01,CC100,2000,610000,40336.04
2023-06-01,CC100,2000,620000,6124.87
2023-06-01,CC100,2000,630000,4886.47
2023-06-01,CC100,2000,640000,4301.88
2023-06-01,CC100,3000,600000,51027.91
2023-06-01,CC100,3000,600100,10792.13
2023-06-01,CC100,3000,600200,3895.33
2023-06-01,CC100,3000,610000,23675.62
2023-06-01,CC100,3000,620000,3015.56
2023-06-01,CC100,3000,630000,3197.02
2023-06-01,CC100,3000,640000,1739.8
2023-06-01,CC200,1000,600000,345757.64
2023-06-01,CC200,1000,600100,71381.34
2023-06-01,CC200,1000,600200,26651.71
2023-06-01,CC200,1000,630000,30267.05
2023-06-01,CC200,1000,640000,13044.9
2023-06-01,CC200,1000,620000,6637.19
2023-06-01,CC200,1000,660000,13119.33
2023-06-01,CC200,2000,600000,190954.1
2023-06-01,CC200,2000,600100,40128.22
2023-06-01,CC200,2000,600200,14250.29
2023-06-01,CC200,2000,630000,14509.77
2023-06-01,CC200,2000,640000,7141.87
2023-06-01,CC200,2000,620000,4532.14
2023-06-01,CC200,2000,660000,6915.94
2023-06-01,CC200,3000,600000,97259.39
2023-06-01,CC200,3000,600100,19965.55
2023-06-01,CC200,3000,600200,7163.81
2023-06-01,CC200,3000,630000,8932.22
2023-06-01,CC200,3000,640000,4211.81
2023-06-01,CC200,3000,620000,1742.34
2023-06-01,CC200,3000,660000,3585.14
2023-06-01,CC300,1000,600000,70452.4
2023-06-01,CC300,1000,600100,14325.13
2023-06-01,CC300,1000,600200,5412.0
2023-06-01,CC300,1000,650000,12030.23
2023-06-01,CC300,1000,630000,3667.93
2023-06-01,CC300,1000,640000,2530.51
2023-06-01,CC300,1000,660000,2773.65
2023-06-01,CC300,2000,600000,37549.1
2023-06-01,CC300,2000,600100,8002.37
2023-06-01,CC300,2000,600200,3030.86
2023-06-01,CC300,2000,650000,5966.99
2023-06-01,CC300,2000,630000,2061.78
2023-06-01,CC300,2000,640000,1673.57
2023-06-01,CC300,2000,660000,1400.43
2023-06-01,CC300,3000,600000,20025.75
2023-06-01,CC300,3000,600100,4008.19
2023-06-01,CC300,3000,600200,1469.56
2023-06-01,CC300,3000,650000,3705.67
2023-06-01,CC300,3000,630000,1049.2
2023-06-01,CC300,3000,640000,750.95
2023-06-01,CC300,3000,660000,765.37
2023-06-01,CC400,1000,600000,97005.73
2023-06-01,CC400,1000,600100,20340.55
2023-06-01,CC400,1000,600200,7387.02
2023-06-01,CC400,1000,630000,6264.5
2023-06-01,CC400,1000,620000,2304.94
2023-06-01,CC400,1000,640000,3521.41
2023-06-01,CC400,2000,600000,55598.45
2023-06-01,CC400,2000,600100,11372.58
2023-06-01,CC400,2000,600200,4224.47
2023-06-01,CC400,2000,630000,3098.11
2023-06-01,CC400,2000,620000,1347.19
2023-06-01,CC400,2000,640000,2339.96
2023-06-01,CC400,3000,600000,27205.45
2023-06-01,CC400,3000,600100,5822.97
2023-06-01,CC400,3000,600200,2103.23
2023-06-01,CC400,3000,630000,1772.41
2023-06-01,CC400,3000,620000,674.1
2023-06-01,CC400,3000,640000,1057.34
2023-06-01,CC500,1000,600000,64933.65
2023-06-01,CC500,1000,600100,13549.68
2023-06-01,CC500,1000,600200,5106.04
2023-06-01,CC500,1000,500000,269288.81
2023-06-01,CC500,1000,500100,108580.08
2023-06-01,CC500,2000,600000,34081.17
2023-06-01,CC500,2000,600100,7331.27
2023-06-01,CC500,2000,600200,2661.52
2023-06-01,CC500,2000,500000,124579.61
2023-06-01,CC500,2000,500100,70683.27
2023-06-01,CC500,3000,600000,18572.28
2023-06-01,CC500,3000,600100,3628.33
2023-06-01,CC500,3000,600200,1383.61
2023-06-01,CC500,3000,500000,80028.86
2023-06-01,CC500,3000,500100,33683.28
2023-07-01,CC100,1000,600000,194494.86
2023-07-01,CC100,1000,600100,38948.82
2023-07-01,CC100,1000,600200,14769.66
2023-07-01,CC100,1000,610000,88454.96
2023-07-01,CC100,1000,620000,11424.67
2023-07-01,CC100,1000,630000,10765.68
2023-07-01,CC100,1000,640000,7217.03
2023-07-01,CC100,2000,600000,102877.85
2023-07-01,CC100,2000,600100,21656.93
2023-07-01,CC100,2000,600200,7890.75
2023-07-01,CC100,2000,610000,47003.69
2023-07-01,CC100,2000,620000,6689.84
2023-07-01,CC100,2000,630000,5938.44
2023-07-01,CC100,2000,640000,4208.28
2023-07-01,CC100,3000,600000,52202.21
2023-07-01,CC100,3000,600100,10888.73
2023-07-01,CC100,3000,600200,4129.27
2023-07-01,CC100,3000,610000,24743.07
2023-07-01,CC100,3000,620000,3351.44
2023-07-01,CC100,3000,630000,2327.02
2023-07-01,CC100,3000,640000,1794.82
2023-07-01,CC200,1000,600000,346308.63
2023-07-01,CC200,1000,600100,70602.7
2023-07-01,CC200,1000,600200,26702.52
2023-07-01,CC200,1000,630000,31447.01
2023-07-01,CC200,1000,640000,14111.23
2023-07-01,CC200,1000,620000,6653.45
2023-07-01,CC200,1000,660000,13727.36
2023-07-01,CC200,2000,600000,190026.68
2023-07-01,CC200,2000,600100,37391.55
2023-07-01,CC200,2000,600200,14324.35
2023-07-01,CC200,2000,630000,16786.31
2023-07-01,CC200,2000,640000,6416.31
2023-07-01,CC200,2000,620000,3868.61
2023-07-01,CC200,2000,660000,7857.98
2023-07-01,CC200,3000,600000,97718.27
2023-07-01,CC200,3000,600100,19484.27
2023-07-01,CC200,3000,600200,7556.7
2023-07-01,CC200,3000,630000,8688.19
2023-07-01,CC200,3000,640000,3545.29
2023-07-01,CC200,3000,620000,1721.95
2023-07-01,CC200,3000,660000,3613.48
2023-07-01,CC300,1000,600000,70891.02
2023-07-01,CC300,1000,600100,14705.48
2023-07-01,CC300,1000,600200,5513.47
2023-07-01,CC300,1000,650000,13743.74
2023-07-01,CC300,1000,630000,3823.97
2023-07-01,CC300,1000,640000,3075.09
2023-07-01,CC300,1000,660000,2878.38
2023-07-01,CC300,2000,600000,37690.66
2023-07-01,CC300,2000,600100,7561.06
2023-07-01,CC300,2000,600200,3043.86
2023-07-01,CC300,2000,650000,6448.98
2023-07-01,CC300,2000,630000,1947.24
2023-07-01,CC300,2000,640000,1319.19
2023-07-01,CC300,2000,660000,1359.4
2023-07-01,CC300,3000,600000,19632.46
2023-07-01,CC300,3000,600100,4044.52
2023-07-01,CC300,3000,600200,1476.78
2023-07-01,CC300,3000,650000,2767.26
2023-07-01,CC300,3000,630000,941.6
2023-07-01,CC300,3000,640000,776.27
2023-07-01,CC300,3000,660000,691.77
2023-07-01,CC400,1000,600000,100065.89
2023-07-01,CC400,1000,600100,20445.07
2023-07-01,CC400,1000,600200,7758.11
2023-07-01,CC400,1000,630000,6467.47
2023-07-01,CC400,1000,620000,2307.66
2023-07-01,CC400,1000,640000,4293.47
2023-07-01,CC400,2000,600000,54209.54
2023-07-01,CC400,2000,600100,11149.18
2023-07-01,CC400,2000,600200,4105.15
2023-07-01,CC400,2000,630000,3331.49
2023-07-01,CC400,2000,620000,1271.03
2023-07-01,CC400,2000,640000,2055.44
2023-07-01,CC400,3000,600000,28121.84
2023-07-01,CC400,3000,600100,5424.6
2023-07-01,CC400,3000,600200,2024.12
2023-07-01,CC400,3000,630000,1999.44
2023-07-01,CC400,3000,620000,682.61
2023-07-01,CC400,3000,640000,975.83
2023-07-01,CC500,1000,600000,67462.6
2023-07-01,CC500,1000,600100,13392.33
2023-07-01,CC500,1000,600200,5269.36
2023-07-01,CC500,1000,500000,316652.96
2023-07-01,CC500,1000,500100,120891.5
2023-07-01,CC500,2000,600000,37832.67
2023-07-01,CC500,2000,600100,7349.43
2023-07-01,CC500,2000,600200,2831.24
2023-07-01,CC500,2000,500000,167611.07
2023-07-01,CC500,2000,500100,78824.98
2023-07-01,CC500,3000,600000,18284.69
2023-07-01,CC500,3000,600100,3639.45
2023-07-01,CC500,3000,600200,1343.37
2023-07-01,CC500,3000,500000,83221.59
2023-07-01,CC500,3000,500100,31787.11
2023-08-01,CC100,1000,600000,202382.03
2023-08-01,CC100,1000,600100,40016.26
2023-08-01,CC100,1000,600200,14855.89
2023-08-01,CC100,1000,610000,88909.39
2023-08-01,CC100,1000,620000,10791.02
2023-08-01,CC100,1000,630000,9007.46
2023-08-01,CC100,1000,640000,8380.84
2023-08-01,CC100,2000,600000,104863.14
2023-08-01,CC100,2000,600100,21340.37
2023-08-01,CC100,2000,600200,8261.51
2023-08-01,CC100,2000,610000,53333.87
2023-08-01,CC100,2000,620000,7301.2
2023-08-01,CC100,2000,630000,5991.95
2023-08-01,CC100,2000,640000,3777.6
2023-08-01,CC100,3000,600000,51618.77
2023-08-01,CC100,3000,600100,11225.62
2023-08-01,CC100,3000,600200,4060.52
2023-08-01,CC100,3000,610000,23242.2
2023-08-01,CC100,3000,620000,3858.09
2023-08-01,CC100,3000,630000,2876.14
2023-08-01,CC100,3000,640000,2136.6
2023-08-01,CC200,1000,600000,369607.63
2023-08-01,CC200,1000,600100,71735.03
2023-08-01,CC200,1000,600200,27757.07
2023-08-01,CC200,1000,630000,31974.53
2023-08-01,CC200,1000,640000,13991.66
2023-08-01,CC200,1000,620000,7854.16
2023-08-01,CC200,1000,660000,13971.67
2023-08-01,CC200,2000,600000,195317.37
2023-08-01,CC200,2000,600100,40488.61
2023-08-01,CC200,2000,600200,14755.89
2023-08-01,CC200,2000,630000,15886.44
2023-08-01,CC200,2000,640000,6655.67
2023-08-01,CC200,2000,620000,2985.38
2023-08-01,CC200,2000,660000,8196.3
2023-08-01,CC200,3000,600000,94486.69
2023-08-01,CC200,3000,600100,19731.48
2023-08-01,CC200,3000,600200,7391.05
2023-08-01,CC200,3000,630000,8937.44
2023-08-01,CC200,3000,640000,4019.23
2023-08-01,CC200,3000,620000,2017.93
2023-08-01,CC200,3000,660000,3607.76
2023-08-01,CC300,1000,600000,71370.37
2023-08-01,CC300,1000,600100,14772.19
2023-08-01,CC300,1000,600200,5481.04
2023-08-01,CC300,1000,650000,15984.59
2023-08-01,CC300,1000,630000,3852.59
2023-08-01,CC300,1000,640000,2956.62
2023-08-01,CC300,1000,660000,2845.51
2023-08-01,CC300,2000,600000,39847.19
2023-08-01,CC300,2000,600100,8015.26
2023-08-01,CC300,2000,600200,2917.2
2023-08-01,CC300,2000,650000,7786.45
2023-08-01,CC300,2000,630000,1866.54
2023-08-01,CC300,2000,640000,1418.28
2023-08-01,CC300,2000,660000,1541.34
2023-08-01,CC300,3000,600000,19948.83
2023-08-01,CC300,3000,600100,3994.87
2023-08-01,CC300,3000,600200,1506.69
2023-08-01,CC300,3000,650000,4380.84
2023-08-01,CC300,3000,630000,1022.33
2023-08-01,CC300,3000,640000,943.51
2023-08-01,CC300,3000,660000,769.89
2023-08-01,CC400,1000,600000,97662.21
2023-08-01,CC400,1000,600100,21077.36
2023-08-01,CC400,1000,600200,7846.05
2023-08-01,CC400,1000,630000,7325.82
2023-08-01,CC400,1000,620000,2770.29
2023-08-01,CC400,1000,640000,3839.44
2023-08-01,CC400,2000,600000,53805.17
2023-08-01,CC400,2000,600100,11266.69
2023-08-01,CC400,2000,600200,4170.58
2023-08-01,CC400,2000,630000,3330.37
2023-08-01,CC400,2000,620000,1497.49
2023-08-01,CC400,2000,640000,2475.62
2023-08-01,CC400,3000,600000,28122.54
2023-08-01,CC400,3000,600100,5586.65
2023-08-01,CC400,3000,600200,2165.42
2023-08-01,CC400,3000,630000,2002.64
2023-08-01,CC400,3000,620000,671.82
2023-08-01,CC400,3000,640000,1058.78
2023-08-01,CC500,1000,600000,67067.32
2023-08-01,CC500,1000,600100,13537.46
2023-08-01,CC500,1000,600200,5224.38
2023-08-01,CC500,1000,500000,297215.93
2023-08-01,CC500,1000,500100,134347.09
2023-08-01,CC500,2000,600000,35705.89
2023-08-01,CC500,2000,600100,7391.4
2023-08-01,CC500,2000,600200,2836.64
2023-08-01,CC500,2000,500000,157032.57
2023-08-01,CC500,2000,500100,81978.51
2023-08-01,CC500,3000,600000,18430.96
2023-08-01,CC500,3000,600100,3828.3
2023-08-01,CC500,3000,600200,1455.85
2023-08-01,CC500,3000,500000,71544.55
2023-08-01,CC500,3000,500100,29438.41
2023-09-01,CC100,1000,600000,189043.78
2023-09-01,CC100,1000,600100,41008.73
2023-09-01,CC100,1000,600200,14833.96
2023-09-01,CC100,1000,610000,109880.66
2023-09-01,CC100,1000,620000,11794.31
2023-09-01,CC100,1000,630000,10184.22
2023-09-01,CC100,1000,640000,8656.3
2023-09-01,CC100,2000,600000,110775.63
2023-09-01,CC100,2000,600100,22747.42
2023-09-01,CC100,2000,600200,8390.49
2023-09-01,CC100,2000,610000,52683.56
2023-09-01,CC100,2000,620000,7231.61
2023-09-01,CC100,2000,630000,5886.78
2023-09-01,CC100,2000,640000,3870.47
2023-09-01,CC100,3000,600000,52379.87
2023-09-01,CC100,3000,600100,10922.6
2023-09-01,CC100,3000,600200,4082.31
2023-09-01,CC100,3000,610000,22811.82
2023-09-01,CC100,3000,620000,3651.26
2023-09-01,CC100,3000,630000,2991.71
2023-09-01,CC100,3000,640000,2066.23
2023-09-01,CC200,1000,600000,371803.45
2023-09-01,CC200,1000,600100,72386.83
2023-09-01,CC200,1000,600200,27671.77
2023-09-01,CC200,1000,630000,30086.09
2023-09-01,CC200,1000,640000,11297.12
2023-09-01,CC200,1000,620000,6887.42
2023-09-01,CC200,1000,660000,13805.13
2023-09-01,CC200,2000,600000,202659.95
2023-09-01,CC200,2000,600100,40858.98
2023-09-01,CC200,2000,600200,14821.28
2023-09-01,CC200,2000,630000,20926.14
2023-09-01,CC200,2000,640000,8489.4
2023-09-01,CC200,2000,620000,4003.0
2023-09-01,CC200,2000,660000,7479.94
2023-09-01,CC200,3000,600000,96960.35
2023-09-01,CC200,3000,600100,20127.47
2023-09-01,CC200,3000,600200,7769.99
2023-09-01,CC200,3000,630000,10543.78
2023-09-01,CC200,3000,640000,4388.98
2023-09-01,CC200,3000,620000,1808.17
2023-09-01,CC200,3000,660000,3589.35
2023-09-01,CC300,1000,600000,71975.99
2023-09-01,CC300,1000,600100,14202.09
2023-09-01,CC300,1000,600200,5556.74
2023-09-01,CC300,1000,650000,13598.91
2023-09-01,CC300,1000,630000,3509.17
2023-09-01,CC300,1000,640000,2320.31
2023-09-01,CC300,1000,660000,2831.42
2023-09-01,CC300,2000,600000,38606.87
2023-09-01,CC300,2000,600100,7817.34
2023-09-01,CC300,2000,600200,2829.3
2023-09-01,CC300,2000,650000,7483.7
2023-09-01,CC300,2000,630000,2355.82
2023-09-01,CC300,2000,640000,1750.2
2023-09-01,CC300,2000,660000,1466.57
2023-09-01,CC300,3000,600000,19276.31
2023-09-01,CC300,3000,600100,4039.84
2023-09-01,CC300,3000,600200,1470.9
2023-09-01,CC300,3000,650000,3865.41
2023-09-01,CC300,3000,630000,1077.23
2023-09-01,CC300,3000,640000,842.51
2023-09-01,CC300,3000,660000,746.68
2023-09-01,CC400,1000,600000,102340.98
2023-09-01,CC400,1000,600100,20708.75
2023-09-01,CC400,1000,600200,7773.86
2023-09-01,CC400,1000,630000,6437.97
2023-09-01,CC400,1000,620000,2731.66
2023-09-01,CC400,1000,640000,4313.37
2023-09-01,CC400,2000,600000,55033.95
2023-09-01,CC400,2000,600100,11815.84
2023-09-01,CC400,2000,600200,4279.16
2023-09-01,CC400,2000,630000,3577.75
2023-09-01,CC400,2000,620000,1327.0
2023-09-01,CC400,2000,640000,1629.73
2023-09-01,CC400,3000,600000,28460.68
2023-09-01,CC400,3000,600100,5821.2
2023-09-01,CC400,3000,600200,2139.14
2023-09-01,CC400,3000,630000,1804.72
2023-09-01,CC400,3000,620000,754.08
2023-09-01,CC400,3000,640000,907.55
2023-09-01,CC500,1000,600000,66490.14
2023-09-01,CC500,1000,600100,14003.84
2023-09-01,CC500,1000,600200,5039.65
2023-09-01,CC500,1000,500000,310395.9
2023-09-01,CC500,1000,500100,111701.55
2023-09-01,CC500,2000,600000,36774.27
2023-09-01,CC500,2000,600100,7468.39
2023-09-01,CC500,2000,600200,2712.11
2023-09-01,CC500,2000,500000,182529.67
2023-09-01,CC500,2000,500100,64919.13
2023-09-01,CC500,3000,600000,18320.25
2023-09-01,CC500,3000,600100,3835.22
2023-09-01,CC500,3000,600200,1465.37
2023-09-01,CC500,3000,500000,75072.1
2023-09-01,CC500,3000,500100,36032.46
2023-10-01,CC100,1000,600000,196323.79
2023-10-01,CC100,1000,600100,40482.6
2023-10-01,CC100,1000,600200,15026.25
2023-10-01,CC100,1000,610000,84139.11
2023-10-01,CC100,1000,620000,11445.19
2023-10-01,CC100,1000,630000,10068.27
2023-10-01,CC100,1000,640000,6684.03
2023-10-01,CC100,2000,600000,99770.06
2023-10-01,CC100,2000,600100,21925.38
2023-10-01,CC100,2000,600200,8298.21
2023-10-01,CC100,2000,610000,36311.68
2023-10-01,CC100,2000,620000,6106.53
2023-10-01,CC100,2000,630000,5770.34
2023-10-01,CC100,2000,640000,4913.94
2023-10-01,CC100,3000,600000,53395.17
2023-10-01,CC100,3000,600100,10788.89
2023-10-01,CC100,3000,600200,4090.6
2023-10-01,CC100,3000,610000,27242.16
2023-10-01,CC100,3000,620000,3200.34
2023-10-01,CC100,3000,630000,2518.33
2023-10-01,CC100,3000,640000,1953.71
2023-10-01,CC200,1000,600000,355055.81
2023-10-01,CC200,1000,600100,74429.77
2023-10-01,CC200,1000,600200,28747.57
2023-10-01,CC200,1000,630000,33532.8
2023-10-01,CC200,1000,640000,13570.11
2023-10-01,CC200,1000,620000,6757.59
2023-10-01,CC200,1000,660000,12833.33
2023-10-01,CC200,2000,600000,200637.6
2023-10-01,CC200,2000,600100,40379.18
2023-10-01,CC200,2000,600200,15111.06
2023-10-01,CC200,2000,630000,23343.14
2023-10-01,CC200,2000,640000,7809.44
2023-10-01,CC200,2000,620000,3506.41
2023-10-01,CC200,2000,660000,7421.25
2023-10-01,CC200,3000,600000,101359.06
2023-10-01,CC200,3000,600100,20370.81
2023-10-01,CC200,3000,600200,7402.54
2023-10-01,CC200,3000,630000,9709.47
2023-10-01,CC200,3000,640000,3556.27
2023-10-01,CC200,3000,620000,2262.39
2023-10-01,CC200,3000,660000,4016.69
2023-10-01,CC300,1000,600000,71294.19
2023-10-01,CC300,1000,600100,15134.53
2023-10-01,CC300,1000,600200,5541.18
2023-10-01,CC300,1000,650000,15013.93
2023-10-01,CC300,1000,630000,3867.94
2023-10-01,CC300,1000,640000,2532.66
2023-10-01,CC300,1000,660000,2677.81
2023-10-01,CC300,2000,600000,39917.47
2023-10-01,CC300,2000,600100,7969.22
2023-10-01,CC300,2000,600200,2984.31
2023-10-01,CC300,2000,650000,6803.1
2023-10-01,CC300,2000,630000,2090.7
2023-10-01,CC300,2000,640000,1814.57
2023-10-01,CC300,2000,660000,1424.01
2023-10-01,CC300,3000,600000,19565.37
2023-10-01,CC300,3000,600100,4124.77
2023-10-01,CC300,3000,600200,1501.9
2023-10-01,CC300,3000,650000,3930.88
2023-10-01,CC300,3000,630000,896.32
2023-10-01,CC300,3000,640000,784.37
2023-10-01,CC300,3000,660000,745.11
2023-10-01,CC400,1000,600000,106354.33
2023-10-01,CC400,1000,600100,21902.56
2023-10-01,CC400,1000,600200,8438.45
2023-10-01,CC400,1000,630000,7073.31
2023-10-01,CC400,1000,620000,2761.44
2023-10-01,CC400,1000,640000,4089.44
2023-10-01,CC400,2000,600000,56311.53
2023-10-01,CC400,2000,600100,11712.01
2023-10-01,CC400,2000,600200,4336.7
2023-10-01,CC400,2000,630000,3696.63
2023-10-01,CC400,2000,620000,1645.76
2023-10-01,CC400,2000,640000,1961.68
2023-10-01,CC400,3000,600000,29335.87
2023-10-01,CC400,3000,600100,6038.47
2023-10-01,CC400,3000,600200,2201.1
2023-10-01,CC400,3000,630000,1448.47
2023-10-01,CC400,3000,620000,690.73
2023-10-01,CC400,3000,640000,1246.23
2023-10-01,CC500,1000,600000,68135.1
2023-10-01,CC500,1000,600100,13703.37
2023-10-01,CC500,1000,600200,5190.62
2023-10-01,CC500,1000,500000,331586.74
2023-10-01,CC500,1000,500100,138256.08
2023-10-01,CC500,2000,600000,37150.77
2023-10-01,CC500,2000,600100,7601.08
2023-10-01,CC500,2000,600200,2848.97
2023-10-01,CC500,2000,500000,152052.0
2023-10-01,CC500,2000,500100,83383.1
2023-10-01,CC500,3000,600000,18544.26
2023-10-01,CC500,3000,600100,3921.83
2023-10-01,CC500,3000,600200,1479.42
2023-10-01,CC500,3000,500000,92112.29
2023-10-01,CC500,3000,500100,34344.18
2023-11-01,CC100,1000,600000,199052.67
2023-11-01,CC100,1000,600100,40484.66
2023-11-01,CC100,1000,600200,14914.57
2023-11-01,CC100,1000,610000,91476.99
2023-11-01,CC100,1000,620000,11165.2
2023-11-01,CC100,1000,630000,11328.72
2023-11-01,CC100,1000,640000,7241.69
2023-11-01,CC100,2000,600000,108209.63
2023-11-01,CC100,2000,600100,22233.16
2023-11-01,CC100,2000,600200,8247.53
2023-11-01,CC100,2000,610000,51198.35
2023-11-01,CC100,2000,620000,6580.62
2023-11-01,CC100,2000,630000,6008.54
2023-11-01,CC100,2000,640000,3587.29
2023-11-01,CC100,3000,600000,54418.56
2023-11-01,CC100,3000,600100,11566.42
2023-11-01,CC100,3000,600200,4091.95
2023-11-01,CC100,3000,610000,22706.23
2023-11-01,CC100,3000,620000,3658.39
2023-11-01,CC100,3000,630000,2833.65
2023-11-01,CC100,3000,640000,2160.95
2023-11-01,CC200,1000,600000,367355.05
2023-11-01,CC200,1000,600100,75572.09
2023-11-01,CC200,1000,600200,28605.37
2023-11-01,CC200,1000,630000,33986.33
2023-11-01,CC200,1000,640000,13654.57
2023-11-01,CC200,1000,620000,7466.61
2023-11-01,CC200,1000,660000,15321.32
2023-11-01,CC200,2000,600000,198091.43
2023-11-01,CC200,2000,600100,39948.13
2023-11-01,CC200,2000,600200,15616.62
2023-11-01,CC200,2000,630000,17610.14
2023-11-01,CC200,2000,640000,5979.43
2023-11-01,CC200,2000,620000,4143.26
2023-11-01,CC200,2000,660000,7434.69
2023-11-01,CC200,3000,600000,99129.33
2023-11-01,CC200,3000,600100,20506.36
2023-11-01,CC200,3000,600200,7668.27
2023-11-01,CC200,3000,630000,9544.65
2023-11-01,CC200,3000,640000,3653.25
2023-11-01,CC200,3000,620000,2007.78
2023-11-01,CC200,3000,660000,3770.01
2023-11-01,CC300,1000,600000,73877.55
2023-11-01,CC300,1000,600100,15117.5
2023-11-01,CC300,1000,600200,5495.37
2023-11-01,CC300,1000,650000,15520.76
2023-11-01,CC300,1000,630000,3533.33
2023-11-01,CC300,1000,640000,3026.33
2023-11-01,CC300,1000,660000,2851.49
2023-11-01,CC300,2000,600000,40642.15
2023-11-01,CC300,2000,600100,8005.29
2023-11-01,CC300,2000,600200,2994.39
2023-11-01,CC300,2000,650000,7524.01
2023-11-01,CC300,2000,630000,1949.36
2023-11-01,CC300,2000,640000,1628.34
2023-11-01,CC300,2000,660000,1385.88
2023-11-01,CC300,3000,600000,19187.44
2023-11-01,CC300,3000,600100,3934.75
2023-11-01,CC300,3000,600200,1536.39
2023-11-01,CC300,3000,650000,4414.11
2023-11-01,CC300,3000,630000,994.65
2023-11-01,CC300,3000,640000,741.14
2023-11-01,CC300,3000,660000,756.51
2023-11-01,CC400,1000,600000,107633.64
2023-11-01,CC400,1000,600100,21177.1
2023-11-01,CC400,1000,600200,8130.06
2023-11-01,CC400,1000,630000,7400.47
2023-11-01,CC400,1000,620000,2832.31
2023-11-01,CC400,1000,640000,4122.44
2023-11-01,CC400,2000,600000,58645.87
2023-11-01,CC400,2000,600100,11156.17
2023-11-01,CC400,2000,600200,4482.64
2023-11-01,CC400,2000,630000,3444.5
2023-11-01,CC400,2000,620000,1204.35
2023-11-01,CC400,2000,640000,2324.38
2023-11-01,CC400,3000,600000,29537.17
2023-11-01,CC400,3000,600100,5880.69
2023-11-01,CC400,3000,600200,2253.48
2023-11-01,CC400,3000,630000,2139.89
2023-11-01,CC400,3000,620000,834.04
2023-11-01,CC400,3000,640000,1286.99
2023-11-01,CC500,1000,600000,69335.78
2023-11-01,CC500,1000,600100,14035.85
2023-11-01,CC500,1000,600200,5087.13
2023-11-01,CC500,1000,500000,299028.19
2023-11-01,CC500,1000,500100,120308.66
2023-11-01,CC500,2000,600000,39038.75
2023-11-01,CC500,2000,600100,7647.72
2023-11-01,CC500,2000,600200,2885.11
2023-11-01,CC500,2000,500000,177143.13
2023-11-01,CC500,2000,500100,72264.24
2023-11-01,CC500,3000,600000,19341.33
2023-11-01,CC500,3000,600100,3789.57
2023-11-01,CC500,3000,600200,1444.61
2023-11-01,CC500,3000,500000,77709.8
2023-11-01,CC500,3000,500100,31226.44
2023-12-01,CC100,1000,600000,197822.49
2023-12-01,CC100,1000,600100,41051.19
2023-12-01,CC100,1000,600200,15273.33
2023-12-01,CC100,1000,610000,83643.53
2023-12-01,CC100,1000,620000,11032.58
2023-12-01,CC100,1000,630000,10185.05
2023-12-01,CC100,1000,640000,6543.75
2023-12-01,CC100,2000,600000,110463.72
2023-12-01,CC100,2000,600100,22356.74
2023-12-01,CC100,2000,600200,8125.98
2023-12-01,CC100,2000,610000,47315.15
2023-12-01,CC100,2000,620000,6450.35
2023-12-01,CC100,2000,630000,5758.08
2023-12-01,CC100,2000,640000,4745.96
2023-12-01,CC100,3000,600000,52364.47
2023-12-01,CC100,3000,600100,11185.64
2023-12-01,CC100,3000,600200,4171.58
2023-12-01,CC100,3000,610000,26051.33
2023-12-01,CC100,3000,620000,3561.84
2023-12-01,CC100,3000,630000,2580.19
2023-12-01,CC100,3000,640000,2025.73
2023-12-01,CC200,1000,600000,361816.87
2023-12-01,CC200,1000,600100,77042.6
2023-12-01,CC200,1000,600200,28294.39
2023-12-01,CC200,1000,630000,39269.24
2023-12-01,CC200,1000,640000,14055.39
2023-12-01,CC200,1000,620000,6569.7
2023-12-01,CC200,1000,660000,13070.88
2023-12-01,CC200,2000,600000,192870.15
2023-12-01,CC200,2000,600100,39742.88
2023-12-01,CC200,2000,600200,15473.44
2023-12-01,CC200,2000,630000,18869.91
2023-12-01,CC200,2000,640000,6478.79
2023-12-01,CC200,2000,620000,4192.2
2023-12-01,CC200,2000,660000,7509.74
2023-12-01,CC200,3000,600000,100845.94
2023-12-01,CC200,3000,600100,21290.86
2023-12-01,CC200,3000,600200,7873.41
2023-12-01,CC200,3000,630000,8781.47
2023-12-01,CC200,3000,640000,3522.68
2023-12-01,CC200,3000,620000,1517.58
2023-12-01,CC200,3000,660000,3728.28
2023-12-01,CC300,1000,600000,72659.33
2023-12-01,CC300,1000,600100,14672.16
2023-12-01,CC300,1000,600200,5598.15
2023-12-01,CC300,1000,650000,14140.04
2023-12-01,CC300,1000,630000,3657.78
2023-12-01,CC300,1000,640000,2624.02
2023-12-01,CC300,1000,660000,2830.11
2023-12-01,CC300,2000,600000,40345.25
2023-12-01,CC300,2000,600100,8024.54
2023-12-01,CC300,2000,600200,3163.1
2023-12-01,CC300,2000,650000,7614.9
2023-12-01,CC300,2000,630000,2054.73
2023-12-01,CC300,2000,640000,1647.08
2023-12-01,CC300,2000,660000,1556.08
2023-12-01,CC300,3000,600000,20019.57
2023-12-01,CC300,3000,600100,4052.9
2023-12-01,CC300,3000,600200,1492.65
2023-12-01,CC300,3000,650000,3914.47
2023-12-01,CC300,3000,630000,892.22
2023-12-01,CC300,3000,640000,763.78
2023-12-01,CC300,3000,660000,754.32
2023-12-01,CC400,1000,600000,106946.1
2023-12-01,CC400,1000,600100,21972.72
2023-12-01,CC400,1000,600200,7950.09
2023-12-01,CC400,1000,630000,6506.42
2023-12-01,CC400,1000,620000,2779.24
2023-12-01,CC400,1000,640000,4196.53
2023-12-01,CC400,2000,600000,57082.54
2023-12-01,CC400,2000,600100,12257.58
2023-12-01,CC400,2000,600200,4405.44
2023-12-01,CC400,2000,630000,4098.11
2023-12-01,CC400,2000,620000,1558.21
2023-12-01,CC400,2000,640000,2096.7
2023-12-01,CC400,3000,600000,30513.9
2023-12-01,CC400,3000,600100,5900.34
2023-12-01,CC400,3000,600200,2308.41
2023-12-01,CC400,3000,630000,2077.95
2023-12-01,CC400,3000,620000,704.91
2023-12-01,CC400,3000,640000,1291.19
2023-12-01,CC500,1000,600000,68945.81
2023-12-01,CC500,1000,600100,14295.88
2023-12-01,CC500,1000,600200,5357.93
2023-12-01,CC500,1000,500000,306751.14
2023-12-01,CC500,1000,500100,144058.89
2023-12-01,CC500,2000,600000,38094.49
2023-12-01,CC500,2000,600100,7423.18
2023-12-01,CC500,2000,600200,2959.82
2023-12-01,CC500,2000,500000,140292.3
2023-12-01,CC500,2000,500100,79560.32
2023-12-01,CC500,3000,600000,19172.2
2023-12-01,CC500,3000,600100,3762.17
2023-12-01,CC500,3000,600200,1430.43
2023-12-01,CC500,3000,500000,74830.58
2023-12-01,CC500,3000,500100,35282.16
2024-01-01,CC100,1000,600000,201847.05
2024-01-01,CC100,1000,600100,42310.82
2024-01-01,CC100,1000,600200,16032.36
2024-01-01,CC100,1000,610000,103853.24
2024-01-01,CC100,1000,620000,12287.23
2024-01-01,CC100,1000,630000,10197.39
2024-01-01,CC100,1000,640000,6496.46
2024-01-01,CC100,2000,600000,108854.01
2024-01-01,CC100,2000,600100,23132.75
2024-01-01,CC100,2000,600200,8785.54
2024-01-01,CC100,2000,610000,43516.98
2024-01-01,CC100,2000,620000,6671.94
2024-01-01,CC100,2000,630000,5658.72
2024-01-01,CC100,2000,640000,4374.49
2024-01-01,CC100,3000,600000,54422.87
2024-01-01,CC100,3000,600100,11443.64
2024-01-01,CC100,3000,600200,4214.95
2024-01-01,CC100,3000,610000,24786.57
2024-01-01,CC100,3000,620000,3739.78
2024-01-01,CC100,3000,630000,2838.67
2024-01-01,CC100,3000,640000,2034.79
2024-01-01,CC200,1000,600000,368712.8
2024-01-01,CC200,1000,600100,75665.61
2024-01-01,CC200,1000,600200,28214.49
2024-01-01,CC200,1000,630000,32304.08
2024-01-01,CC200,1000,640000,16484.48
2024-01-01,CC200,1000,620000,7504.81
2024-01-01,CC200,1000,660000,14002.44
2024-01-01,CC200,2000,600000,204367.46
2024-01-01,CC200,2000,600100,41069.18
2024-01-01,CC200,2000,600200,15868.23
2024-01-01,CC200,2000,630000,18757.16
2024-01-01,CC200,2000,640000,7669.04
2024-01-01,CC200,2000,620000,4049.65
2024-01-01,CC200,2000,660000,7143.34
2024-01-01,CC200,3000,600000,98507.87
2024-01-01,CC200,3000,600100,20178.98
2024-01-01,CC200,3000,600200,7774.39
2024-01-01,CC200,3000,630000,10611.2
2024-01-01,CC200,3000,640000,4740.99
2024-01-01,CC200,3000,620000,2061.71
2024-01-01,CC200,3000,660000,3973.18
2024-01-01,CC300,1000,600000,70498.72
2024-01-01,CC300,1000,600100,14838.83
2024-01-01,CC300,1000,600200,5536.98
2024-01-01,CC300,1000,650000,13190.89
2024-01-01,CC300,1000,630000,3687.35
2024-01-01,CC300,1000,640000,2680.02
2024-01-01,CC300,1000,660000,2534.44
2024-01-01,CC300,2000,600000,40682.11
2024-01-01,CC300,2000,600100,8045.66
2024-01-01,CC300,2000,600200,3098.03
2024-01-01,CC300,2000,650000,9306.92
2024-01-01,CC300,2000,630000,1866.53
2024-01-01,CC300,2000,640000,1151.56
2024-01-01,CC300,2000,660000,1519.59
2024-01-01,CC300,3000,600000,20123.22
2024-01-01,CC300,3000,600100,4197.1
2024-01-01,CC300,3000,600200,1477.34
2024-01-01,CC300,3000,650000,3974.55
2024-01-01,CC300,3000,630000,962.74
2024-01-01,CC300,3000,640000,749.27
2024-01-01,CC300,3000,660000,857.42
2024-01-01,CC400,1000,600000,106311.14
2024-01-01,CC400,1000,600100,22597.34
2024-01-01,CC400,1000,600200,8510.08
2024-01-01,CC400,1000,630000,7788.89
2024-01-01,CC400,1000,620000,2837.94
2024-01-01,CC400,1000,640000,4345.47
2024-01-01,CC400,2000,600000,59257.51
2024-01-01,CC400,2000,600100,12317.29
2024-01-01,CC400,2000,600200,4562.72
2024-01-01,CC400,2000,630000,4066.52
2024-01-01,CC400,2000,620000,1474.82
2024-01-01,CC400,2000,640000,2383.75
2024-01-01,CC400,3000,600000,29517.22
2024-01-01,CC400,3000,600100,6194.8
2024-01-01,CC400,3000,600200,2269.55
2024-01-01,CC400,3000,630000,1557.56
2024-01-01,CC400,3000,620000,852.86
2024-01-01,CC400,3000,640000,1033.06
2024-01-01,CC500,1000,600000,67735.17
2024-01-01,CC500,1000,600100,13910.75
2024-01-01,CC500,1000,600200,5424.55
2024-01-01,CC500,1000,500000,242194.99
2024-01-01,CC500,1000,500100,173399.49
2024-01-01,CC500,2000,600000,38378.33
2024-01-01,CC500,2000,600100,7744.06
2024-01-01,CC500,2000,600200,2887.94
2024-01-01,CC500,2000,500000,173464.22
2024-01-01,CC500,2000,500100,76044.45
2024-01-01,CC500,3000,600000,19034.75
2024-01-01,CC500,3000,600100,3897.66
2024-01-01,CC500,3000,600200,1448.15
2024-01-01,CC500,3000,500000,82660.16
2024-01-01,CC500,3000,500100,35592.26
2024-02-01,CC100,1000,600000,203553.68
2024-02-01,CC100,1000,600100,42868.51
2024-02-01,CC100,1000,600200,15905.86
2024-02-01,CC100,1000,610000,64733.56
2024-02-01,CC100,1000,620000,13958.57
2024-02-01,CC100,1000,630000,10683.58
2024-02-01,CC100,1000,640000,7844.92
2024-02-01,CC100,2000,600000,110812.01
2024-02-01,CC100,2000,600100,23423.72
2024-02-01,CC100,2000,600200,8753.55
2024-02-01,CC100,2000,610000,46239.63
2024-02-01,CC100,2000,620000,7450.37
2024-02-01,CC100,2000,630000,5170.69
2024-02-01,CC100,2000,640000,3702.78
2024-02-01,CC100,3000,600000,54748.92
2024-02-01,CC100,3000,600100,11569.26
2024-02-01,CC100,3000,600200,4346.21
2024-02-01,CC100,3000,610000,26155.15
2024-02-01,CC100,3000,620000,3811.8
2024-02-01,CC100,3000,630000,2990.04
2024-02-01,CC100,3000,640000,1995.66
2024-02-01,CC200,1000,600000,379733.57
2024-02-01,CC200,1000,600100,78463.21
2024-02-01,CC200,1000,600200,29396.99
2024-02-01,CC200,1000,630000,37803.74
2024-02-01,CC200,1000,640000,15505.68
2024-02-01,CC200,1000,620000,7494.48
2024-02-01,CC200,1000,660000,15254.84
2024-02-01,CC200,2000,600000,204966.43
2024-02-01,CC200,2000,600100,41324.76
2024-02-01,CC200,2000,600200,15723.57
2024-02-01,CC200,2000,630000,17033.25
2024-02-01,CC200,2000,640000,7354.96
2024-02-01,CC200,2000,620000,3886.76
2024-02-01,CC200,2000,660000,7575.0
2024-02-01,CC200,3000,600000,102413.05
2024-02-01,CC200,3000,600100,20337.45
2024-02-01,CC200,3000,600200,7960.56
2024-02-01,CC200,3000,630000,9248.99
2024-02-01,CC200,3000,640000,3639.53
2024-02-01,CC200,3000,620000,2112.33
2024-02-01,CC200,3000,660000,4149.17
2024-02-01,CC300,1000,600000,70942.04
2024-02-01,CC300,1000,600100,14806.27
2024-02-01,CC300,1000,600200,5551.63
2024-02-01,CC300,1000,650000,12771.02
2024-02-01,CC300,1000,630000,4070.7
2024-02-01,CC300,1000,640000,2764.54
2024-02-01,CC300,1000,660000,2781.89
2024-02-01,CC300,2000,600000,38563.28
2024-02-01,CC300,2000,600100,8345.41
2024-02-01,CC300,2000,600200,3013.66
2024-02-01,CC300,2000,650000,7771.94
2024-02-01,CC300,2000,630000,2117.31
2024-02-01,CC300,2000,640000,1755.37
2024-02-01,CC300,2000,660000,1444.01
2024-02-01,CC300,3000,600000,18542.5
2024-02-01,CC300,3000,600100,4062.94
2024-02-01,CC300,3000,600200,1572.68
2024-02-01,CC300,3000,650000,4265.24
2024-02-01,CC300,3000,630000,1033.23
2024-02-01,CC300,3000,640000,721.69
2024-02-01,CC300,3000,660000,789.64
2024-02-01,CC400,1000,600000,109005.09
2024-02-01,CC400,1000,600100,23021.29
2024-02-01,CC400,1000,600200,8637.96
2024-02-01,CC400,1000,630000,7881.79
2024-02-01,CC400,1000,620000,3637.15
2024-02-01,CC400,1000,640000,4443.54
2024-02-01,CC400,2000,600000,59902.36
2024-02-01,CC400,2000,600100,12407.68
2024-02-01,CC400,2000,600200,4490.55
2024-02-01,CC400,2000,630000,3609.88
2024-02-01,CC400,2000,620000,1488.24
2024-02-01,CC400,2000,640000,2205.64
2024-02-01,CC400,3000,600000,30351.4
2024-02-01,CC400,3000,600100,6104.92
2024-02-01,CC400,3000,600200,2379.82
2024-02-01,CC400,3000,630000,1939.73
2024-02-01,CC400,3000,620000,775.16
2024-02-01,CC400,3000,640000,1125.65
2024-02-01,CC500,1000,600000,69822.94
2024-02-01,CC500,1000,600100,14513.96
2024-02-01,CC500,1000,600200,5261.52
2024-02-01,CC500,1000,500000,291783.12
2024-02-01,CC500,1000,500100,129793.76
2024-02-01,CC500,2000,600000,36655.65
2024-02-01,CC500,2000,600100,7600.49
2024-02-01,CC500,2000,600200,2870.06
2024-02-01,CC500,2000,500000,183810.15
2024-02-01,CC500,2000,500100,74343.6
2024-02-01,CC500,3000,600000,18907.73
2024-02-01,CC500,3000,600100,3929.3
2024-02-01,CC500,3000,600200,1444.85
2024-02-01,CC500,3000,500000,87815.18
2024-02-01,CC500,3000,500100,35846.91
2024-03-01,CC100,1000,600000,208293.17
2024-03-01,CC100,1000,600100,42005.88
2024-03-01,CC100,1000,600200,15160.57
2024-03-01,CC100,1000,610000,91723.05
2024-03-01,CC100,1000,620000,15171.28
2024-03-01,CC100,1000,630000,11609.44
2024-03-01,CC100,1000,640000,8738.31
2024-03-01,CC100,2000,600000,115512.87
2024-03-01,CC100,2000,600100,23164.28
2024-03-01,CC100,2000,600200,8705.45
2024-03-01,CC100,2000,610000,47457.96
2024-03-01,CC100,2000,620000,6997.63
2024-03-01,CC100,2000,630000,6136.79
2024-03-01,CC100,2000,640000,4857.57
2024-03-01,CC100,3000,600000,56205.8
2024-03-01,CC100,3000,600100,11457.54
2024-03-01,CC100,3000,600200,4335.66
2024-03-01,CC100,3000,610000,26811.6
2024-03-01,CC100,3000,620000,3091.35
2024-03-01,CC100,3000,630000,2226.72
2024-03-01,CC100,3000,640000,2048.46
2024-03-01,CC200,1000,600000,372110.2
2024-03-01,CC200,1000,600100,77445.34
2024-03-01,CC200,1000,600200,29253.46
2024-03-01,CC200,1000,630000,32678.73
2024-03-01,CC200,1000,640000,16800.87
2024-03-01,CC200,1000,620000,7574.71
2024-03-01,CC200,1000,660000,14890.49
2024-03-01,CC200,2000,600000,211202.25
2024-03-01,CC200,2000,600100,41816.4
2024-03-01,CC200,2000,600200,16380.13
2024-03-01,CC200,2000,630000,18579.24
2024-03-01,CC200,2000,640000,8561.27
2024-03-01,CC200,2000,620000,3581.67
2024-03-01,CC200,2000,660000,7400.0
2024-03-01,CC200,3000,600000,106009.33
2024-03-01,CC200,3000,600100,21556.59
2024-03-01,CC200,3000,600200,7878.57
2024-03-01,CC200,3000,630000,8546.49
2024-03-01,CC200,3000,640000,4463.15
2024-03-01,CC200,3000,620000,1767.25
2024-03-01,CC200,3000,660000,4341.15
2024-03-01,CC300,1000,600000,73528.36
2024-03-01,CC300,1000,600100,15555.51
2024-03-01,CC300,1000,600200,5721.92
2024-03-01,CC300,1000,650000,15267.99
2024-03-01,CC300,1000,630000,3630.92
2024-03-01,CC300,1000,640000,2833.0
2024-03-01,CC300,1000,660000,2885.78
2024-03-01,CC300,2000,600000,40149.27
2024-03-01,CC300,2000,600100,8528.72
2024-03-01,CC300,2000,600200,3119.23
2024-03-01,CC300,2000,650000,7698.83
2024-03-01,CC300,2000,630000,1892.13
2024-03-01,CC300,2000,640000,1172.02
2024-03-01,CC300,2000,660000,1560.74
2024-03-01,CC300,3000,600000,21473.7
2024-03-01,CC300,3000,600100,4268.04
2024-03-01,CC300,3000,600200,1575.18
2024-03-01,CC300,3000,650000,3835.9
2024-03-01,CC300,3000,630000,1052.89
2024-03-01,CC300,3000,640000,831.0
2024-03-01,CC300,3000,660000,741.38
2024-03-01,CC400,1000,600000,115252.01
2024-03-01,CC400,1000,600100,23456.92
2024-03-01,CC400,1000,600200,8796.83
2024-03-01,CC400,1000,630000,7543.77
2024-03-01,CC400,1000,620000,2896.43
2024-03-01,CC400,1000,640000,4627.89
2024-03-01,CC400,2000,600000,62040.17
2024-03-01,CC400,2000,600100,12488.26
2024-03-01,CC400,2000,600200,4662.39
2024-03-01,CC400,2000,630000,3970.45
2024-03-01,CC400,2000,620000,1815.7
2024-03-01,CC400,2000,640000,2066.04
2024-03-01,CC400,3000,600000,30077.38
2024-03-01,CC400,3000,600100,6377.23
2024-03-01,CC400,3000,600200,2386.03
2024-03-01,CC400,3000,630000,2020.77
2024-03-01,CC400,3000,620000,813.92
2024-03-01,CC400,3000,640000,1165.2
2024-03-01,CC500,1000,600000,72688.17
2024-03-01,CC500,1000,600100,14015.37
2024-03-01,CC500,1000,600200,5339.64
2024-03-01,CC500,1000,500000,313456.89
2024-03-01,CC500,1000,500100,113435.56
2024-03-01,CC500,2000,600000,38439.81
2024-03-01,CC500,2000,600100,8175.86
2024-03-01,CC500,2000,600200,2968.58
2024-03-01,CC500,2000,500000,177088.45
2024-03-01,CC500,2000,500100,64835.27
2024-03-01,CC500,3000,600000,18644.66
2024-03-01,CC500,3000,600100,3843.22
2024-03-01,CC500,3000,600200,1442.88
2024-03-01,CC500,3000,500000,95562.43
2024-03-01,CC500,3000,500100,38327.19
2024-04-01,CC100,1000,600000,203822.47
2024-04-01,CC100,1000,600100,42971.08
2024-04-01,CC100,1000,600200,16194.88
2024-04-01,CC100,1000,610000,104202.81
2024-04-01,CC100,1000,620000,15474.59
2024-04-01,CC100,1000,630000,9604.92
2024-04-01,CC100,1000,640000,7367.44
2024-04-01,CC100,2000,600000,110914.12
2024-04-01,CC100,2000,600100,23229.38
2024-04-01,CC100,2000,600200,8833.61
2024-04-01,CC100,2000,610000,56093.89
2024-04-01,CC100,2000,620000,7237.92
2024-04-01,CC100,2000,630000,5648.03
2024-04-01,CC100,2000,640000,4442.4
2024-04-01,CC100,3000,600000,56328.86
2024-04-01,CC100,3000,600100,12241.99
2024-04-01,CC100,3000,600200,4264.91
2024-04-01,CC100,3000,610000,26180.0
2024-04-01,CC100,3000,620000,4415.26
2024-04-01,CC100,3000,630000,2939.73
2024-04-01,CC100,3000,640000,2161.42
2024-04-01,CC200,1000,600000,382602.0
2024-04-01,CC200,1000,600100,78762.38
2024-04-01,CC200,1000,600200,30456.74
2024-04-01,CC200,1000,630000,26933.96
2024-04-01,CC200,1000,640000,17094.18
2024-04-01,CC200,1000,620000,6355.46
2024-04-01,CC200,1000,660000,14623.81
2024-04-01,CC200,2000,600000,208297.8
2024-04-01,CC200,2000,600100,43605.05
2024-04-01,CC200,2000,600200,15645.09
2024-04-01,CC200,2000,630000,19726.7
2024-04-01,CC200,2000,640000,9716.64
2024-04-01,CC200,2000,620000,3489.63
2024-04-01,CC200,2000,660000,8157.48
2024-04-01,CC200,3000,600000,104165.57
2024-04-01,CC200,3000,600100,21838.43
2024-04-01,CC200,3000,600200,8123.36
2024-04-01,CC200,3000,630000,8865.9
2024-04-01,CC200,3000,640000,4258.2
2024-04-01,CC200,3000,620000,2396.36
2024-04-01,CC200,3000,660000,4021.37
2024-04-01,CC300,1000,600000,76126.18
2024-04-01,CC300,1000,600100,14995.85
2024-04-01,CC300,1000,600200,5662.33
2024-04-01,CC300,1000,650000,15113.67
2024-04-01,CC300,1000,630000,4419.67
2024-04-01,CC300,1000,640000,2989.02
2024-04-01,CC300,1000,660000,2841.2
2024-04-01,CC300,2000,600000,41062.26
2024-04-01,CC300,2000,600100,8212.5
2024-04-01,CC300,2000,600200,3196.87
2024-04-01,CC300,2000,650000,8593.45
2024-04-01,CC300,2000,630000,2010.59
2024-04-01,CC300,2000,640000,1505.1
2024-04-01,CC300,2000,660000,1600.34
2024-04-01,CC300,3000,600000,20352.09
2024-04-01,CC300,3000,600100,4206.0
2024-04-01,CC300,3000,600200,1645.66
2024-04-01,CC300,3000,650000,3850.82
2024-04-01,CC300,3000,630000,1015.16
2024-04-01,CC300,3000,640000,738.54
2024-04-01,CC300,3000,660000,819.05
2024-04-01,CC400,1000,600000,113900.84
2024-04-01,CC400,1000,600100,23144.72
2024-04-01,CC400,1000,600200,9025.85
2024-04-01,CC400,1000,630000,8368.17
2024-04-01,CC400,1000,620000,2755.16
2024-04-01,CC400,1000,640000,3576.07
2024-04-01,CC400,2000,600000,64039.14
2024-04-01,CC400,2000,600100,12700.45
2024-04-01,CC400,2000,600200,4905.14
2024-04-01,CC400,2000,630000,3231.22
2024-04-01,CC400,2000,620000,1753.27
2024-04-01,CC400,2000,640000,2121.97
2024-04-01,CC400,3000,600000,31510.63
2024-04-01,CC400,3000,600100,6372.43
2024-04-01,CC400,3000,600200,2343.4
2024-04-01,CC400,3000,630000,1909.78
2024-04-01,CC400,3000,620000,850.98
2024-04-01,CC400,3000,640000,1207.14
2024-04-01,CC500,1000,600000,72403.15
2024-04-01,CC500,1000,600100,15260.64
2024-04-01,CC500,1000,600200,5332.9
2024-04-01,CC500,1000,500000,373066.41
2024-04-01,CC500,1000,500100,139064.43
2024-04-01,CC500,2000,600000,37967.47
2024-04-01,CC500,2000,600100,7719.75
2024-04-01,CC500,2000,600200,2962.79
2024-04-01,CC500,2000,500000,189474.64
2024-04-01,CC500,2000,500100,73402.53
2024-04-01,CC500,3000,600000,20339.21
2024-04-01,CC500,3000,600100,3932.21
2024-04-01,CC500,3000,600200,1518.29
2024-04-01,CC500,3000,500000,77493.53
2024-04-01,CC500,3000,500100,39346.98
2024-05-01,CC100,1000,600000,215065.74
2024-05-01,CC100,1000,600100,42982.39
2024-05-01,CC100,1000,600200,15408.55
2024-05-01,CC100,1000,610000,96708.4
2024-05-01,CC100,1000,620000,14137.6
2024-05-01,CC100,1000,630000,11274.92
2024-05-01,CC100,1000,640000,9131.99
2024-05-01,CC100,2000,600000,113149.68
2024-05-01,CC100,2000,600100,24040.93
2024-05-01,CC100,2000,600200,9106.48
2024-05-01,CC100,2000,610000,42655.73
2024-05-01,CC100,2000,620000,7648.88
2024-05-01,CC100,2000,630000,5630.61
2024-05-01,CC100,2000,640000,4410.92
2024-05-01,CC100,3000,600000,57813.79
2024-05-01,CC100,3000,600100,11662.58
2024-05-01,CC100,3000,600200,4356.82
2024-05-01,CC100,3000,610000,25850.93
2024-05-01,CC100,3000,620000,3280.27
2024-05-01,CC100,3000,630000,2624.63
2024-05-01,CC100,3000,640000,2358.27
2024-05-01,CC200,1000,600000,387385.76
2024-05-01,CC200,1000,600100,82416.29
2024-05-01,CC200,1000,600200,30781.84
2024-05-01,CC200,1000,630000,29442.01
2024-05-01,CC200,1000,640000,14216.56
2024-05-01,CC200,1000,620000,8535.41
2024-05-01,CC200,1000,660000,14501.7
2024-05-01,CC200,2000,600000,213706.51
2024-05-01,CC200,2000,600100,44657.12
2024-05-01,CC200,2000,600200,16853.06
2024-05-01,CC200,2000,630000,18871.65
2024-05-01,CC200,2000,640000,7800.81
2024-05-01,CC200,2000,620000,4738.31
2024-05-01,CC200,2000,660000,9017.88
2024-05-01,CC200,3000,600000,109966.52
2024-05-01,CC200,3000,600100,22161.86
2024-05-01,CC200,3000,600200,8162.42
2024-05-01,CC200,3000,630000,8875.48
2024-05-01,CC200,3000,640000,4365.02
2024-05-01,CC200,3000,620000,2160.92
2024-05-01,CC200,3000,660000,4438.98
2024-05-01,CC300,1000,600000,76193.15
2024-05-01,CC300,1000,600100,14964.84
2024-05-01,CC300,1000,600200,5907.47
2024-05-01,CC300,1000,650000,13020.73
2024-05-01,CC300,1000,630000,3709.06
2024-05-01,CC300,1000,640000,2965.25
2024-05-01,CC300,1000,660000,3181.53
2024-05-01,CC300,2000,600000,43714.99
2024-05-01,CC300,2000,600100,8544.53
2024-05-01,CC300,2000,600200,3154.19
2024-05-01,CC300,2000,650000,8337.49
2024-05-01,CC300,2000,630000,2297.87
2024-05-01,CC300,2000,640000,1532.13
2024-05-01,CC300,2000,660000,1724.97
2024-05-01,CC300,3000,600000,20672.29
2024-05-01,CC300,3000,600100,4263.07
2024-05-01,CC300,3000,600200,1603.97
2024-05-01,CC300,3000,650000,4124.06
2024-05-01,CC300,3000,630000,1143.79
2024-05-01,CC300,3000,640000,742.59
2024-05-01,CC300,3000,660000,769.35
2024-05-01,CC400,1000,600000,113346.75
2024-05-01,CC400,1000,600100,23982.68
2024-05-01,CC400,1000,600200,9054.03
2024-05-01,CC400,1000,630000,7769.38
2024-05-01,CC400,1000,620000,3469.33
2024-05-01,CC400,1000,640000,4455.08
2024-05-01,CC400,2000,600000,63756.91
2024-05-01,CC400,2000,600100,12623.94
2024-05-01,CC400,2000,600200,4802.18
2024-05-01,CC400,2000,630000,4313.55
2024-05-01,CC400,2000,620000,1750.19
2024-05-01,CC400,2000,640000,2348.69
2024-05-01,CC400,3000,600000,31743.33
2024-05-01,CC400,3000,600100,6322.83
2024-05-01,CC400,3000,600200,2427.84
2024-05-01,CC400,3000,630000,2219.18
2024-05-01,CC400,3000,620000,861.98
2024-05-01,CC400,3000,640000,1283.86
2024-05-01,CC500,1000,600000,72624.32
2024-05-01,CC500,1000,600100,14884.58
2024-05-01,CC500,1000,600200,5507.23
2024-05-01,CC500,1000,500000,348304.95
2024-05-01,CC500,1000,500100,145396.82
2024-05-01,CC500,2000,600000,39963.29
2024-05-01,CC500,2000,600100,8032.31
2024-05-01,CC500,2000,600200,2913.04
2024-05-01,CC500,2000,500000,197057.76
2024-05-01,CC500,2000,500100,72459.47
2024-05-01,CC500,3000,600000,19445.5
2024-05-01,CC500,3000,600100,4115.15
2024-05-01,CC500,3000,600200,1510.14
2024-05-01,CC500,3000,500000,98198.45
2024-05-01,CC500,3000,500100,40399.62
2024-06-01,CC100,1000,600000,216307.48
2024-06-01,CC100,1000,600100,42576.51
2024-06-01,CC100,1000,600200,16812.5
2024-06-01,CC100,1000,610000,98253.51
2024-06-01,CC100,1000,620000,13173.73
2024-06-01,CC100,1000,630000,11100.0
2024-06-01,CC100,1000,640000,6749.5
2024-06-01,CC100,2000,600000,117638.92
2024-06-01,CC100,2000,600100,23442.67
2024-06-01,CC100,2000,600200,8732.96
2024-06-01,CC100,2000,610000,44387.88
2024-06-01,CC100,2000,620000,8312.09
2024-06-01,CC100,2000,630000,5607.32
2024-06-01,CC100,2000,640000,5176.21
2024-06-01,CC100,3000,600000,57717.42
2024-06-01,CC100,3000,600100,11559.05
2024-06-01,CC100,3000,600200,4387.68
2024-06-01,CC100,3000,610000,29414.66
2024-06-01,CC100,3000,620000,3681.61
2024-06-01,CC100,3000,630000,2827.89
2024-06-01,CC100,3000,640000,2279.85
2024-06-01,CC200,1000,600000,401373.48
2024-06-01,CC200,1000,600100,83336.66
2024-06-01,CC200,1000,600200,31453.67
2024-06-01,CC200,1000,630000,34379.76
2024-06-01,CC200,1000,640000,13257.32
2024-06-01,CC200,1000,620000,7326.06
2024-06-01,CC200,1000,660000,15482.96
2024-06-01,CC200,2000,600000,212026.98
2024-06-01,CC200,2000,600100,43498.57
2024-06-01,CC200,2000,600200,16744.67
2024-06-01,CC200,2000,630000,19307.64
2024-06-01,CC200,2000,640000,8342.43
2024-06-01,CC200,2000,620000,3842.23
2024-06-01,CC200,2000,660000,8219.37
2024-06-01,CC200,3000,600000,106098.94
2024-06-01,CC200,3000,600100,22568.54
2024-06-01,CC200,3000,600200,8487.33
2024-06-01,CC200,3000,630000,7910.03
2024-06-01,CC200,3000,640000,3771.13
2024-06-01,CC200,3000,620000,1767.69
2024-06-01,CC200,3000,660000,4022.45
2024-06-01,CC300,1000,600000,75257.69
2024-06-01,CC300,1000,600100,15014.95
2024-06-01,CC300,1000,600200,5691.82
2024-06-01,CC300,1000,650000,13041.41
2024-06-01,CC300,1000,630000,3945.95
2024-06-01,CC300,1000,640000,2919.47
2024-06-01,CC300,1000,660000,2794.74
2024-06-01,CC300,2000,600000,41393.44
2024-06-01,CC300,2000,600100,8368.53
2024-06-01,CC300,2000,600200,3155.65
2024-06-01,CC300,2000,650000,9259.64
2024-06-01,CC300,2000,630000,2398.8
2024-06-01,CC300,2000,640000,1380.27
2024-06-01,CC300,2000,660000,1652.26
2024-06-01,CC300,3000,600000,20958.47
2024-06-01,CC300,3000,600100,4133.36
2024-06-01,CC300,3000,600200,1612.42
2024-06-01,CC300,3000,650000,4576.07
2024-06-01,CC300,3000,630000,938.91
2024-06-01,CC300,3000,640000,720.44
2024-06-01,CC300,3000,660000,833.58
2024-06-01,CC400,1000,600000,116787.67
2024-06-01,CC400,1000,600100,24089.87
2024-06-01,CC400,1000,600200,8996.01
2024-06-01,CC400,1000,630000,7736.87
2024-06-01,CC400,1000,620000,2583.31
2024-06-01,CC400,1000,640000,4935.47
2024-06-01,CC400,2000,600000,64531.64
2024-06-01,CC400,2000,600100,12875.35
2024-06-01,CC400,2000,600200,4846.29
2024-06-01,CC400,2000,630000,3423.2
2024-06-01,CC400,2000,620000,1699.98
2024-06-01,CC400,2000,640000,2563.99
2024-06-01,CC400,3000,600000,31820.56
2024-06-01,CC400,3000,600100,6682.39
2024-06-01,CC400,3000,600200,2434.41
2024-06-01,CC400,3000,630000,2157.63
2024-06-01,CC400,3000,620000,733.63
2024-06-01,CC400,3000,640000,1222.51
2024-06-01,CC500,1000,600000,73284.79
2024-06-01,CC500,1000,600100,15153.36
2024-06-01,CC500,1000,600200,5615.21
2024-06-01,CC500,1000,500000,325654.22
2024-06-01,CC500,1000,500100,153107.86
2024-06-01,CC500,2000,600000,39316.22
2024-06-01,CC500,2000,600100,7874.52
2024-06-01,CC500,2000,600200,3157.73
2024-06-01,CC500,2000,500000,202559.84
2024-06-01,CC500,2000,500100,66417.74
2024-06-01,CC500,3000,600000,20104.9
2024-06-01,CC500,3000,600100,4027.05
2024-06-01,CC500,3000,600200,1533.53
2024-06-01,CC500,3000,500000,91605.01
2024-06-01,CC500,3000,500100,37243.23
2024-07-01,CC100,1000,600000,212092.43
2024-07-01,CC100,1000,600100,43588.55
2024-07-01,CC100,1000,600200,16270.9
2024-07-01,CC100,1000,610000,88642.76
2024-07-01,CC100,1000,620000,13719.39
2024-07-01,CC100,1000,630000,10258.85
2024-07-01,CC100,1000,640000,8852.54
2024-07-01,CC100,2000,600000,121249.93
2024-07-01,CC100,2000,600100,23873.14
2024-07-01,CC100,2000,600200,9100.87
2024-07-01,CC100,2000,610000,55475.54
2024-07-01,CC100,2000,620000,7904.18
2024-07-01,CC100,2000,630000,6084.2
2024-07-01,CC100,2000,640000,4865.09
2024-07-01,CC100,3000,600000,59037.24
2024-07-01,CC100,3000,600100,11697.61
2024-07-01,CC100,3000,600200,4576.13
2024-07-01,CC100,3000,610000,28566.08
2024-07-01,CC100,3000,620000,3462.18
2024-07-01,CC100,3000,630000,3010.01
2024-07-01,CC100,3000,640000,2402.65
2024-07-01,CC200,1000,600000,404827.88
2024-07-01,CC200,1000,600100,85180.24
2024-07-01,CC200,1000,600200,32749.95
2024-07-01,CC200,1000,630000,33615.89
2024-07-01,CC200,1000,640000,13476.39
2024-07-01,CC200,1000,620000,8055.4
2024-07-01,CC200,1000,660000,16199.87
2024-07-01,CC200,2000,600000,220812.99
2024-07-01,CC200,2000,600100,46827.7
2024-07-01,CC200,2000,600200,16607.56
2024-07-01,CC200,2000,630000,21287.97
2024-07-01,CC200,2000,640000,8015.27
2024-07-01,CC200,2000,620000,4999.61
2024-07-01,CC200,2000,660000,9382.23
2024-07-01,CC200,3000,600000,108709.92
2024-07-01,CC200,3000,600100,22397.8
2024-07-01,CC200,3000,600200,8638.52
2024-07-01,CC200,3000,630000,9524.37
2024-07-01,CC200,3000,640000,4226.98
2024-07-01,CC200,3000,620000,2128.52
2024-07-01,CC200,3000,660000,3838.69
2024-07-01,CC300,1000,600000,76243.95
2024-07-01,CC300,1000,600100,15428.31
2024-07-01,CC300,1000,600200,5808.68
2024-07-01,CC300,1000,650000,16783.64
2024-07-01,CC300,1000,630000,3419.6
2024-07-01,CC300,1000,640000,3171.81
2024-07-01,CC300,1000,660000,2892.36
2024-07-01,CC300,2000,600000,41108.63
2024-07-01,CC300,2000,600100,8614.03
2024-07-01,CC300,2000,600200,3201.62
2024-07-01,CC300,2000,650000,8403.62
2024-07-01,CC300,2000,630000,2325.25
2024-07-01,CC300,2000,640000,1537.32
2024-07-01,CC300,2000,660000,1541.32
2024-07-01,CC300,3000,600000,20221.37
2024-07-01,CC300,3000,600100,4170.0
2024-07-01,CC300,3000,600200,1683.78
2024-07-01,CC300,3000,650000,4469.75
2024-07-01,CC300,3000,630000,916.78
2024-07-01,CC300,3000,640000,689.86
2024-07-01,CC300,3000,660000,814.15
2024-07-01,CC400,1000,600000,119036.32
2024-07-01,CC400,1000,600100,24418.49
2024-07-01,CC400,1000,600200,9011.32
2024-07-01,CC400,1000,630000,7453.23
2024-07-01,CC400,1000,620000,3118.16
2024-07-01,CC400,1000,640000,4567.65
2024-07-01,CC400,2000,600000,61028.45
2024-07-01,CC400,2000,600100,13039.91
2024-07-01,CC400,2000,600200,4828.89
2024-07-01,CC400,2000,630000,4165.51
2024-07-01,CC400,2000,620000,2126.36
2024-07-01,CC400,2000,640000,2546.54
2024-07-01,CC400,3000,600000,31731.31
2024-07-01,CC400,3000,600100,6670.82
2024-07-01,CC400,3000,600200,2479.98
2024-07-01,CC400,3000,630000,2132.88
2024-07-01,CC400,3000,620000,868.44
2024-07-01,CC400,3000,640000,1480.71
2024-07-01,CC500,1000,600000,72848.28
2024-07-01,CC500,1000,600100,15433.87
2024-07-01,CC500,1000,600200,5627.16
2024-07-01,CC500,1000,500000,353026.75
2024-07-01,CC500,1000,500100,130166.78
2024-07-01,CC500,2000,600000,40240.93
2024-07-01,CC500,2000,600100,8274.91
2024-07-01,CC500,2000,600200,3182.43
2024-07-01,CC500,2000,500000,198812.19
2024-07-01,CC500,2000,500100,68316.5
2024-07-01,CC500,3000,600000,20726.66
2024-07-01,CC500,3000,600100,4186.68
2024-07-01,CC500,3000,600200,1552.52
2024-07-01,CC500,3000,500000,90886.02
2024-07-01,CC500,3000,500100,38586.98
2024-08-01,CC100,1000,600000,225590.71
2024-08-01,CC100,1000,600100,44515.21
2024-08-01,CC100,1000,600200,16093.9
2024-08-01,CC100,1000,610000,91088.66
2024-08-01,CC100,1000,620000,15200.23
2024-08-01,CC100,1000,630000,13337.5
2024-08-01,CC100,1000,640000,6962.55
2024-08-01,CC100,2000,600000,112800.99
2024-08-01,CC100,2000,600100,24942.29
2024-08-01,CC100,2000,600200,9086.24
2024-08-01,CC100,2000,610000,48026.62
2024-08-01,CC100,2000,620000,7915.01
2024-08-01,CC100,2000,630000,4426.4
2024-08-01,CC100,2000,640000,4509.52
2024-08-01,CC100,3000,600000,58988.15
2024-08-01,CC100,3000,600100,12243.53
2024-08-01,CC100,3000,600200,4416.58
2024-08-01,CC100,3000,610000,26521.96
2024-08-01,CC100,3000,620000,3409.01
2024-08-01,CC100,3000,630000,3082.08
2024-08-01,CC100,3000,640000,2052.19
2024-08-01,CC200,1000,600000,409240.84
2024-08-01,CC200,1000,600100,82951.98
2024-08-01,CC200,1000,600200,32152.45
2024-08-01,CC200,1000,630000,40207.73
2024-08-01,CC200,1000,640000,15497.23
2024-08-01,CC200,1000,620000,7965.12
2024-08-01,CC200,1000,660000,14720.13
2024-08-01,CC200,2000,600000,224084.1
2024-08-01,CC200,2000,600100,46196.7
2024-08-01,CC200,2000,600200,18250.13
2024-08-01,CC200,2000,630000,17981.71
2024-08-01,CC200,2000,640000,9940.11
2024-08-01,CC200,2000,620000,4767.46
2024-08-01,CC200,2000,660000,8792.25
2024-08-01,CC200,3000,600000,116682.18
2024-08-01,CC200,3000,600100,23293.64
2024-08-01,CC200,3000,600200,8738.07
2024-08-01,CC200,3000,630000,10061.95
2024-08-01,CC200,3000,640000,4865.75
2024-08-01,CC200,3000,620000,2405.32
2024-08-01,CC200,3000,660000,4199.67
2024-08-01,CC300,1000,600000,74418.7
2024-08-01,CC300,1000,600100,15615.42
2024-08-01,CC300,1000,600200,5785.57
2024-08-01,CC300,1000,650000,14605.75
2024-08-01,CC300,1000,630000,4404.81
2024-08-01,CC300,1000,640000,2805.39
2024-08-01,CC300,1000,660000,2933.53
2024-08-01,CC300,2000,600000,42195.56
2024-08-01,CC300,2000,600100,8792.17
2024-08-01,CC300,2000,600200,3096.36
2024-08-01,CC300,2000,650000,7613.39
2024-08-01,CC300,2000,630000,2207.03
2024-08-01,CC300,2000,640000,1815.56
2024-08-01,CC300,2000,660000,1581.16
2024-08-01,CC300,3000,600000,19938.65
2024-08-01,CC300,3000,600100,4302.14
2024-08-01,CC300,3000,600200,1573.3
2024-08-01,CC300,3000,650000,3509.93
2024-08-01,CC300,3000,630000,996.04
2024-08-01,CC300,3000,640000,782.07
2024-08-01,CC300,3000,660000,772.68
2024-08-01,CC400,1000,600000,112805.02
2024-08-01,CC400,1000,600100,24641.62
2024-08-01,CC400,1000,600200,9309.2
2024-08-01,CC400,1000,630000,8057.65
2024-08-01,CC400,1000,620000,2681.66
2024-08-01,CC400,1000,640000,4447.42
2024-08-01,CC400,2000,600000,64664.05
2024-08-01,CC400,2000,600100,13425.03
2024-08-01,CC400,2000,600200,5041.3
2024-08-01,CC400,2000,630000,3841.31
2024-08-01,CC400,2000,620000,1671.87
2024-08-01,CC400,2000,640000,2601.15
2024-08-01,CC400,3000,600000,32934.69
2024-08-01,CC400,3000,600100,6657.19
2024-08-01,CC400,3000,600200,2500.61
2024-08-01,CC400,3000,630000,2068.66
2024-08-01,CC400,3000,620000,936.33
2024-08-01,CC400,3000,640000,1281.32
2024-08-01,CC500,1000,600000,75045.55
2024-08-01,CC500,1000,600100,16103.36
2024-08-01,CC500,1000,600200,5955.88
2024-08-01,CC500,1000,500000,327463.15
2024-08-01,CC500,1000,500100,139806.11
2024-08-01,CC500,2000,600000,41746.49
2024-08-01,CC500,2000,600100,8591.75
2024-08-01,CC500,2000,600200,3204.93
2024-08-01,CC500,2000,500000,192016.62
2024-08-01,CC500,2000,500100,93375.41
2024-08-01,CC500,3000,600000,21194.86
2024-08-01,CC500,3000,600100,4272.67
2024-08-01,CC500,3000,600200,1626.22
2024-08-01,CC500,3000,500000,83495.92
2024-08-01,CC500,3000,500100,41492.06
2024-09-01,CC100,1000,600000,225932.09
2024-09-01,CC100,1000,600100,44531.51
2024-09-01,CC100,1000,600200,16488.12
2024-09-01,CC100,1000,610000,91459.36
2024-09-01,CC100,1000,620000,12454.07
2024-09-01,CC100,1000,630000,10304.15
2024-09-01,CC100,1000,640000,8075.51
2024-09-01,CC100,2000,600000,115730.83
2024-09-01,CC100,2000,600100,24433.94
2024-09-01,CC100,2000,600200,9325.16
2024-09-01,CC100,2000,610000,48582.19
2024-09-01,CC100,2000,620000,8792.93
2024-09-01,CC100,2000,630000,6418.5
2024-09-01,CC100,2000,640000,5051.93
2024-09-01,CC100,3000,600000,58755.8
2024-09-01,CC100,3000,600100,12421.89
2024-09-01,CC100,3000,600200,4479.91
2024-09-01,CC100,3000,610000,29094.69
2024-09-01,CC100,3000,620000,3882.2
2024-09-01,CC100,3000,630000,3222.21
2024-09-01,CC100,3000,640000,2020.76
2024-09-01,CC200,1000,600000,410197.09
2024-09-01,CC200,1000,600100,86700.1
2024-09-01,CC200,1000,600200,31519.39
2024-09-01,CC200,1000,630000,39219.83
2024-09-01,CC200,1000,640000,13868.16
2024-09-01,CC200,1000,620000,8713.46
2024-09-01,CC200,1000,660000,15074.4
2024-09-01,CC200,2000,600000,230529.25
2024-09-01,CC200,2000,600100,47356.65
2024-09-01,CC200,2000,600200,17294.86
2024-09-01,CC200,2000,630000,21653.46
2024-09-01,CC200,2000,640000,8998.04
2024-09-01,CC200,2000,620000,4148.55
2024-09-01,CC200,2000,660000,8327.41
2024-09-01,CC200,3000,600000,109530.32
2024-09-01,CC200,3000,600100,23549.24
2024-09-01,CC200,3000,600200,8495.18
2024-09-01,CC200,3000,630000,10328.8
2024-09-01,CC200,3000,640000,4269.3
2024-09-01,CC200,3000,620000,2341.31
2024-09-01,CC200,3000,660000,4318.6
2024-09-01,CC300,1000,600000,76812.32
2024-09-01,CC300,1000,600100,16093.04
2024-09-01,CC300,1000,600200,5987.69
2024-09-01,CC300,1000,650000,15339.69
2024-09-01,CC300,1000,630000,4151.29
2024-09-01,CC300,1000,640000,2517.25
2024-09-01,CC300,1000,660000,3086.45
2024-09-01,CC300,2000,600000,42758.03
2024-09-01,CC300,2000,600100,8488.55
2024-09-01,CC300,2000,600200,3233.42
2024-09-01,CC300,2000,650000,8091.26
2024-09-01,CC300,2000,630000,2137.05
2024-09-01,CC300,2000,640000,1678.88
2024-09-01,CC300,2000,660000,1740.91
2024-09-01,CC300,3000,600000,21942.96
2024-09-01,CC300,3000,600100,4290.17
2024-09-01,CC300,3000,600200,1672.73
2024-09-01,CC300,3000,650000,4679.35
2024-09-01,CC300,3000,630000,1144.06
2024-09-01,CC300,3000,640000,916.21
2024-09-01,CC300,3000,660000,909.2
2024-09-01,CC400,1000,600000,123422.84
2024-09-01,CC400,1000,600100,24933.25
2024-09-01,CC400,1000,600200,9498.04
2024-09-01,CC400,1000,630000,7865.32
2024-09-01,CC400,1000,620000,3108.61
2024-09-01,CC400,1000,640000,4488.32
2024-09-01,CC400,2000,600000,68221.58
2024-09-01,CC400,2000,600100,13347.74
2024-09-01,CC400,2000,600200,5244.65
2024-09-01,CC400,2000,630000,4452.55
2024-09-01,CC400,2000,620000,1458.88
2024-09-01,CC400,2000,640000,2637.89
2024-09-01,CC400,3000,600000,31367.24
2024-09-01,CC400,3000,600100,6800.42
2024-09-01,CC400,3000,600200,2563.24
2024-09-01,CC400,3000,630000,1974.55
2024-09-01,CC400,3000,620000,849.92
2024-09-01,CC400,3000,640000,1505.42
2024-09-01,CC500,1000,600000,76580.18
2024-09-01,CC500,1000,600100,15533.19
2024-09-01,CC500,1000,600200,6127.32
2024-09-01,CC500,1000,500000,415269.64
2024-09-01,CC500,1000,500100,148829.41
2024-09-01,CC500,2000,600000,42434.24
2024-09-01,CC500,2000,600100,8760.77
2024-09-01,CC500,2000,600200,3151.94
2024-09-01,CC500,2000,500000,177577.1
2024-09-01,CC500,2000,500100,89831.55
2024-09-01,CC500,3000,600000,21497.27
2024-09-01,CC500,3000,600100,4313.96
2024-09-01,CC500,3000,600200,1571.58
2024-09-01,CC500,3000,500000,111860.01
2024-09-01,CC500,3000,500100,37869.61
2024-10-01,CC100,1000,600000,219465.16
2024-10-01,CC100,1000,600100,45632.59
2024-10-01,CC100,1000,600200,17524.14
2024-10-01,CC100,1000,610000,107609.02
2024-10-01,CC100,1000,620000,14750.8
2024-10-01,CC100,1000,630000,11855.5
2024-10-01,CC100,1000,640000,8534.91
2024-10-01,CC100,2000,600000,121490.73
2024-10-01,CC100,2000,600100,23399.18
2024-10-01,CC100,2000,600200,9187.44
2024-10-01,CC100,2000,610000,55214.29
2024-10-01,CC100,2000,620000,6815.39
2024-10-01,CC100,2000,630000,6399.55
2024-10-01,CC100,2000,640000,4526.65
2024-10-01,CC100,3000,600000,62601.3
2024-10-01,CC100,3000,600100,12796.02
2024-10-01,CC100,3000,600200,4608.81
2024-10-01,CC100,3000,610000,26728.21
2024-10-01,CC100,3000,620000,3848.12
2024-10-01,CC100,3000,630000,2961.35
2024-10-01,CC100,3000,640000,2371.44
2024-10-01,CC200,1000,600000,416346.56
2024-10-01,CC200,1000,600100,84758.65
2024-10-01,CC200,1000,600200,32924.85
2024-10-01,CC200,1000,630000,40328.24
2024-10-01,CC200,1000,640000,14952.11
2024-10-01,CC200,1000,620000,8857.88
2024-10-01,CC200,1000,660000,15746.45
2024-10-01,CC200,2000,600000,231762.82
2024-10-01,CC200,2000,600100,48077.66
2024-10-01,CC200,2000,600200,17726.17
2024-10-01,CC200,2000,630000,21635.51
2024-10-01,CC200,2000,640000,8411.02
2024-10-01,CC200,2000,620000,4347.4
2024-10-01,CC200,2000,660000,8777.76
2024-10-01,CC200,3000,600000,113576.05
2024-10-01,CC200,3000,600100,23567.18
2024-10-01,CC200,3000,600200,8594.35
2024-10-01,CC200,3000,630000,9839.01
2024-10-01,CC200,3000,640000,4308.2
2024-10-01,CC200,3000,620000,2160.46
2024-10-01,CC200,3000,660000,4380.98
2024-10-01,CC300,1000,600000,77398.05
2024-10-01,CC300,1000,600100,16048.59
2024-10-01,CC300,1000,600200,6065.32
2024-10-01,CC300,1000,650000,13934.33
2024-10-01,CC300,1000,630000,3495.88
2024-10-01,CC300,1000,640000,2669.95
2024-10-01,CC300,1000,660000,2907.92
2024-10-01,CC300,2000,600000,42036.6
2024-10-01,CC300,2000,600100,8550.28
2024-10-01,CC300,2000,600200,3172.09
2024-10-01,CC300,2000,650000,7769.92
2024-10-01,CC300,2000,630000,2210.39
2024-10-01,CC300,2000,640000,1725.14
2024-10-01,CC300,2000,660000,1582.87
2024-10-01,CC300,3000,600000,20636.64
2024-10-01,CC300,3000,600100,4189.3
2024-10-01,CC300,3000,600200,1599.65
2024-10-01,CC300,3000,650000,3662.13
2024-10-01,CC300,3000,630000,1128.26
2024-10-01,CC300,3000,640000,657.4
2024-10-01,CC300,3000,660000,785.94
2024-10-01,CC400,1000,600000,123966.75
2024-10-01,CC400,1000,600100,25369.79
2024-10-01,CC400,1000,600200,9989.36
2024-10-01,CC400,1000,630000,8175.33
2024-10-01,CC400,1000,620000,2842.37
2024-10-01,CC400,1000,640000,4694.17
2024-10-01,CC400,2000,600000,65236.74
2024-10-01,CC400,2000,600100,13852.43
2024-10-01,CC400,2000,600200,5116.36
2024-10-01,CC400,2000,630000,4732.78
2024-10-01,CC400,2000,620000,1639.04
2024-10-01,CC400,2000,640000,2571.15
2024-10-01,CC400,3000,600000,33059.33
2024-10-01,CC400,3000,600100,7107.58
2024-10-01,CC400,3000,600200,2559.22
2024-10-01,CC400,3000,630000,2539.83
2024-10-01,CC400,3000,620000,928.49
2024-10-01,CC400,3000,640000,1349.97
2024-10-01,CC500,1000,600000,78106.57
2024-10-01,CC500,1000,600100,16029.83
2024-10-01,CC500,1000,600200,5734.27
2024-10-01,CC500,1000,500000,338209.78
2024-10-01,CC500,1000,500100,161707.11
2024-10-01,CC500,2000,600000,42477.49
2024-10-01,CC500,2000,600100,8476.74
2024-10-01,CC500,2000,600200,3267.27
2024-10-01,CC500,2000,500000,223303.47
2024-10-01,CC500,2000,500100,91962.97
2024-10-01,CC500,3000,600000,20816.84
2024-10-01,CC500,3000,600100,4356.78
2024-10-01,CC500,3000,600200,1591.53
2024-10-01,CC500,3000,500000,77589.43
2024-10-01,CC500,3000,500100,36376.63
2024-11-01,CC100,1000,600000,230858.36
2024-11-01,CC100,1000,600100,45668.56
2024-11-01,CC100,1000,600200,17136.25
2024-11-01,CC100,1000,610000,97438.55
2024-11-01,CC100,1000,620000,17082.51
2024-11-01,CC100,1000,630000,13346.66
2024-11-01,CC100,1000,640000,10520.42
2024-11-01,CC100,2000,600000,121644.34
2024-11-01,CC100,2000,600100,25180.31
2024-11-01,CC100,2000,600200,9102.38
2024-11-01,CC100,2000,610000,62845.6
2024-11-01,CC100,2000,620000,6909.09
2024-11-01,CC100,2000,630000,6393.74
2024-11-01,CC100,2000,640000,4178.53
2024-11-01,CC100,3000,600000,59898.33
2024-11-01,CC100,3000,600100,12225.07
2024-11-01,CC100,3000,600200,4605.79
2024-11-01,CC100,3000,610000,25731.48
2024-11-01,CC100,3000,620000,3672.37
2024-11-01,CC100,3000,630000,3367.34
2024-11-01,CC100,3000,640000,2073.67
2024-11-01,CC200,1000,600000,429747.53
2024-11-01,CC200,1000,600100,89904.13
2024-11-01,CC200,1000,600200,32574.52
2024-11-01,CC200,1000,630000,35641.08
2024-11-01,CC200,1000,640000,16076.81
2024-11-01,CC200,1000,620000,9198.77
2024-11-01,CC200,1000,660000,16615.88
2024-11-01,CC200,2000,600000,230711.61
2024-11-01,CC200,2000,600100,48296.57
2024-11-01,CC200,2000,600200,17542.17
2024-11-01,CC200,2000,630000,22353.12
2024-11-01,CC200,2000,640000,9335.28
2024-11-01,CC200,2000,620000,4346.37
2024-11-01,CC200,2000,660000,8592.75
2024-11-01,CC200,3000,600000,114526.9
2024-11-01,CC200,3000,600100,24172.65
2024-11-01,CC200,3000,600200,9189.26
2024-11-01,CC200,3000,630000,9796.76
2024-11-01,CC200,3000,640000,4689.96
2024-11-01,CC200,3000,620000,1774.25
2024-11-01,CC200,3000,660000,4353.32
2024-11-01,CC300,1000,600000,78336.21
2024-11-01,CC300,1000,600100,15786.42
2024-11-01,CC300,1000,600200,5916.67
2024-11-01,CC300,1000,650000,14067.41
2024-11-01,CC300,1000,630000,4137.19
2024-11-01,CC300,1000,640000,2958.33
2024-11-01,CC300,1000,660000,2677.41
2024-11-01,CC300,2000,600000,40628.96
2024-11-01,CC300,2000,600100,8597.65
2024-11-01,CC300,2000,600200,3293.61
2024-11-01,CC300,2000,650000,5917.55
2024-11-01,CC300,2000,630000,2067.09
2024-11-01,CC300,2000,640000,1545.99
2024-11-01,CC300,2000,660000,1745.15
2024-11-01,CC300,3000,600000,21407.7
2024-11-01,CC300,3000,600100,4459.3
2024-11-01,CC300,3000,600200,1664.21
2024-11-01,CC300,3000,650000,3264.88
2024-11-01,CC300,3000,630000,1191.34
2024-11-01,CC300,3000,640000,847.64
2024-11-01,CC300,3000,660000,850.85
2024-11-01,CC400,1000,600000,135367.5
2024-11-01,CC400,1000,600100,24672.84
2024-11-01,CC400,1000,600200,9987.78
2024-11-01,CC400,1000,630000,7814.35
2024-11-01,CC400,1000,620000,3310.72
2024-11-01,CC400,1000,640000,4805.4
2024-11-01,CC400,2000,600000,67880.07
2024-11-01,CC400,2000,600100,13883.22
2024-11-01,CC400,2000,600200,5300.93
2024-11-01,CC400,2000,630000,3722.71
2024-11-01,CC400,2000,620000,1887.17
2024-11-01,CC400,2000,640000,2523.52
2024-11-01,CC400,3000,600000,33456.81
2024-11-01,CC400,3000,600100,6958.44
2024-11-01,CC400,3000,600200,2699.32
2024-11-01,CC400,3000,630000,2076.79
2024-11-01,CC400,3000,620000,909.17
2024-11-01,CC400,3000,640000,1220.32
2024-11-01,CC500,1000,600000,80581.22
2024-11-01,CC500,1000,600100,16505.9
2024-11-01,CC500,1000,600200,6331.75
2024-11-01,CC500,1000,500000,349929.94
2024-11-01,CC500,1000,500100,162856.97
2024-11-01,CC500,2000,600000,43534.22
2024-11-01,CC500,2000,600100,9143.61
2024-11-01,CC500,2000,600200,3294.18
2024-11-01,CC500,2000,500000,209488.34
2024-11-01,CC500,2000,500100,81928.96
2024-11-01,CC500,3000,600000,21696.61
2024-11-01,CC500,3000,600100,4464.49
2024-11-01,CC500,3000,600200,1679.55
2024-11-01,CC500,3000,500000,96348.71
2024-11-01,CC500,3000,500100,42674.91
2024-12-01,CC100,1000,600000,232273.45
2024-12-01,CC100,1000,600100,47098.35
2024-12-01,CC100,1000,600200,17621.6
2024-12-01,CC100,1000,610000,96433.72
2024-12-01,CC100,1000,620000,13150.25
2024-12-01,CC100,1000,630000,12650.09
2024-12-01,CC100,1000,640000,9418.93
2024-12-01,CC100,2000,600000,126738.79
2024-12-01,CC100,2000,600100,24948.83
2024-12-01,CC100,2000,600200,9426.73
2024-12-01,CC100,2000,610000,46185.9
2024-12-01,CC100,2000,620000,7582.11
2024-12-01,CC100,2000,630000,6942.65
2024-12-01,CC100,2000,640000,4514.21
2024-12-01,CC100,3000,600000,62344.86
2024-12-01,CC100,3000,600100,12578.83
2024-12-01,CC100,3000,600200,4765.79
2024-12-01,CC100,3000,610000,24451.35
2024-12-01,CC100,3000,620000,3979.54
2024-12-01,CC100,3000,630000,2212.51
2024-12-01,CC100,3000,640000,2323.3
2024-12-01,CC200,1000,600000,418861.84
2024-12-01,CC200,1000,600100,90958.89
2024-12-01,CC200,1000,600200,33824.09
2024-12-01,CC200,1000,630000,40670.64
2024-12-01,CC200,1000,640000,19186.07
2024-12-01,CC200,1000,620000,7536.44
2024-12-01,CC200,1000,660000,18108.07
2024-12-01,CC200,2000,600000,240188.2
2024-12-01,CC200,2000,600100,48138.78
2024-12-01,CC200,2000,600200,18549.81
2024-12-01,CC200,2000,630000,18819.82
2024-12-01,CC200,2000,640000,8321.18
2024-12-01,CC200,2000,620000,4258.5
2024-12-01,CC200,2000,660000,8829.06
2024-12-01,CC200,3000,600000,115404.78
2024-12-01,CC200,3000,600100,24775.38
2024-12-01,CC200,3000,600200,9021.98
2024-12-01,CC200,3000,630000,10953.38
2024-12-01,CC200,3000,640000,4275.84
2024-12-01,CC200,3000,620000,1854.46
2024-12-01,CC200,3000,660000,4595.69
2024-12-01,CC300,1000,600000,74860.85
2024-12-01,CC300,1000,600100,15944.8
2024-12-01,CC300,1000,600200,5823.66
2024-12-01,CC300,1000,650000,17943.51
2024-12-01,CC300,1000,630000,4355.47
2024-12-01,CC300,1000,640000,3025.42
2024-12-01,CC300,1000,660000,3182.92
2024-12-01,CC300,2000,600000,41802.73
2024-12-01,CC300,2000,600100,8817.37
2024-12-01,CC300,2000,600200,3284.03
2024-12-01,CC300,2000,650000,8393.3
2024-12-01,CC300,2000,630000,2458.09
2024-12-01,CC300,2000,640000,1755.28
2024-12-01,CC300,2000,660000,1659.09
2024-12-01,CC300,3000,600000,20905.97
2024-12-01,CC300,3000,600100,4350.04
2024-12-01,CC300,3000,600200,1659.12
2024-12-01,CC300,3000,650000,4196.82
2024-12-01,CC300,3000,630000,983.48
2024-12-01,CC300,3000,640000,1032.16
2024-12-01,CC300,3000,660000,894.65
2024-12-01,CC400,1000,600000,127985.24
2024-12-01,CC400,1000,600100,25978.37
2024-12-01,CC400,1000,600200,9686.59
2024-12-01,CC400,1000,630000,7334.88
2024-12-01,CC400,1000,620000,3267.75
2024-12-01,CC400,1000,640000,4989.31
2024-12-01,CC400,2000,600000,67564.5
2024-12-01,CC400,2000,600100,14307.34
2024-12-01,CC400,2000,600200,5313.08
2024-12-01,CC400,2000,630000,3594.03
2024-12-01,CC400,2000,620000,1623.69
2024-12-01,CC400,2000,640000,2554.6
2024-12-01,CC400,3000,600000,35601.46
2024-12-01,CC400,3000,600100,7115.52
2024-12-01,CC400,3000,600200,2568.46
2024-12-01,CC400,3000,630000,2306.01
2024-12-01,CC400,3000,620000,743.54
2024-12-01,CC400,3000,640000,1462.33
2024-12-01,CC500,1000,600000,79633.68
2024-12-01,CC500,1000,600100,16459.61
2024-12-01,CC500,1000,600200,6347.91
2024-12-01,CC500,1000,500000,314297.8
2024-12-01,CC500,1000,500100,132999.18
2024-12-01,CC500,2000,600000,43036.96
2024-12-01,CC500,2000,600100,9117.86
2024-12-01,CC500,2000,600200,3247.85
2024-12-01,CC500,2000,500000,140056.24
2024-12-01,CC500,2000,500100,79962.76
2024-12-01,CC500,3000,600000,22012.86
2024-12-01,CC500,3000,600100,4573.39
2024-12-01,CC500,3000,600200,1659.3
2024-12-01,CC500,3000,500000,93678.06
2024-12-01,CC500,3000,500100,46701.83
2025-01-01,CC100,1000,600000,220351.06
2025-01-01,CC100,1000,600100,46591.26
2025-01-01,CC100,1000,600200,17675.61
2025-01-01,CC100,1000,610000,107330.76
2025-01-01,CC100,1000,620000,13925.71
2025-01-01,CC100,1000,630000,11779.46
2025-01-01,CC100,1000,640000,6613.48
2025-01-01,CC100,2000,600000,123362.49
2025-01-01,CC100,2000,600100,25875.29
2025-01-01,CC100,2000,600200,9427.1
2025-01-01,CC100,2000,610000,56424.29
2025-01-01,CC100,2000,620000,8371.44
2025-01-01,CC100,2000,630000,6191.08
2025-01-01,CC100,2000,640000,4889.97
2025-01-01,CC100,3000,600000,61300.61
2025-01-01,CC100,3000,600100,12768.37
2025-01-01,CC100,3000,600200,4866.69
2025-01-01,CC100,3000,610000,28486.97
2025-01-01,CC100,3000,620000,3771.67
2025-01-01,CC100,3000,630000,3277.21
2025-01-01,CC100,3000,640000,2575.8
2025-01-01,CC200,1000,600000,419155.18
2025-01-01,CC200,1000,600100,91734.72
2025-01-01,CC200,1000,600200,33395.03
2025-01-01,CC200,1000,630000,40893.63
2025-01-01,CC200,1000,640000,18823.21
2025-01-01,CC200,1000,620000,7252.35
2025-01-01,CC200,1000,660000,16214.26
2025-01-01,CC200,2000,600000,237028.57
2025-01-01,CC200,2000,600100,48136.9
2025-01-01,CC200,2000,600200,18975.13
2025-01-01,CC200,2000,630000,19562.18
2025-01-01,CC200,2000,640000,8660.0
2025-01-01,CC200,2000,620000,4678.41
2025-01-01,CC200,2000,660000,8618.25
2025-01-01,CC200,3000,600000,118258.88
2025-01-01,CC200,3000,600100,24606.98
2025-01-01,CC200,3000,600200,9108.36
2025-01-01,CC200,3000,630000,10597.73
2025-01-01,CC200,3000,640000,4342.02
2025-01-01,CC200,3000,620000,1945.18
2025-01-01,CC200,3000,660000,4658.42
2025-01-01,CC300,1000,600000,81495.45
2025-01-01,CC300,1000,600100,16156.11
2025-01-01,CC300,1000,600200,6083.6
2025-01-01,CC300,1000,650000,16189.62
2025-01-01,CC300,1000,630000,3525.04
2025-01-01,CC300,1000,640000,3543.7
2025-01-01,CC300,1000,660000,3058.79
2025-01-01,CC300,2000,600000,44753.2
2025-01-01,CC300,2000,600100,8759.67
2025-01-01,CC300,2000,600200,3454.97
2025-01-01,CC300,2000,650000,8980.42
2025-01-01,CC300,2000,630000,2345.41
2025-01-01,CC300,2000,640000,1705.88
2025-01-01,CC300,2000,660000,1646.16
2025-01-01,CC300,3000,600000,22189.67
2025-01-01,CC300,3000,600100,4457.48
2025-01-01,CC300,3000,600200,1601.3
2025-01-01,CC300,3000,650000,3701.63
2025-01-01,CC300,3000,630000,1090.6
2025-01-01,CC300,3000,640000,859.27
2025-01-01,CC300,3000,660000,831.08
2025-01-01,CC400,1000,600000,132594.03
2025-01-01,CC400,1000,600100,25515.37
2025-01-01,CC400,1000,600200,9985.39
2025-01-01,CC400,1000,630000,6788.9
2025-01-01,CC400,1000,620000,3571.08
2025-01-01,CC400,1000,640000,4931.37
2025-01-01,CC400,2000,600000,71380.68
2025-01-01,CC400,2000,600100,14269.46
2025-01-01,CC400,2000,600200,5584.46
2025-01-01,CC400,2000,630000,5010.3
2025-01-01,CC400,2000,620000,1920.96
2025-01-01,CC400,2000,640000,2687.3
2025-01-01,CC400,3000,600000,35462.79
2025-01-01,CC400,3000,600100,7089.36
2025-01-01,CC400,3000,600200,2742.78
2025-01-01,CC400,3000,630000,2617.86
2025-01-01,CC400,3000,620000,995.11
2025-01-01,CC400,3000,640000,1249.94
2025-01-01,CC500,1000,600000,81996.5
2025-01-01,CC500,1000,600100,16267.2
2025-01-01,CC500,1000,600200,6333.85
2025-01-01,CC500,1000,500000,381752.78
2025-01-01,CC500,1000,500100,127281.24
2025-01-01,CC500,2000,600000,43447.15
2025-01-01,CC500,2000,600100,9072.58
2025-01-01,CC500,2000,600200,3401.0
2025-01-01,CC500,2000,500000,175452.55
2025-01-01,CC500,2000,500100,88867.11
2025-01-01,CC500,3000,600000,21930.46
2025-01-01,CC500,3000,600100,4458.65
2025-01-01,CC500,3000,600200,1653.14
2025-01-01,CC500,3000,500000,108181.73
2025-01-01,CC500,3000,500100,48909.49
2025-02-01,CC100,1000,600000,232031.08
2025-02-01,CC100,1000,600100,47472.5
2025-02-01,CC100,1000,600200,18199.91
2025-02-01,CC100,1000,610000,101369.2
2025-02-01,CC100,1000,620000,14809.68
2025-02-01,CC100,1000,630000,12903.94
2025-02-01,CC100,1000,640000,7290.82
2025-02-01,CC100,2000,600000,131092.01
2025-02-01,CC100,2000,600100,26237.97
2025-02-01,CC100,2000,600200,9744.1
2025-02-01,CC100,2000,610000,56800.82
2025-02-01,CC100,2000,620000,8156.7
2025-02-01,CC100,2000,630000,5416.04
2025-02-01,CC100,2000,640000,5646.86
2025-02-01,CC100,3000,600000,63507.89
2025-02-01,CC100,3000,600100,13131.83
2025-02-01,CC100,3000,600200,4974.08
2025-02-01,CC100,3000,610000,25565.98
2025-02-01,CC100,3000,620000,4260.25
2025-02-01,CC100,3000,630000,3167.03
2025-02-01,CC100,3000,640000,2647.26
2025-02-01,CC200,1000,600000,422412.28
2025-02-01,CC200,1000,600100,90319.55
2025-02-01,CC200,1000,600200,33527.93
2025-02-01,CC200,1000,630000,41304.74
2025-02-01,CC200,1000,640000,17766.14
2025-02-01,CC200,1000,620000,7883.9
2025-02-01,CC200,1000,660000,16364.32
2025-02-01,CC200,2000,600000,239446.81
2025-02-01,CC200,2000,600100,48343.48
2025-02-01,CC200,2000,600200,18770.7
2025-02-01,CC200,2000,630000,20741.34
2025-02-01,CC200,2000,640000,6546.79
2025-02-01,CC200,2000,620000,4441.98
2025-02-01,CC200,2000,660000,8750.64
2025-02-01,CC200,3000,600000,116581.15
2025-02-01,CC200,3000,600100,24108.81
2025-02-01,CC200,3000,600200,9290.51
2025-02-01,CC200,3000,630000,12252.22
2025-02-01,CC200,3000,640000,4780.28
2025-02-01,CC200,3000,620000,2177.0
2025-02-01,CC200,3000,660000,4740.77
2025-02-01,CC300,1000,600000,78181.15
2025-02-01,CC300,1000,600100,15960.92
2025-02-01,CC300,1000,600200,5929.53
2025-02-01,CC300,1000,650000,12515.91
2025-02-01,CC300,1000,630000,3888.66
2025-02-01,CC300,1000,640000,3082.8
2025-02-01,CC300,1000,660000,3020.17
2025-02-01,CC300,2000,600000,42355.07
2025-02-01,CC300,2000,600100,8595.39
2025-02-01,CC300,2000,600200,3325.38
2025-02-01,CC300,2000,650000,7131.71
2025-02-01,CC300,2000,630000,2360.25
2025-02-01,CC300,2000,640000,1478.07
2025-02-01,CC300,2000,660000,1580.91
2025-02-01,CC300,3000,600000,21080.06
2025-02-01,CC300,3000,600100,4410.13
2025-02-01,CC300,3000,600200,1703.14
2025-02-01,CC300,3000,650000,4391.72
2025-02-01,CC300,3000,630000,1222.67
2025-02-01,CC300,3000,640000,878.89
2025-02-01,CC300,3000,660000,789.18
2025-02-01,CC400,1000,600000,128865.55
2025-02-01,CC400,1000,600100,26194.78
2025-02-01,CC400,1000,600200,10244.3
2025-02-01,CC400,1000,630000,7320.42
2025-02-01,CC400,1000,620000,3623.52
2025-02-01,CC400,1000,640000,5434.9
2025-02-01,CC400,2000,600000,73538.65
2025-02-01,CC400,2000,600100,14433.11
2025-02-01,CC400,2000,600200,5534.87
2025-02-01,CC400,2000,630000,5585.21
2025-02-01,CC400,2000,620000,1706.69
2025-02-01,CC400,2000,640000,2309.72
2025-02-01,CC400,3000,600000,33812.5
2025-02-01,CC400,3000,600100,7309.6
2025-02-01,CC400,3000,600200,2600.79
2025-02-01,CC400,3000,630000,2168.3
2025-02-01,CC400,3000,620000,940.26
2025-02-01,CC400,3000,640000,1376.31
2025-02-01,CC500,1000,600000,83978.29
2025-02-01,CC500,1000,600100,17156.91
2025-02-01,CC500,1000,600200,6569.2
2025-02-01,CC500,1000,500000,338063.4
2025-02-01,CC500,1000,500100,149293.15
2025-02-01,CC500,2000,600000,44717.99
2025-02-01,CC500,2000,600100,9471.59
2025-02-01,CC500,2000,600200,3556.75
2025-02-01,CC500,2000,500000,213003.39
2025-02-01,CC500,2000,500100,97683.23
2025-02-01,CC500,3000,600000,22174.87
2025-02-01,CC500,3000,600100,4813.78
2025-02-01,CC500,3000,600200,1800.14
2025-02-01,CC500,3000,500000,109399.8
2025-02-01,CC500,3000,500100,51454.59
2025-03-01,CC100,1000,600000,229397.46
2025-03-01,CC100,1000,600100,48157.91
2025-03-01,CC100,1000,600200,17982.25
2025-03-01,CC100,1000,610000,114143.13
2025-03-01,CC100,1000,620000,13611.73
2025-03-01,CC100,1000,630000,13088.75
2025-03-01,CC100,1000,640000,10375.98
2025-03-01,CC100,2000,600000,131438.51
2025-03-01,CC100,2000,600100,26742.92
2025-03-01,CC100,2000,600200,9774.98
2025-03-01,CC100,2000,610000,53243.88
2025-03-01,CC100,2000,620000,9348.44
2025-03-01,CC100,2000,630000,7166.11
2025-03-01,CC100,2000,640000,4966.55
2025-03-01,CC100,3000,600000,63872.0
2025-03-01,CC100,3000,600100,12677.07
2025-03-01,CC100,3000,600200,4848.53
2025-03-01,CC100,3000,610000,34426.48
2025-03-01,CC100,3000,620000,3600.19
2025-03-01,CC100,3000,630000,3365.68
2025-03-01,CC100,3000,640000,2726.9
2025-03-01,CC200,1000,600000,436174.8
2025-03-01,CC200,1000,600100,92114.2
2025-03-01,CC200,1000,600200,35061.27
2025-03-01,CC200,1000,630000,40201.82
2025-03-01,CC200,1000,640000,22143.75
2025-03-01,CC200,1000,620000,7168.27
2025-03-01,CC200,1000,660000,18118.77
2025-03-01,CC200,2000,600000,242814.52
2025-03-01,CC200,2000,600100,50752.47
2025-03-01,CC200,2000,600200,18908.24
2025-03-01,CC200,2000,630000,20263.45
2025-03-01,CC200,2000,640000,9586.01
2025-03-01,CC200,2000,620000,3815.15
2025-03-01,CC200,2000,660000,9654.07
2025-03-01,CC200,3000,600000,122554.79
2025-03-01,CC200,3000,600100,25309.63
2025-03-01,CC200,3000,600200,9569.73
2025-03-01,CC200,3000,630000,11335.24
2025-03-01,CC200,3000,640000,4755.09
2025-03-01,CC200,3000,620000,2136.43
2025-03-01,CC200,3000,660000,4518.84
2025-03-01,CC300,1000,600000,80956.15
2025-03-01,CC300,1000,600100,16687.37
2025-03-01,CC300,1000,600200,6054.05
2025-03-01,CC300,1000,650000,15277.5
2025-03-01,CC300,1000,630000,3688.49
2025-03-01,CC300,1000,640000,3398.2
2025-03-01,CC300,1000,660000,3142.7
2025-03-01,CC300,2000,600000,45219.87
2025-03-01,CC300,2000,600100,8772.35
2025-03-01,CC300,2000,600200,3323.14
2025-03-01,CC300,2000,650000,8564.87
2025-03-01,CC300,2000,630000,2376.62
2025-03-01,CC300,2000,640000,1638.12
2025-03-01,CC300,2000,660000,1601.15
2025-03-01,CC300,3000,600000,22148.6
2025-03-01,CC300,3000,600100,4528.99
2025-03-01,CC300,3000,600200,1643.54
2025-03-01,CC300,3000,650000,4752.89
2025-03-01,CC300,3000,630000,1246.76
2025-03-01,CC300,3000,640000,848.35
2025-03-01,CC300,3000,660000,840.44
2025-03-01,CC400,1000,600000,132134.44
2025-03-01,CC400,1000,600100,26345.44
2025-03-01,CC400,1000,600200,10058.83
2025-03-01,CC400,1000,630000,6574.2
2025-03-01,CC400,1000,620000,3644.62
2025-03-01,CC400,1000,640000,4241.53
2025-03-01,CC400,2000,600000,73236.58
2025-03-01,CC400,2000,600100,14488.07
2025-03-01,CC400,2000,600200,5445.98
2025-03-01,CC400,2000,630000,4271.52
2025-03-01,CC400,2000,620000,1770.53
2025-03-01,CC400,2000,640000,3122.47
2025-03-01,CC400,3000,600000,34102.3
2025-03-01,CC400,3000,600100,7549.64
2025-03-01,CC400,3000,600200,2779.27
2025-03-01,CC400,3000,630000,2022.83
2025-03-01,CC400,3000,620000,821.25
2025-03-01,CC400,3000,640000,1611.7
2025-03-01,CC500,1000,600000,83528.87
2025-03-01,CC500,1000,600100,17061.53
2025-03-01,CC500,1000,600200,6698.11
2025-03-01,CC500,1000,500000,394967.19
2025-03-01,CC500,1000,500100,148372.05
2025-03-01,CC500,2000,600000,46563.61
2025-03-01,CC500,2000,600100,9315.2
2025-03-01,CC500,2000,600200,3644.88
2025-03-01,CC500,2000,500000,230118.5
2025-03-01,CC500,2000,500100,93902.45
2025-03-01,CC500,3000,600000,23773.58
2025-03-01,CC500,3000,600100,5012.15
2025-03-01,CC500,3000,600200,1815.59
2025-03-01,CC500,3000,500000,93392.98
2025-03-01,CC500,3000,500100,47430.27
2025-04-01,CC100,1000,600000,250253.18
2025-04-01,CC100,1000,600100,48277.95
2025-04-01,CC100,1000,600200,18345.68
2025-04-01,CC100,1000,610000,112284.86
2025-04-01,CC100,1000,620000,15316.38
2025-04-01,CC100,1000,630000,11109.36
2025-04-01,CC100,1000,640000,10276.19
2025-04-01,CC100,2000,600000,137659.07
2025-04-01,CC100,2000,600100,27091.46
2025-04-01,CC100,2000,600200,9936.63
2025-04-01,CC100,2000,610000,49887.34
2025-04-01,CC100,2000,620000,8650.55
2025-04-01,CC100,2000,630000,7491.12
2025-04-01,CC100,2000,640000,5300.23
2025-04-01,CC100,3000,600000,65365.71
2025-04-01,CC100,3000,600100,13250.96
2025-04-01,CC100,3000,600200,4918.54
2025-04-01,CC100,3000,610000,31780.69
2025-04-01,CC100,3000,620000,4573.21
2025-04-01,CC100,3000,630000,2834.08
2025-04-01,CC100,3000,640000,2913.9
2025-04-01,CC200,1000,600000,458857.3
2025-04-01,CC200,1000,600100,95660.97
2025-04-01,CC200,1000,600200,33959.36
2025-04-01,CC200,1000,630000,35151.52
2025-04-01,CC200,1000,640000,17188.11
2025-04-01,CC200,1000,620000,9162.64
2025-04-01,CC200,1000,660000,19015.18
2025-04-01,CC200,2000,600000,250842.05
2025-04-01,CC200,2000,600100,50492.01
2025-04-01,CC200,2000,600200,18636.28
2025-04-01,CC200,2000,630000,24928.35
2025-04-01,CC200,2000,640000,8595.66
2025-04-01,CC200,2000,620000,5531.33
2025-04-01,CC200,2000,660000,9378.15
2025-04-01,CC200,3000,600000,128151.85
2025-04-01,CC200,3000,600100,25823.04
2025-04-01,CC200,3000,600200,9527.73
2025-04-01,CC200,3000,630000,10567.3
2025-04-01,CC200,3000,640000,4614.1
2025-04-01,CC200,3000,620000,2490.78
2025-04-01,CC200,3000,660000,4795.38
2025-04-01,CC300,1000,600000,79030.04
2025-04-01,CC300,1000,600100,16351.79
2025-04-01,CC300,1000,600200,6161.97
2025-04-01,CC300,1000,650000,12106.6
2025-04-01,CC300,1000,630000,4289.45
2025-04-01,CC300,1000,640000,2774.77
2025-04-01,CC300,1000,660000,2898.76
2025-04-01,CC300,2000,600000,42153.18
2025-04-01,CC300,2000,600100,8627.74
2025-04-01,CC300,2000,600200,3264.83
2025-04-01,CC300,2000,650000,7794.67
2025-04-01,CC300,2000,630000,2674.18
2025-04-01,CC300,2000,640000,1589.66
2025-04-01,CC300,2000,660000,1692.81
2025-04-01,CC300,3000,600000,21987.41
2025-04-01,CC300,3000,600100,4486.13
2025-04-01,CC300,3000,600200,1675.3
2025-04-01,CC300,3000,650000,3693.35
2025-04-01,CC300,3000,630000,1280.9
2025-04-01,CC300,3000,640000,990.56
2025-04-01,CC300,3000,660000,768.37
2025-04-01,CC400,1000,600000,129620.18
2025-04-01,CC400,1000,600100,26992.79
2025-04-01,CC400,1000,600200,9982.89
2025-04-01,CC400,1000,630000,8911.91
2025-04-01,CC400,1000,620000,3145.98
2025-04-01,CC400,1000,640000,6191.56
2025-04-01,CC400,2000,600000,74341.02
2025-04-01,CC400,2000,600100,14958.11
2025-04-01,CC400,2000,600200,5700.27
2025-04-01,CC400,2000,630000,5169.37
2025-04-01,CC400,2000,620000,1756.85
2025-04-01,CC400,2000,640000,2564.82
2025-04-01,CC400,3000,600000,36022.93
2025-04-01,CC400,3000,600100,7504.93
2025-04-01,CC400,3000,600200,2774.37
2025-04-01,CC400,3000,630000,1941.97
2025-04-01,CC400,3000,620000,848.19
2025-04-01,CC400,3000,640000,1373.1
2025-04-01,CC500,1000,600000,86040.15
2025-04-01,CC500,1000,600100,18373.34
2025-04-01,CC500,1000,600200,6444.76
2025-04-01,CC500,1000,500000,406211.99
2025-04-01,CC500,1000,500100,190389.08
2025-04-01,CC500,2000,600000,49458.54
2025-04-01,CC500,2000,600100,9625.99
2025-04-01,CC500,2000,600200,3674.95
2025-04-01,CC500,2000,500000,224380.6
2025-04-01,CC500,2000,500100,92757.95
2025-04-01,CC500,3000,600000,23607.9
2025-04-01,CC500,3000,600100,4894.55
2025-04-01,CC500,3000,600200,1727.44
2025-04-01,CC500,3000,500000,113382.38
2025-04-01,CC500,3000,500100,46063.71
2025-05-01,CC100,1000,600000,241315.96
2025-05-01,CC100,1000,600100,51757.43
2025-05-01,CC100,1000,600200,18394.04
2025-05-01,CC100,1000,610000,104382.64
2025-05-01,CC100,1000,620000,18632.61
2025-05-01,CC100,1000,630000,11396.19
2025-05-01,CC100,1000,640000,8810.0
2025-05-01,CC100,2000,600000,131455.27
2025-05-01,CC100,2000,600100,27499.46
2025-05-01,CC100,2000,600200,10183.92
2025-05-01,CC100,2000,610000,51513.09
2025-05-01,CC100,2000,620000,8001.71
2025-05-01,CC100,2000,630000,6350.53
2025-05-01,CC100,2000,640000,5031.72
2025-05-01,CC100,3000,600000,66895.86
2025-05-01,CC100,3000,600100,13720.15
2025-05-01,CC100,3000,600200,4921.14
2025-05-01,CC100,3000,610000,32930.58
2025-05-01,CC100,3000,620000,4359.37
2025-05-01,CC100,3000,630000,3872.55
2025-05-01,CC100,3000,640000,2664.51
2025-05-01,CC200,1000,600000,471125.06
2025-05-01,CC200,1000,600100,95440.57
2025-05-01,CC200,1000,600200,36414.07
2025-05-01,CC200,1000,630000,43529.75
2025-05-01,CC200,1000,640000,17556.07
2025-05-01,CC200,1000,620000,10879.31
2025-05-01,CC200,1000,660000,18517.79
2025-05-01,CC200,2000,600000,255003.2
2025-05-01,CC200,2000,600100,50394.85
2025-05-01,CC200,2000,600200,18893.41
2025-05-01,CC200,2000,630000,23287.56
2025-05-01,CC200,2000,640000,9837.65
2025-05-01,CC200,2000,620000,4550.53
2025-05-01,CC200,2000,660000,9764.9
2025-05-01,CC200,3000,600000,129516.04
2025-05-01,CC200,3000,600100,26107.4
2025-05-01,CC200,3000,600200,9435.63
2025-05-01,CC200,3000,630000,11139.69
2025-05-01,CC200,3000,640000,4439.35
2025-05-01,CC200,3000,620000,2320.4
2025-05-01,CC200,3000,660000,4728.14
2025-05-01,CC300,1000,600000,80832.8
2025-05-01,CC300,1000,600100,16320.77
2025-05-01,CC300,1000,600200,6261.85
2025-05-01,CC300,1000,650000,14814.84
2025-05-01,CC300,1000,630000,2959.2
2025-05-01,CC300,1000,640000,3783.36
2025-05-01,CC300,1000,660000,3309.82
2025-05-01,CC300,2000,600000,44115.1
2025-05-01,CC300,2000,600100,9121.31
2025-05-01,CC300,2000,600200,3339.08
2025-05-01,CC300,2000,650000,9997.51
2025-05-01,CC300,2000,630000,2711.95
2025-05-01,CC300,2000,640000,1736.39
2025-05-01,CC300,2000,660000,1797.09
2025-05-01,CC300,3000,600000,21937.11
2025-05-01,CC300,3000,600100,4364.32
2025-05-01,CC300,3000,600200,1667.72
2025-05-01,CC300,3000,650000,4259.4
2025-05-01,CC300,3000,630000,1070.09
2025-05-01,CC300,3000,640000,822.4
2025-05-01,CC300,3000,660000,836.95
2025-05-01,CC400,1000,600000,135121.71
2025-05-01,CC400,1000,600100,27791.2
2025-05-01,CC400,1000,600200,10189.98
2025-05-01,CC400,1000,630000,8053.62
2025-05-01,CC400,1000,620000,3024.49
2025-05-01,CC400,1000,640000,5714.4
2025-05-01,CC400,2000,600000,71009.41
2025-05-01,CC400,2000,600100,15557.26
2025-05-01,CC400,2000,600200,5860.52
2025-05-01,CC400,2000,630000,4608.41
2025-05-01,CC400,2000,620000,1406.0
2025-05-01,CC400,2000,640000,2748.19
2025-05-01,CC400,3000,600000,36678.45
2025-05-01,CC400,3000,600100,7381.19
2025-05-01,CC400,3000,600200,2795.94
2025-05-01,CC400,3000,630000,2714.44
2025-05-01,CC400,3000,620000,1004.3
2025-05-01,CC400,3000,640000,1281.93
2025-05-01,CC500,1000,600000,85239.15
2025-05-01,CC500,1000,600100,17943.94
2025-05-01,CC500,1000,600200,6744.36
2025-05-01,CC500,1000,500000,414713.06
2025-05-01,CC500,1000,500100,160267.31
2025-05-01,CC500,2000,600000,48753.3
2025-05-01,CC500,2000,600100,10282.54
2025-05-01,CC500,2000,600200,3772.82
2025-05-01,CC500,2000,500000,215508.14
2025-05-01,CC500,2000,500100,91107.16
2025-05-01,CC500,3000,600000,23537.36
2025-05-01,CC500,3000,600100,4977.69
2025-05-01,CC500,3000,600200,1800.7
2025-05-01,CC500,3000,500000,106856.25
2025-05-01,CC500,3000,500100,45822.77
2025-06-01,CC100,1000,600000,241298.78
2025-06-01,CC100,1000,600100,48626.52
2025-06-01,CC100,1000,600200,18870.72
2025-06-01,CC100,1000,610000,108705.51
2025-06-01,CC100,1000,620000,16406.28
2025-06-01,CC100,1000,630000,11832.75
2025-06-01,CC100,1000,640000,10519.3
2025-06-01,CC100,2000,600000,130620.41
2025-06-01,CC100,2000,600100,28205.98
2025-06-01,CC100,2000,600200,9869.6
2025-06-01,CC100,2000,610000,62251.59
2025-06-01,CC100,2000,620000,8927.74
2025-06-01,CC100,2000,630000,6275.63
2025-06-01,CC100,2000,640000,5330.55
2025-06-01,CC100,3000,600000,68177.03
2025-06-01,CC100,3000,600100,13031.51
2025-06-01,CC100,3000,600200,5164.95
2025-06-01,CC100,3000,610000,22391.77
2025-06-01,CC100,3000,620000,3849.78
2025-06-01,CC100,3000,630000,3964.41
2025-06-01,CC100,3000,640000,2408.02
2025-06-01,CC200,1000,600000,454229.79
2025-06-01,CC200,1000,600100,95037.74
2025-06-01,CC200,1000,600200,37260.63
2025-06-01,CC200,1000,630000,34098.04
2025-06-01,CC200,1000,640000,16009.56
2025-06-01,CC200,1000,620000,10284.68
2025-06-01,CC200,1000,660000,19552.15
2025-06-01,CC200,2000,600000,253193.55
2025-06-01,CC200,2000,600100,50755.07
2025-06-01,CC200,2000,600200,20334.88
2025-06-01,CC200,2000,630000,26400.08
2025-06-01,CC200,2000,640000,10420.94
2025-06-01,CC200,2000,620000,4482.81
2025-06-01,CC200,2000,660000,9734.48
2025-06-01,CC200,3000,600000,126452.34
2025-06-01,CC200,3000,600100,26194.59
2025-06-01,CC200,3000,600200,10041.59
2025-06-01,CC200,3000,630000,12386.0
2025-06-01,CC200,3000,640000,4353.53
2025-06-01,CC200,3000,620000,2775.41
2025-06-01,CC200,3000,660000,4955.59
2025-06-01,CC300,1000,600000,82914.71
2025-06-01,CC300,1000,600100,17269.7
2025-06-01,CC300,1000,600200,6151.73
2025-06-01,CC300,1000,650000,15672.65
2025-06-01,CC300,1000,630000,3971.49
2025-06-01,CC300,1000,640000,2652.58
2025-06-01,CC300,1000,660000,3200.33
2025-06-01,CC300,2000,600000,46784.41
2025-06-01,CC300,2000,600100,8801.51
2025-06-01,CC300,2000,600200,3424.46
2025-06-01,CC300,2000,650000,9115.42
2025-06-01,CC300,2000,630000,2312.57
2025-06-01,CC300,2000,640000,1693.95
2025-06-01,CC300,2000,660000,1602.04
2025-06-01,CC300,3000,600000,22010.25
2025-06-01,CC300,3000,600100,4425.98
2025-06-01,CC300,3000,600200,1611.44
2025-06-01,CC300,3000,650000,4716.42
2025-06-01,CC300,3000,630000,1231.17
2025-06-01,CC300,3000,640000,846.98
2025-06-01,CC300,3000,660000,852.28
2025-06-01,CC400,1000,600000,139943.21
2025-06-01,CC400,1000,600100,28228.57
2025-06-01,CC400,1000,600200,10728.97
2025-06-01,CC400,1000,630000,8520.78
2025-06-01,CC400,1000,620000,3973.68
2025-06-01,CC400,1000,640000,5438.24
2025-06-01,CC400,2000,600000,75265.88
2025-06-01,CC400,2000,600100,14988.81
2025-06-01,CC400,2000,600200,5800.4
2025-06-01,CC400,2000,630000,4406.24
2025-06-01,CC400,2000,620000,1799.73
2025-06-01,CC400,2000,640000,2648.52
2025-06-01,CC400,3000,600000,36688.04
2025-06-01,CC400,3000,600100,8016.51
2025-06-01,CC400,3000,600200,2960.43
2025-06-01,CC400,3000,630000,2864.51
2025-06-01,CC400,3000,620000,843.67
2025-06-01,CC400,3000,640000,1452.1
2025-06-01,CC500,1000,600000,87615.25
2025-06-01,CC500,1000,600100,18192.95
2025-06-01,CC500,1000,600200,6791.58
2025-06-01,CC500,1000,500000,453614.06
2025-06-01,CC500,1000,500100,166112.09
2025-06-01,CC500,2000,600000,50265.16
2025-06-01,CC500,2000,600100,10217.07
2025-06-01,CC500,2000,600200,3960.08
2025-06-01,CC500,2000,500000,188159.58
2025-06-01,CC500,2000,500100,106559.07
2025-06-01,CC500,3000,600000,25170.99
2025-06-01,CC500,3000,600100,4949.28
2025-06-01,CC500,3000,600200,1930.96
2025-06-01,CC500,3000,500000,114126.63
2025-06-01,CC500,3000,500100,46244.32
2025-07-01,CC100,1000,600000,240251.1
2025-07-01,CC100,1000,600100,49387.33
2025-07-01,CC100,1000,600200,19560.84
2025-07-01,CC100,1000,610000,109618.72
2025-07-01,CC100,1000,620000,16883.47
2025-07-01,CC100,1000,630000,11536.24
2025-07-01,CC100,1000,640000,8662.56
2025-07-01,CC100,2000,600000,136125.02
2025-07-01,CC100,2000,600100,26593.91
2025-07-01,CC100,2000,600200,10164.25
2025-07-01,CC100,2000,610000,59991.39
2025-07-01,CC100,2000,620000,8636.26
2025-07-01,CC100,2000,630000,6710.54
2025-07-01,CC100,2000,640000,5327.53
2025-07-01,CC100,3000,600000,67544.03
2025-07-01,CC100,3000,600100,13866.6
2025-07-01,CC100,3000,600200,5023.64
2025-07-01,CC100,3000,610000,29044.52
2025-07-01,CC100,3000,620000,4780.8
2025-07-01,CC100,3000,630000,3722.11
2025-07-01,CC100,3000,640000,2210.57
2025-07-01,CC200,1000,600000,479043.91
2025-07-01,CC200,1000,600100,93718.79
2025-07-01,CC200,1000,600200,36626.65
2025-07-01,CC200,1000,630000,50792.78
2025-07-01,CC200,1000,640000,16561.87
2025-07-01,CC200,1000,620000,8384.83
2025-07-01,CC200,1000,660000,18995.09
2025-07-01,CC200,2000,600000,251559.74
2025-07-01,CC200,2000,600100,52571.1
2025-07-01,CC200,2000,600200,20205.03
2025-07-01,CC200,2000,630000,21817.11
2025-07-01,CC200,2000,640000,9747.84
2025-07-01,CC200,2000,620000,5363.19
2025-07-01,CC200,2000,660000,10193.85
2025-07-01,CC200,3000,600000,131009.64
2025-07-01,CC200,3000,600100,26549.82
2025-07-01,CC200,3000,600200,10098.36
2025-07-01,CC200,3000,630000,11550.16
2025-07-01,CC200,3000,640000,5241.54
2025-07-01,CC200,3000,620000,2381.51
2025-07-01,CC200,3000,660000,4966.33
2025-07-01,CC300,1000,600000,80346.24
2025-07-01,CC300,1000,600100,16802.41
2025-07-01,CC300,1000,600200,6203.05
2025-07-01,CC300,1000,650000,14007.2
2025-07-01,CC300,1000,630000,4312.28
2025-07-01,CC300,1000,640000,3219.73
2025-07-01,CC300,1000,660000,3276.07
2025-07-01,CC300,2000,600000,44258.97
2025-07-01,CC300,2000,600100,9232.46
2025-07-01,CC300,2000,600200,3471.98
2025-07-01,CC300,2000,650000,8967.22
2025-07-01,CC300,2000,630000,2100.4
2025-07-01,CC300,2000,640000,1742.72
2025-07-01,CC300,2000,660000,1748.34
2025-07-01,CC300,3000,600000,22691.15
2025-07-01,CC300,3000,600100,4459.72
2025-07-01,CC300,3000,600200,1750.82
2025-07-01,CC300,3000,650000,5328.4
2025-07-01,CC300,3000,630000,1121.59
2025-07-01,CC300,3000,640000,809.08
2025-07-01,CC300,3000,660000,888.9
2025-07-01,CC400,1000,600000,139530.81
2025-07-01,CC400,1000,600100,29122.52
2025-07-01,CC400,1000,600200,10398.16
2025-07-01,CC400,1000,630000,9538.86
2025-07-01,CC400,1000,620000,3765.42
2025-07-01,CC400,1000,640000,5257.44
2025-07-01,CC400,2000,600000,76335.07
2025-07-01,CC400,2000,600100,15873.35
2025-07-01,CC400,2000,600200,5934.18
2025-07-01,CC400,2000,630000,4304.8
2025-07-01,CC400,2000,620000,2103.59
2025-07-01,CC400,2000,640000,2897.35
2025-07-01,CC400,3000,600000,37623.95
2025-07-01,CC400,3000,600100,7717.78
2025-07-01,CC400,3000,600200,2881.25
2025-07-01,CC400,3000,630000,2695.28
2025-07-01,CC400,3000,620000,955.25
2025-07-01,CC400,3000,640000,1283.2
2025-07-01,CC500,1000,600000,89428.75
2025-07-01,CC500,1000,600100,18555.97
2025-07-01,CC500,1000,600200,7104.17
2025-07-01,CC500,1000,500000,428859.41
2025-07-01,CC500,1000,500100,158599.28
2025-07-01,CC500,2000,600000,51772.34
2025-07-01,CC500,2000,600100,10170.68
2025-07-01,CC500,2000,600200,3890.69
2025-07-01,CC500,2000,500000,217954.11
2025-07-01,CC500,2000,500100,99906.68
2025-07-01,CC500,3000,600000,25074.48
2025-07-01,CC500,3000,600100,5181.8
2025-07-01,CC500,3000,600200,1937.07
2025-07-01,CC500,3000,500000,120307.24
2025-07-01,CC500,3000,500100,45929.68
2025-08-01,CC100,1000,600000,242008.63
2025-08-01,CC100,1000,600100,50551.08
2025-08-01,CC100,1000,600200,19182.83
2025-08-01,CC100,1000,610000,107403.16
2025-08-01,CC100,1000,620000,17364.38
2025-08-01,CC100,1000,630000,14377.91
2025-08-01,CC100,1000,640000,8552.91
2025-08-01,CC100,2000,600000,131296.52
2025-08-01,CC100,2000,600100,27314.2
2025-08-01,CC100,2000,600200,10334.86
2025-08-01,CC100,2000,610000,56774.94
2025-08-01,CC100,2000,620000,9717.17
2025-08-01,CC100,2000,630000,7138.17
2025-08-01,CC100,2000,640000,5156.09
2025-08-01,CC100,3000,600000,64848.42
2025-08-01,CC100,3000,600100,13335.14
2025-08-01,CC100,3000,600200,5164.7
2025-08-01,CC100,3000,610000,23569.97
2025-08-01,CC100,3000,620000,4713.25
2025-08-01,CC100,3000,630000,3369.74
2025-08-01,CC100,3000,640000,3400.72
2025-08-01,CC200,1000,600000,507626.56
2025-08-01,CC200,1000,600100,99172.99
2025-08-01,CC200,1000,600200,37245.94
2025-08-01,CC200,1000,630000,47881.59
2025-08-01,CC200,1000,640000,21841.23
2025-08-01,CC200,1000,620000,7802.83
2025-08-01,CC200,1000,660000,16995.74
2025-08-01,CC200,2000,600000,261091.81
2025-08-01,CC200,2000,600100,54864.04
2025-08-01,CC200,2000,600200,20539.09
2025-08-01,CC200,2000,630000,26264.68
2025-08-01,CC200,2000,640000,8948.58
2025-08-01,CC200,2000,620000,3906.66
2025-08-01,CC200,2000,660000,10604.73
2025-08-01,CC200,3000,600000,130522.95
2025-08-01,CC200,3000,600100,26125.83
2025-08-01,CC200,3000,600200,10238.95
2025-08-01,CC200,3000,630000,12855.63
2025-08-01,CC200,3000,640000,5042.36
2025-08-01,CC200,3000,620000,2435.48
2025-08-01,CC200,3000,660000,5063.99
2025-08-01,CC300,1000,600000,81538.67
2025-08-01,CC300,1000,600100,16396.46
2025-08-01,CC300,1000,600200,6228.72
2025-08-01,CC300,1000,650000,16621.1
2025-08-01,CC300,1000,630000,4348.21
2025-08-01,CC300,1000,640000,3212.62
2025-08-01,CC300,1000,660000,3002.31
2025-08-01,CC300,2000,600000,44578.65
2025-08-01,CC300,2000,600100,8778.05
2025-08-01,CC300,2000,600200,3453.9
2025-08-01,CC300,2000,650000,9833.45
2025-08-01,CC300,2000,630000,1956.19
2025-08-01,CC300,2000,640000,1619.98
2025-08-01,CC300,2000,660000,1749.13
2025-08-01,CC300,3000,600000,23306.98
2025-08-01,CC300,3000,600100,4622.24
2025-08-01,CC300,3000,600200,1724.8
2025-08-01,CC300,3000,650000,3511.63
2025-08-01,CC300,3000,630000,1178.07
2025-08-01,CC300,3000,640000,1053.09
2025-08-01,CC300,3000,660000,886.64
2025-08-01,CC400,1000,600000,139588.56
2025-08-01,CC400,1000,600100,28830.84
2025-08-01,CC400,1000,600200,10739.98
2025-08-01,CC400,1000,630000,8224.17
2025-08-01,CC400,1000,620000,3875.59
2025-08-01,CC400,1000,640000,5492.44
2025-08-01,CC400,2000,600000,76013.22
2025-08-01,CC400,2000,600100,15282.91
2025-08-01,CC400,2000,600200,5997.49
2025-08-01,CC400,2000,630000,5194.7
2025-08-01,CC400,2000,620000,1840.64
2025-08-01,CC400,2000,640000,3215.34
2025-08-01,CC400,3000,600000,37954.02
2025-08-01,CC400,3000,600100,7740.71
2025-08-01,CC400,3000,600200,2904.08
2025-08-01,CC400,3000,630000,2022.18
2025-08-01,CC400,3000,620000,1029.31
2025-08-01,CC400,3000,640000,1204.45
2025-08-01,CC500,1000,600000,88946.19
2025-08-01,CC500,1000,600100,17928.46
2025-08-01,CC500,1000,600200,7002.27
2025-08-01,CC500,1000,500000,403019.71
2025-08-01,CC500,1000,500100,169629.83
2025-08-01,CC500,2000,600000,48397.56
2025-08-01,CC500,2000,600100,9901.41
2025-08-01,CC500,2000,600200,3837.48
2025-08-01,CC500,2000,500000,209582.42
2025-08-01,CC500,2000,500100,98061.39
2025-08-01,CC500,3000,600000,24276.55
2025-08-01,CC500,3000,600100,5087.92
2025-08-01,CC500,3000,600200,1950.64
2025-08-01,CC500,3000,500000,117397.03
2025-08-01,CC500,3000,500100,45567.05
2025-09-01,CC100,1000,600000,248262.16
2025-09-01,CC100,1000,600100,50421.09
2025-09-01,CC100,1000,600200,19002.35
2025-09-01,CC100,1000,610000,107220.85
2025-09-01,CC100,1000,620000,15572.61
2025-09-01,CC100,1000,630000,12934.88
2025-09-01,CC100,1000,640000,8556.02
2025-09-01,CC100,2000,600000,131911.9
2025-09-01,CC100,2000,600100,26852.99
2025-09-01,CC100,2000,600200,10026.01
2025-09-01,CC100,2000,610000,53064.13
2025-09-01,CC100,2000,620000,8768.89
2025-09-01,CC100,2000,630000,6288.54
2025-09-01,CC100,2000,640000,5444.74
2025-09-01,CC100,3000,600000,66957.23
2025-09-01,CC100,3000,600100,13184.92
2025-09-01,CC100,3000,600200,5214.41
2025-09-01,CC100,3000,610000,32458.41
2025-09-01,CC100,3000,620000,3862.87
2025-09-01,CC100,3000,630000,3575.5
2025-09-01,CC100,3000,640000,2353.07
2025-09-01,CC200,1000,600000,497894.19
2025-09-01,CC200,1000,600100,99355.14
2025-09-01,CC200,1000,600200,36854.06
2025-09-01,CC200,1000,630000,42888.5
2025-09-01,CC200,1000,640000,18875.97
2025-09-01,CC200,1000,620000,9176.19
2025-09-01,CC200,1000,660000,17980.96
2025-09-01,CC200,2000,600000,269169.21
2025-09-01,CC200,2000,600100,55959.14
2025-09-01,CC200,2000,600200,20853.52
2025-09-01,CC200,2000,630000,24795.38
2025-09-01,CC200,2000,640000,9736.79
2025-09-01,CC200,2000,620000,5829.48
2025-09-01,CC200,2000,660000,9822.4
2025-09-01,CC200,3000,600000,136455.41
2025-09-01,CC200,3000,600100,28375.8
2025-09-01,CC200,3000,600200,10495.19
2025-09-01,CC200,3000,630000,11882.12
2025-09-01,CC200,3000,640000,4923.01
2025-09-01,CC200,3000,620000,2868.06
2025-09-01,CC200,3000,660000,4827.8
2025-09-01,CC300,1000,600000,81449.34
2025-09-01,CC300,1000,600100,16902.67
2025-09-01,CC300,1000,600200,6547.46
2025-09-01,CC300,1000,650000,16579.87
2025-09-01,CC300,1000,630000,3847.19
2025-09-01,CC300,1000,640000,3095.52
2025-09-01,CC300,1000,660000,3096.52
2025-09-01,CC300,2000,600000,44201.69
2025-09-01,CC300,2000,600100,9377.65
2025-09-01,CC300,2000,600200,3354.47
2025-09-01,CC300,2000,650000,10009.94
2025-09-01,CC300,2000,630000,2489.84
2025-09-01,CC300,2000,640000,1912.67
2025-09-01,CC300,2000,660000,1684.63
2025-09-01,CC300,3000,600000,22718.29
2025-09-01,CC300,3000,600100,4540.2
2025-09-01,CC300,3000,600200,1734.42
2025-09-01,CC300,3000,650000,4598.37
2025-09-01,CC300,3000,630000,1320.0
2025-09-01,CC300,3000,640000,779.38
2025-09-01,CC300,3000,660000,860.39
2025-09-01,CC400,1000,600000,139530.5
2025-09-01,CC400,1000,600100,27907.09
2025-09-01,CC400,1000,600200,10893.02
2025-09-01,CC400,1000,630000,8321.89
2025-09-01,CC400,1000,620000,3518.45
2025-09-01,CC400,1000,640000,5139.57
2025-09-01,CC400,2000,600000,74949.25
2025-09-01,CC400,2000,600100,15618.61
2025-09-01,CC400,2000,600200,5832.54
2025-09-01,CC400,2000,630000,4699.98
2025-09-01,CC400,2000,620000,1810.36
2025-09-01,CC400,2000,640000,3022.49
2025-09-01,CC400,3000,600000,39689.34
2025-09-01,CC400,3000,600100,7902.82
2025-09-01,CC400,3000,600200,3014.16
2025-09-01,CC400,3000,630000,2120.36
2025-09-01,CC400,3000,620000,1000.64
2025-09-01,CC400,3000,640000,1315.49
2025-09-01,CC500,1000,600000,89514.0
2025-09-01,CC500,1000,600100,18640.95
2025-09-01,CC500,1000,600200,7264.41
2025-09-01,CC500,1000,500000,453211.41
2025-09-01,CC500,1000,500100,181692.36
2025-09-01,CC500,2000,600000,48844.96
2025-09-01,CC500,2000,600100,10295.75
2025-09-01,CC500,2000,600200,3899.51
2025-09-01,CC500,2000,500000,230076.18
2025-09-01,CC500,2000,500100,79036.15
2025-09-01,CC500,3000,600000,24326.75
2025-09-01,CC500,3000,600100,5074.06
2025-09-01,CC500,3000,600200,1925.65
2025-09-01,CC500,3000,500000,86730.23
2025-09-01,CC500,3000,500100,46858.12
2025-10-01,CC100,1000,600000,249895.35
2025-10-01,CC100,1000,600100,51982.9
2025-10-01,CC100,1000,600200,19433.49
2025-10-01,CC100,1000,610000,118326.52
2025-10-01,CC100,1000,620000,14695.47
2025-10-01,CC100,1000,630000,10340.43
2025-10-01,CC100,1000,640000,9207.24
2025-10-01,CC100,2000,600000,138486.96
2025-10-01,CC100,2000,600100,28625.82
2025-10-01,CC100,2000,600200,10592.04
2025-10-01,CC100,2000,610000,63536.77
2025-10-01,CC100,2000,620000,9033.43
2025-10-01,CC100,2000,630000,6575.23
2025-10-01,CC100,2000,640000,5153.9
2025-10-01,CC100,3000,600000,70149.64
2025-10-01,CC100,3000,600100,13662.34
2025-10-01,CC100,3000,600200,5390.46
2025-10-01,CC100,3000,610000,29479.67
2025-10-01,CC100,3000,620000,4928.28
2025-10-01,CC100,3000,630000,2991.47
2025-10-01,CC100,3000,640000,2763.88
2025-10-01,CC200,1000,600000,488560.52
2025-10-01,CC200,1000,600100,98837.26
2025-10-01,CC200,1000,600200,38310.35
2025-10-01,CC200,1000,630000,48993.15
2025-10-01,CC200,1000,640000,17460.36
2025-10-01,CC200,1000,620000,8106.46
2025-10-01,CC200,1000,660000,18984.24
2025-10-01,CC200,2000,600000,270387.2
2025-10-01,CC200,2000,600100,56170.51
2025-10-01,CC200,2000,600200,21231.16
2025-10-01,CC200,2000,630000,24163.6
2025-10-01,CC200,2000,640000,12350.74
2025-10-01,CC200,2000,620000,5325.66
2025-10-01,CC200,2000,660000,10237.28
2025-10-01,CC200,3000,600000,131065.32
2025-10-01,CC200,3000,600100,27634.66
2025-10-01,CC200,3000,600200,10347.64
2025-10-01,CC200,3000,630000,13321.17
2025-10-01,CC200,3000,640000,5449.76
2025-10-01,CC200,3000,620000,2297.27
2025-10-01,CC200,3000,660000,5253.73
2025-10-01,CC300,1000,600000,84358.86
2025-10-01,CC300,1000,600100,17596.88
2025-10-01,CC300,1000,600200,6516.8
2025-10-01,CC300,1000,650000,17225.82
2025-10-01,CC300,1000,630000,4294.41
2025-10-01,CC300,1000,640000,3325.89
2025-10-01,CC300,1000,660000,3401.59
2025-10-01,CC300,2000,600000,44454.58
2025-10-01,CC300,2000,600100,9303.14
2025-10-01,CC300,2000,600200,3458.95
2025-10-01,CC300,2000,650000,9116.09
2025-10-01,CC300,2000,630000,2630.29
2025-10-01,CC300,2000,640000,1651.75
2025-10-01,CC300,2000,660000,1546.67
2025-10-01,CC300,3000,600000,22647.73
2025-10-01,CC300,3000,600100,4769.89
2025-10-01,CC300,3000,600200,1775.5
2025-10-01,CC300,3000,650000,4579.58
2025-10-01,CC300,3000,630000,1138.29
2025-10-01,CC300,3000,640000,765.97
2025-10-01,CC300,3000,660000,900.94
2025-10-01,CC400,1000,600000,139269.05
2025-10-01,CC400,1000,600100,30321.86
2025-10-01,CC400,1000,600200,11019.1
2025-10-01,CC400,1000,630000,8551.82
2025-10-01,CC400,1000,620000,3409.57
2025-10-01,CC400,1000,640000,5396.76
2025-10-01,CC400,2000,600000,76635.11
2025-10-01,CC400,2000,600100,16148.51
2025-10-01,CC400,2000,600200,5945.47
2025-10-01,CC400,2000,630000,4575.01
2025-10-01,CC400,2000,620000,2347.72
2025-10-01,CC400,2000,640000,2976.29
2025-10-01,CC400,3000,600000,39094.02
2025-10-01,CC400,3000,600100,7801.77
2025-10-01,CC400,3000,600200,2983.2
2025-10-01,CC400,3000,630000,2544.86
2025-10-01,CC400,3000,620000,800.68
2025-10-01,CC400,3000,640000,1779.28
2025-10-01,CC500,1000,600000,95702.53
2025-10-01,CC500,1000,600100,18985.27
2025-10-01,CC500,1000,600200,7018.28
2025-10-01,CC500,1000,500000,433178.34
2025-10-01,CC500,1000,500100,180967.65
2025-10-01,CC500,2000,600000,51719.99
2025-10-01,CC500,2000,600100,10574.66
2025-10-01,CC500,2000,600200,3990.36
2025-10-01,CC500,2000,500000,263789.04
2025-10-01,CC500,2000,500100,104369.53
2025-10-01,CC500,3000,600000,25138.29
2025-10-01,CC500,3000,600100,5410.68
2025-10-01,CC500,3000,600200,2039.99
2025-10-01,CC500,3000,500000,151536.46
2025-10-01,CC500,3000,500100,43831.74
2025-11-01,CC100,1000,600000,255936.2
2025-11-01,CC100,1000,600100,50070.32
2025-11-01,CC100,1000,600200,19808.98
2025-11-01,CC100,1000,610000,108022.73
2025-11-01,CC100,1000,620000,19467.24
2025-11-01,CC100,1000,630000,12049.72
2025-11-01,CC100,1000,640000,8141.37
2025-11-01,CC100,2000,600000,137243.73
2025-11-01,CC100,2000,600100,27297.55
2025-11-01,CC100,2000,600200,10817.76
2025-11-01,CC100,2000,610000,49331.14
2025-11-01,CC100,2000,620000,8906.66
2025-11-01,CC100,2000,630000,5628.8
2025-11-01,CC100,2000,640000,5158.15
2025-11-01,CC100,3000,600000,71980.15
2025-11-01,CC100,3000,600100,14398.42
2025-11-01,CC100,3000,600200,5268.16
2025-11-01,CC100,3000,610000,31173.41
2025-11-01,CC100,3000,620000,4475.33
2025-11-01,CC100,3000,630000,3742.74
2025-11-01,CC100,3000,640000,2314.0
2025-11-01,CC200,1000,600000,512560.87
2025-11-01,CC200,1000,600100,98289.0
2025-11-01,CC200,1000,600200,38475.08
2025-11-01,CC200,1000,630000,43240.58
2025-11-01,CC200,1000,640000,20716.89
2025-11-01,CC200,1000,620000,9763.54
2025-11-01,CC200,1000,660000,18113.75
2025-11-01,CC200,2000,600000,270289.49
2025-11-01,CC200,2000,600100,56782.93
2025-11-01,CC200,2000,600200,21175.78
2025-11-01,CC200,2000,630000,23311.21
2025-11-01,CC200,2000,640000,10094.75
2025-11-01,CC200,2000,620000,5671.46
2025-11-01,CC200,2000,660000,10330.16
2025-11-01,CC200,3000,600000,137617.69
2025-11-01,CC200,3000,600100,29506.37
2025-11-01,CC200,3000,600200,10302.71
2025-11-01,CC200,3000,630000,10080.98
2025-11-01,CC200,3000,640000,5717.82
2025-11-01,CC200,3000,620000,2471.25
2025-11-01,CC200,3000,660000,5217.96
2025-11-01,CC300,1000,600000,82117.54
2025-11-01,CC300,1000,600100,17023.05
2025-11-01,CC300,1000,600200,6622.14
2025-11-01,CC300,1000,650000,17329.28
2025-11-01,CC300,1000,630000,4646.85
2025-11-01,CC300,1000,640000,2754.1
2025-11-01,CC300,1000,660000,3023.82
2025-11-01,CC300,2000,600000,43171.79
2025-11-01,CC300,2000,600100,9236.88
2025-11-01,CC300,2000,600200,3588.19
2025-11-01,CC300,2000,650000,9257.08
2025-11-01,CC300,2000,630000,2295.22
2025-11-01,CC300,2000,640000,1756.49
2025-11-01,CC300,2000,660000,1699.78
2025-11-01,CC300,3000,600000,22979.08
2025-11-01,CC300,3000,600100,4766.34
2025-11-01,CC300,3000,600200,1703.52
2025-11-01,CC300,3000,650000,4532.91
2025-11-01,CC300,3000,630000,1283.04
2025-11-01,CC300,3000,640000,843.67
2025-11-01,CC300,3000,660000,911.04
2025-11-01,CC400,1000,600000,150656.43
2025-11-01,CC400,1000,600100,29195.87
2025-11-01,CC400,1000,600200,11057.65
2025-11-01,CC400,1000,630000,8468.0
2025-11-01,CC400,1000,620000,3723.4
2025-11-01,CC400,1000,640000,5738.16
2025-11-01,CC400,2000,600000,78162.85
2025-11-01,CC400,2000,600100,15645.45
2025-11-01,CC400,2000,600200,6013.91
2025-11-01,CC400,2000,630000,5720.77
2025-11-01,CC400,2000,620000,2085.96
2025-11-01,CC400,2000,640000,3282.67
2025-11-01,CC400,3000,600000,38402.31
2025-11-01,CC400,3000,600100,8033.62
2025-11-01,CC400,3000,600200,2984.67
2025-11-01,CC400,3000,630000,2238.21
2025-11-01,CC400,3000,620000,1020.88
2025-11-01,CC400,3000,640000,1336.87
2025-11-01,CC500,1000,600000,94853.3
2025-11-01,CC500,1000,600100,19781.14
2025-11-01,CC500,1000,600200,7433.88
2025-11-01,CC500,1000,500000,379814.76
2025-11-01,CC500,1000,500100,204220.91
2025-11-01,CC500,2000,600000,52922.05
2025-11-01,CC500,2000,600100,10581.74
2025-11-01,CC500,2000,600200,3901.11
2025-11-01,CC500,2000,500000,231382.63
2025-11-01,CC500,2000,500100,96134.86
2025-11-01,CC500,3000,600000,26650.78
2025-11-01,CC500,3000,600100,5414.87
2025-11-01,CC500,3000,600200,1963.31
2025-11-01,CC500,3000,500000,114683.21
2025-11-01,CC500,3000,500100,49572.98
2025-12-01,CC100,1000,600000,261009.11
2025-12-01,CC100,1000,600100,52132.01
2025-12-01,CC100,1000,600200,20492.0
2025-12-01,CC100,1000,610000,93544.92
2025-12-01,CC100,1000,620000,18688.27
2025-12-01,CC100,1000,630000,12921.08
2025-12-01,CC100,1000,640000,10765.3
2025-12-01,CC100,2000,600000,140735.59
2025-12-01,CC100,2000,600100,29479.74
2025-12-01,CC100,2000,600200,10724.83
2025-12-01,CC100,2000,610000,56123.16
2025-12-01,CC100,2000,620000,10286.6
2025-12-01,CC100,2000,630000,7123.94
2025-12-01,CC100,2000,640000,5524.02
2025-12-01,CC100,3000,600000,72416.61
2025-12-01,CC100,3000,600100,14197.49
2025-12-01,CC100,3000,600200,5501.0
2025-12-01,CC100,3000,610000,29840.87
2025-12-01,CC100,3000,620000,4470.34
2025-12-01,CC100,3000,630000,3650.37
2025-12-01,CC100,3000,640000,2310.35
2025-12-01,CC200,1000,600000,505014.22
2025-12-01,CC200,1000,600100,108075.35
2025-12-01,CC200,1000,600200,40161.35
2025-12-01,CC200,1000,630000,45750.54
2025-12-01,CC200,1000,640000,20210.67
2025-12-01,CC200,1000,620000,9575.2
2025-12-01,CC200,1000,660000,21069.3
2025-12-01,CC200,2000,600000,279475.53
2025-12-01,CC200,2000,600100,57825.85
2025-12-01,CC200,2000,600200,22079.34
2025-12-01,CC200,2000,630000,23224.46
2025-12-01,CC200,2000,640000,12474.6
2025-12-01,CC200,2000,620000,4570.29
2025-12-01,CC200,2000,660000,11671.68
2025-12-01,CC200,3000,600000,139254.22
2025-12-01,CC200,3000,600100,28639.78
2025-12-01,CC200,3000,600200,10384.35
2025-12-01,CC200,3000,630000,12018.39
2025-12-01,CC200,3000,640000,4835.06
2025-12-01,CC200,3000,620000,2534.13
2025-12-01,CC200,3000,660000,5359.1
2025-12-01,CC300,1000,600000,85202.23
2025-12-01,CC300,1000,600100,17220.08
2025-12-01,CC300,1000,600200,6470.4
2025-12-01,CC300,1000,650000,14315.8
2025-12-01,CC300,1000,630000,3909.62
2025-12-01,CC300,1000,640000,3793.78
2025-12-01,CC300,1000,660000,3097.22
2025-12-01,CC300,2000,600000,47388.85
2025-12-01,CC300,2000,600100,9363.38
2025-12-01,CC300,2000,600200,3528.58
2025-12-01,CC300,2000,650000,9765.22
2025-12-01,CC300,2000,630000,2651.46
2025-12-01,CC300,2000,640000,1744.66
2025-12-01,CC300,2000,660000,1729.96
2025-12-01,CC300,3000,600000,22909.08
2025-12-01,CC300,3000,600100,4736.36
2025-12-01,CC300,3000,600200,1795.66
2025-12-01,CC300,3000,650000,4412.39
2025-12-01,CC300,3000,630000,1248.93
2025-12-01,CC300,3000,640000,1026.63
2025-12-01,CC300,3000,660000,898.92
2025-12-01,CC400,1000,600000,145910.51
2025-12-01,CC400,1000,600100,28841.36
2025-12-01,CC400,1000,600200,10567.48
2025-12-01,CC400,1000,630000,9656.31
2025-12-01,CC400,1000,620000,3682.86
2025-12-01,CC400,1000,640000,5290.08
2025-12-01,CC400,2000,600000,79101.32
2025-12-01,CC400,2000,600100,16127.76
2025-12-01,CC400,2000,600200,6191.8
2025-12-01,CC400,2000,630000,5089.47
2025-12-01,CC400,2000,620000,1867.65
2025-12-01,CC400,2000,640000,3327.4
2025-12-01,CC400,3000,600000,39188.03
2025-12-01,CC400,3000,600100,8158.65
2025-12-01,CC400,3000,600200,2998.7
2025-12-01,CC400,3000,630000,2359.06
2025-12-01,CC400,3000,620000,1017.7
2025-12-01,CC400,3000,640000,1515.75
2025-12-01,CC500,1000,600000,98068.33
2025-12-01,CC500,1000,600100,19818.31
2025-12-01,CC500,1000,600200,7197.59
2025-12-01,CC500,1000,500000,417004.17
2025-12-01,CC500,1000,500100,201628.85
2025-12-01,CC500,2000,600000,52978.97
2025-12-01,CC500,2000,600100,10878.63
2025-12-01,CC500,2000,600200,4180.56
2025-12-01,CC500,2000,500000,222121.74
2025-12-01,CC500,2000,500100,86679.67
2025-12-01,CC500,3000,600000,26562.36
2025-12-01,CC500,3000,600100,5413.32
2025-12-01,CC500,3000,600200,2010.23
2025-12-01,CC500,3000,500000,117477.16
2025-12-01,CC500,3000,500100,53764.87
2026-01-01,CC100,1000,600000,259915.62
2026-01-01,CC100,1000,600100,53653.33
2026-01-01,CC100,1000,600200,20722.49
2026-01-01,CC100,1000,610000,112650.78
2026-01-01,CC100,1000,620000,17128.2
2026-01-01,CC100,1000,630000,12652.63
2026-01-01,CC100,1000,640000,9152.37
2026-01-01,CC100,2000,600000,139990.0
2026-01-01,CC100,2000,600100,28777.58
2026-01-01,CC100,2000,600200,10974.26
2026-01-01,CC100,2000,610000,78490.17
2026-01-01,CC100,2000,620000,8429.77
2026-01-01,CC100,2000,630000,6961.31
2026-01-01,CC100,2000,640000,5413.57
2026-01-01,CC100,3000,600000,71384.14
2026-01-01,CC100,3000,600100,14604.47
2026-01-01,CC100,3000,600200,5587.88
2026-01-01,CC100,3000,610000,24068.76
2026-01-01,CC100,3000,620000,3456.31
2026-01-01,CC100,3000,630000,3451.87
2026-01-01,CC100,3000,640000,3022.88
2026-01-01,CC200,1000,600000,503209.58
2026-01-01,CC200,1000,600100,100149.35
2026-01-01,CC200,1000,600200,40416.17
2026-01-01,CC200,1000,630000,47755.55
2026-01-01,CC200,1000,640000,17801.62
2026-01-01,CC200,1000,620000,9005.38
2026-01-01,CC200,1000,660000,19011.08
2026-01-01,CC200,2000,600000,283976.9
2026-01-01,CC200,2000,600100,57395.11
2026-01-01,CC200,2000,600200,22011.57
2026-01-01,CC200,2000,630000,18169.89
2026-01-01,CC200,2000,640000,9964.29
2026-01-01,CC200,2000,620000,4835.46
2026-01-01,CC200,2000,660000,10758.41
2026-01-01,CC200,3000,600000,140150.69
2026-01-01,CC200,3000,600100,29525.32
2026-01-01,CC200,3000,600200,10492.83
2026-01-01,CC200,3000,630000,12772.29
2026-01-01,CC200,3000,640000,5753.29
2026-01-01,CC200,3000,620000,3230.37
2026-01-01,CC200,3000,660000,5317.79
2026-01-01,CC300,1000,600000,85070.64
2026-01-01,CC300,1000,600100,16712.38
2026-01-01,CC300,1000,600200,6190.67
2026-01-01,CC300,1000,650000,17627.38
2026-01-01,CC300,1000,630000,4332.06
2026-01-01,CC300,1000,640000,3633.97
2026-01-01,CC300,1000,660000,3027.62
2026-01-01,CC300,2000,600000,46446.17
2026-01-01,CC300,2000,600100,9781.81
2026-01-01,CC300,2000,600200,3565.7
2026-01-01,CC300,2000,650000,9084.54
2026-01-01,CC300,2000,630000,2359.36
2026-01-01,CC300,2000,640000,1490.27
2026-01-01,CC300,2000,660000,1887.84
2026-01-01,CC300,3000,600000,22703.3
2026-01-01,CC300,3000,600100,4762.26
2026-01-01,CC300,3000,600200,1712.74
2026-01-01,CC300,3000,650000,3898.7
2026-01-01,CC300,3000,630000,1347.82
2026-01-01,CC300,3000,640000,853.3
2026-01-01,CC300,3000,660000,948.24
2026-01-01,CC400,1000,600000,145782.35
2026-01-01,CC400,1000,600100,28847.6
2026-01-01,CC400,1000,600200,11431.99
2026-01-01,CC400,1000,630000,8807.55
2026-01-01,CC400,1000,620000,4005.45
2026-01-01,CC400,1000,640000,5629.96
2026-01-01,CC400,2000,600000,77123.34
2026-01-01,CC400,2000,600100,16377.61
2026-01-01,CC400,2000,600200,6390.37
2026-01-01,CC400,2000,630000,5352.72
2026-01-01,CC400,2000,620000,2028.76
2026-01-01,CC400,2000,640000,3389.88
2026-01-01,CC400,3000,600000,40304.78
2026-01-01,CC400,3000,600100,8267.46
2026-01-01,CC400,3000,600200,3019.95
2026-01-01,CC400,3000,630000,2632.96
2026-01-01,CC400,3000,620000,1135.68
2026-01-01,CC400,3000,640000,1414.62
2026-01-01,CC500,1000,600000,101004.61
2026-01-01,CC500,1000,600100,20108.02
2026-01-01,CC500,1000,600200,7420.23
2026-01-01,CC500,1000,500000,484633.88
2026-01-01,CC500,1000,500100,183442.68
2026-01-01,CC500,2000,600000,54221.99
2026-01-01,CC500,2000,600100,10892.1
2026-01-01,CC500,2000,600200,4103.6
2026-01-01,CC500,2000,500000,251492.06
2026-01-01,CC500,2000,500100,105700.7
2026-01-01,CC500,3000,600000,25639.51
2026-01-01,CC500,3000,600100,5355.17
2026-01-01,CC500,3000,600200,2092.44
2026-01-01,CC500,3000,500000,118248.21
2026-01-01,CC500,3000,500100,48666.71
2026-02-01,CC100,1000,600000,255880.47
2026-02-01,CC100,1000,600100,52789.19
2026-02-01,CC100,1000,600200,19414.73
2026-02-01,CC100,1000,610000,116829.71
2026-02-01,CC100,1000,620000,15851.72
2026-02-01,CC100,1000,630000,12184.79
2026-02-01,CC100,1000,640000,10047.52
2026-02-01,CC100,2000,600000,144666.74
2026-02-01,CC100,2000,600100,30694.12
2026-02-01,CC100,2000,600200,10713.73
2026-02-01,CC100,2000,610000,71917.12
2026-02-01,CC100,2000,620000,10102.38
2026-02-01,CC100,2000,630000,6791.38
2026-02-01,CC100,2000,640000,5636.16
2026-02-01,CC100,3000,600000,71153.37
2026-02-01,CC100,3000,600100,14785.09
2026-02-01,CC100,3000,600200,5690.62
2026-02-01,CC100,3000,610000,34174.15
2026-02-01,CC100,3000,620000,4837.37
2026-02-01,CC100,3000,630000,3524.13
2026-02-01,CC100,3000,640000,2352.06
2026-02-01,CC200,1000,600000,523776.74
2026-02-01,CC200,1000,600100,110494.87
2026-02-01,CC200,1000,600200,39223.45
2026-02-01,CC200,1000,630000,42222.13
2026-02-01,CC200,1000,640000,20485.04
2026-02-01,CC200,1000,620000,9118.84
2026-02-01,CC200,1000,660000,19427.98
2026-02-01,CC200,2000,600000,284752.88
2026-02-01,CC200,2000,600100,57300.96
2026-02-01,CC200,2000,600200,21660.83
2026-02-01,CC200,2000,630000,27586.05
2026-02-01,CC200,2000,640000,9601.54
2026-02-01,CC200,2000,620000,4640.33
2026-02-01,CC200,2000,660000,10697.66
2026-02-01,CC200,3000,600000,145149.35
2026-02-01,CC200,3000,600100,29229.08
2026-02-01,CC200,3000,600200,10902.0
2026-02-01,CC200,3000,630000,12895.23
2026-02-01,CC200,3000,640000,4541.61
2026-02-01,CC200,3000,620000,2887.16
2026-02-01,CC200,3000,660000,5607.61
2026-02-01,CC300,1000,600000,84747.24
2026-02-01,CC300,1000,600100,17880.16
2026-02-01,CC300,1000,600200,6424.61
2026-02-01,CC300,1000,650000,18285.45
2026-02-01,CC300,1000,630000,4449.58
2026-02-01,CC300,1000,640000,3175.81
2026-02-01,CC300,1000,660000,3283.15
2026-02-01,CC300,2000,600000,46709.52
2026-02-01,CC300,2000,600100,9836.38
2026-02-01,CC300,2000,600200,3523.23
2026-02-01,CC300,2000,650000,8315.5
2026-02-01,CC300,2000,630000,2649.28
2026-02-01,CC300,2000,640000,1693.16
2026-02-01,CC300,2000,660000,1881.45
2026-02-01,CC300,3000,600000,23816.34
2026-02-01,CC300,3000,600100,4686.85
2026-02-01,CC300,3000,600200,1795.95
2026-02-01,CC300,3000,650000,3918.48
2026-02-01,CC300,3000,630000,1270.35
2026-02-01,CC300,3000,640000,903.57
2026-02-01,CC300,3000,660000,906.86
2026-02-01,CC400,1000,600000,143750.63
2026-02-01,CC400,1000,600100,28880.58
2026-02-01,CC400,1000,600200,11315.13
2026-02-01,CC400,1000,630000,7409.06
2026-02-01,CC400,1000,620000,3615.62
2026-02-01,CC400,1000,640000,6128.36
2026-02-01,CC400,2000,600000,80056.35
2026-02-01,CC400,2000,600100,16996.49
2026-02-01,CC400,2000,600200,6260.41
2026-02-01,CC400,2000,630000,4777.91
2026-02-01,CC400,2000,620000,2050.46
2026-02-01,CC400,2000,640000,3052.79
2026-02-01,CC400,3000,600000,38277.58
2026-02-01,CC400,3000,600100,7955.89
2026-02-01,CC400,3000,600200,3006.54
2026-02-01,CC400,3000,630000,2017.92
2026-02-01,CC400,3000,620000,1018.36
2026-02-01,CC400,3000,640000,1482.46
2026-02-01,CC500,1000,600000,95959.23
2026-02-01,CC500,1000,600100,20529.96
2026-02-01,CC500,1000,600200,7746.34
2026-02-01,CC500,1000,500000,455605.66
2026-02-01,CC500,1000,500100,184737.65
2026-02-01,CC500,2000,600000,55032.05
2026-02-01,CC500,2000,600100,11308.44
2026-02-01,CC500,2000,600200,4209.47
2026-02-01,CC500,2000,500000,223927.04
2026-02-01,CC500,2000,500100,107486.72
2026-02-01,CC500,3000,600000,27402.58
2026-02-01,CC500,3000,600100,5424.28
2026-02-01,CC500,3000,600200,2145.05
2026-02-01,CC500,3000,500000,113776.76
2026-02-01,CC500,3000,500100,51633.5
2026-03-01,CC100,1000,600000,264173.54
2026-03-01,CC100,1000,600100,55173.49
2026-03-01,CC100,1000,600200,19880.35
2026-03-01,CC100,1000,610000,113594.48
2026-03-01,CC100,1000,620000,15290.43
2026-03-01,CC100,1000,630000,13917.9
2026-03-01,CC100,1000,640000,11323.23
2026-03-01,CC100,2000,600000,147483.88
2026-03-01,CC100,2000,600100,28450.52
2026-03-01,CC100,2000,600200,11657.64
2026-03-01,CC100,2000,610000,67263.73
2026-03-01,CC100,2000,620000,8608.76
2026-03-01,CC100,2000,630000,7584.13
2026-03-01,CC100,2000,640000,5698.77
2026-03-01,CC100,3000,600000,71830.39
2026-03-01,CC100,3000,600100,14992.72
2026-03-01,CC100,3000,600200,5532.06
2026-03-01,CC100,3000,610000,31346.33
2026-03-01,CC100,3000,620000,4346.48
2026-03-01,CC100,3000,630000,3198.53
2026-03-01,CC100,3000,640000,2840.89
2026-03-01,CC200,1000,600000,533267.2
2026-03-01,CC200,1000,600100,109235.87
2026-03-01,CC200,1000,600200,41210.82
2026-03-01,CC200,1000,630000,48837.82
2026-03-01,CC200,1000,640000,19192.97
2026-03-01,CC200,1000,620000,10987.6
2026-03-01,CC200,1000,660000,18896.92
2026-03-01,CC200,2000,600000,281558.65
2026-03-01,CC200,2000,600100,57680.89
2026-03-01,CC200,2000,600200,22532.08
2026-03-01,CC200,2000,630000,28157.54
2026-03-01,CC200,2000,640000,11565.22
2026-03-01,CC200,2000,620000,6104.97
2026-03-01,CC200,2000,660000,10543.0
2026-03-01,CC200,3000,600000,144361.27
2026-03-01,CC200,3000,600100,29333.92
2026-03-01,CC200,3000,600200,11214.61
2026-03-01,CC200,3000,630000,12717.55
2026-03-01,CC200,3000,640000,5301.66
2026-03-01,CC200,3000,620000,2906.08
2026-03-01,CC200,3000,660000,5755.47
2026-03-01,CC300,1000,600000,84485.26
2026-03-01,CC300,1000,600100,17543.64
2026-03-01,CC300,1000,600200,6447.48
2026-03-01,CC300,1000,650000,12353.65
2026-03-01,CC300,1000,630000,4479.3
2026-03-01,CC300,1000,640000,3494.0
2026-03-01,CC300,1000,660000,3336.61
2026-03-01,CC300,2000,600000,45081.18
2026-03-01,CC300,2000,600100,9555.1
2026-03-01,CC300,2000,600200,3448.39
2026-03-01,CC300,2000,650000,10256.84
2026-03-01,CC300,2000,630000,2144.39
2026-03-01,CC300,2000,640000,2030.75
2026-03-01,CC300,2000,660000,1889.57
2026-03-01,CC300,3000,600000,22667.07
2026-03-01,CC300,3000,600100,4627.67
2026-03-01,CC300,3000,600200,1788.04
2026-03-01,CC300,3000,650000,4064.21
2026-03-01,CC300,3000,630000,1195.87
2026-03-01,CC300,3000,640000,844.94
2026-03-01,CC300,3000,660000,808.74
2026-03-01,CC400,1000,600000,140760.57
2026-03-01,CC400,1000,600100,30359.17
2026-03-01,CC400,1000,600200,11206.02
2026-03-01,CC400,1000,630000,8922.06
2026-03-01,CC400,1000,620000,4040.65
2026-03-01,CC400,1000,640000,6331.6
2026-03-01,CC400,2000,600000,80176.74
2026-03-01,CC400,2000,600100,16424.0
2026-03-01,CC400,2000,600200,6263.27
2026-03-01,CC400,2000,630000,4466.48
2026-03-01,CC400,2000,620000,2113.21
2026-03-01,CC400,2000,640000,3271.74
2026-03-01,CC400,3000,600000,40856.46
2026-03-01,CC400,3000,600100,7948.05
2026-03-01,CC400,3000,600200,3053.41
2026-03-01,CC400,3000,630000,2356.92
2026-03-01,CC400,3000,620000,1043.86
2026-03-01,CC400,3000,640000,1624.84
2026-03-01,CC500,1000,600000,103363.07
2026-03-01,CC500,1000,600100,20382.65
2026-03-01,CC500,1000,600200,7643.09
2026-03-01,CC500,1000,500000,502101.43
2026-03-01,CC500,1000,500100,198721.77
2026-03-01,CC500,2000,600000,55887.14
2026-03-01,CC500,2000,600100,11245.13
2026-03-01,CC500,2000,600200,4095.68
2026-03-01,CC500,2000,500000,211969.95
2026-03-01,CC500,2000,500100,88555.21
2026-03-01,CC500,3000,600000,28051.8
2026-03-01,CC500,3000,600100,5814.02
2026-03-01,CC500,3000,600200,2208.4
2026-03-01,CC500,3000,500000,134702.31
2026-03-01,CC500,3000,500100,59431.85
2026-04-01,CC100,1000,600000,266063.67
2026-04-01,CC100,1000,600100,53940.61
2026-04-01,CC100,1000,600200,21058.69
2026-04-01,CC100,1000,610000,125833.85
2026-04-01,CC100,1000,620000,17440.93
2026-04-01,CC100,1000,630000,14339.17
2026-04-01,CC100,1000,640000,10687.92
2026-04-01,CC100,2000,600000,150520.74
2026-04-01,CC100,2000,600100,30882.77
2026-04-01,CC100,2000,600200,11411.54
2026-04-01,CC100,2000,610000,71420.21
2026-04-01,CC100,2000,620000,9890.81
2026-04-01,CC100,2000,630000,7178.71
2026-04-01,CC100,2000,640000,6071.36
2026-04-01,CC100,3000,600000,71737.47
2026-04-01,CC100,3000,600100,15456.63
2026-04-01,CC100,3000,600200,5540.97
2026-04-01,CC100,3000,610000,34059.81
2026-04-01,CC100,3000,620000,4330.69
2026-04-01,CC100,3000,630000,3993.82
2026-04-01,CC100,3000,640000,2828.66
2026-04-01,CC200,1000,600000,513468.06
2026-04-01,CC200,1000,600100,109712.29
2026-04-01,CC200,1000,600200,40327.26
2026-04-01,CC200,1000,630000,51792.77
2026-04-01,CC200,1000,640000,20402.12
2026-04-01,CC200,1000,620000,10603.02
2026-04-01,CC200,1000,660000,19422.72
2026-04-01,CC200,2000,600000,286084.97
2026-04-01,CC200,2000,600100,58839.32
2026-04-01,CC200,2000,600200,22650.57
2026-04-01,CC200,2000,630000,30338.43
2026-04-01,CC200,2000,640000,10237.99
2026-04-01,CC200,2000,620000,6166.76
2026-04-01,CC200,2000,660000,9926.59
2026-04-01,CC200,3000,600000,141291.44
2026-04-01,CC200,3000,600100,29122.66
2026-04-01,CC200,3000,600200,10833.32
2026-04-01,CC200,3000,630000,10933.14
2026-04-01,CC200,3000,640000,5797.18
2026-04-01,CC200,3000,620000,2724.04
2026-04-01,CC200,3000,660000,5672.87
2026-04-01,CC300,1000,600000,88511.04
2026-04-01,CC300,1000,600100,18003.94
2026-04-01,CC300,1000,600200,6804.15
2026-04-01,CC300,1000,650000,16672.76
2026-04-01,CC300,1000,630000,3945.76
2026-04-01,CC300,1000,640000,3713.1
2026-04-01,CC300,1000,660000,3258.99
2026-04-01,CC300,2000,600000,46863.18
2026-04-01,CC300,2000,600100,9761.41
2026-04-01,CC300,2000,600200,3606.53
2026-04-01,CC300,2000,650000,8800.63
2026-04-01,CC300,2000,630000,2533.33
2026-04-01,CC300,2000,640000,1900.78
2026-04-01,CC300,2000,660000,1754.34
2026-04-01,CC300,3000,600000,23645.49
2026-04-01,CC300,3000,600100,5003.38
2026-04-01,CC300,3000,600200,1855.04
2026-04-01,CC300,3000,650000,5544.87
2026-04-01,CC300,3000,630000,1369.04
2026-04-01,CC300,3000,640000,1023.49
2026-04-01,CC300,3000,660000,854.67
2026-04-01,CC400,1000,600000,152025.04
2026-04-01,CC400,1000,600100,30682.75
2026-04-01,CC400,1000,600200,11391.34
2026-04-01,CC400,1000,630000,9759.83
2026-04-01,CC400,1000,620000,4202.33
2026-04-01,CC400,1000,640000,6047.57
2026-04-01,CC400,2000,600000,80737.61
2026-04-01,CC400,2000,600100,17108.07
2026-04-01,CC400,2000,600200,6241.04
2026-04-01,CC400,2000,630000,5382.19
2026-04-01,CC400,2000,620000,2043.3
2026-04-01,CC400,2000,640000,3091.65
2026-04-01,CC400,3000,600000,41720.46
2026-04-01,CC400,3000,600100,8253.52
2026-04-01,CC400,3000,600200,3283.8
2026-04-01,CC400,3000,630000,2154.34
2026-04-01,CC400,3000,620000,990.64
2026-04-01,CC400,3000,640000,1638.92
2026-04-01,CC500,1000,600000,103503.17
2026-04-01,CC500,1000,600100,20944.0
2026-04-01,CC500,1000,600200,7860.78
2026-04-01,CC500,1000,500000,477919.67
2026-04-01,CC500,1000,500100,192199.15
2026-04-01,CC500,2000,600000,57034.97
2026-04-01,CC500,2000,600100,11573.4
2026-04-01,CC500,2000,600200,4342.88
2026-04-01,CC500,2000,500000,224932.26
2026-04-01,CC500,2000,500100,105862.18
2026-04-01,CC500,3000,600000,27577.7
2026-04-01,CC500,3000,600100,5576.7
2026-04-01,CC500,3000,600200,2149.56
2026-04-01,CC500,3000,500000,117800.84
2026-04-01,CC500,3000,500100,56851.55
2026-05-01,CC100,1000,600000,267276.44
2026-05-01,CC100,1000,600100,57951.28
2026-05-01,CC100,1000,600200,20632.78
2026-05-01,CC100,1000,610000,125242.54
2026-05-01,CC100,1000,620000,18894.21
2026-05-01,CC100,1000,630000,13207.02
2026-05-01,CC100,1000,640000,11400.2
2026-05-01,CC100,2000,600000,145909.59
2026-05-01,CC100,2000,600100,31575.66
2026-05-01,CC100,2000,600200,11509.95
2026-05-01,CC100,2000,610000,63119.11
2026-05-01,CC100,2000,620000,9302.03
2026-05-01,CC100,2000,630000,8291.66
2026-05-01,CC100,2000,640000,5417.09
2026-05-01,CC100,3000,600000,73672.55
2026-05-01,CC100,3000,600100,15274.28
2026-05-01,CC100,3000,600200,5617.92
2026-05-01,CC100,3000,610000,39671.14
2026-05-01,CC100,3000,620000,4522.9
2026-05-01,CC100,3000,630000,4154.54
2026-05-01,CC100,3000,640000,2936.93
2026-05-01,CC200,1000,600000,524234.35
2026-05-01,CC200,1000,600100,109682.16
2026-05-01,CC200,1000,600200,41780.72
2026-05-01,CC200,1000,630000,47088.16
2026-05-01,CC200,1000,640000,23021.83
2026-05-01,CC200,1000,620000,11334.45
2026-05-01,CC200,1000,660000,21512.86
2026-05-01,CC200,2000,600000,288520.5
2026-05-01,CC200,2000,600100,58442.78
2026-05-01,CC200,2000,600200,22124.92
2026-05-01,CC200,2000,630000,26645.95
2026-05-01,CC200,2000,640000,11811.18
2026-05-01,CC200,2000,620000,4383.88
2026-05-01,CC200,2000,660000,11195.36
2026-05-01,CC200,3000,600000,146602.08
2026-05-01,CC200,3000,600100,29811.04
2026-05-01,CC200,3000,600200,11531.86
2026-05-01,CC200,3000,630000,13668.3
2026-05-01,CC200,3000,640000,6357.2
2026-05-01,CC200,3000,620000,2749.69
2026-05-01,CC200,3000,660000,5884.24
2026-05-01,CC300,1000,600000,90352.82
2026-05-01,CC300,1000,600100,18417.84
2026-05-01,CC300,1000,600200,6583.13
2026-05-01,CC300,1000,650000,16398.51
2026-05-01,CC300,1000,630000,4331.89
2026-05-01,CC300,1000,640000,3529.7
2026-05-01,CC300,1000,660000,3480.55
2026-05-01,CC300,2000,600000,47055.75
2026-05-01,CC300,2000,600100,9830.49
2026-05-01,CC300,2000,600200,3532.72
2026-05-01,CC300,2000,650000,10530.71
2026-05-01,CC300,2000,630000,2328.54
2026-05-01,CC300,2000,640000,1851.0
2026-05-01,CC300,2000,660000,1812.22
2026-05-01,CC300,3000,600000,24477.83
2026-05-01,CC300,3000,600100,4630.02
2026-05-01,CC300,3000,600200,1840.11
2026-05-01,CC300,3000,650000,4553.1
2026-05-01,CC300,3000,630000,1171.48
2026-05-01,CC300,3000,640000,1079.23
2026-05-01,CC300,3000,660000,879.53
2026-05-01,CC400,1000,600000,154499.44
2026-05-01,CC400,1000,600100,31432.81
2026-05-01,CC400,1000,600200,11999.21
2026-05-01,CC400,1000,630000,9102.53
2026-05-01,CC400,1000,620000,3615.35
2026-05-01,CC400,1000,640000,6493.37
2026-05-01,CC400,2000,600000,83761.32
2026-05-01,CC400,2000,600100,16510.47
2026-05-01,CC400,2000,600200,6319.92
2026-05-01,CC400,2000,630000,5529.74
2026-05-01,CC400,2000,620000,2308.02
2026-05-01,CC400,2000,640000,2977.44
2026-05-01,CC400,3000,600000,39435.61
2026-05-01,CC400,3000,600100,8679.92
2026-05-01,CC400,3000,600200,3142.64
2026-05-01,CC400,3000,630000,2142.85
2026-05-01,CC400,3000,620000,769.63
2026-05-01,CC400,3000,640000,1741.73
2026-05-01,CC500,1000,600000,102789.65
2026-05-01,CC500,1000,600100,20936.04
2026-05-01,CC500,1000,600200,8105.7
2026-05-01,CC500,1000,500000,489372.43
2026-05-01,CC500,1000,500100,229033.03
2026-05-01,CC500,2000,600000,54058.35
2026-05-01,CC500,2000,600100,11398.74
2026-05-01,CC500,2000,600200,4139.17
2026-05-01,CC500,2000,500000,243796.28
2026-05-01,CC500,2000,500100,104278.44
2026-05-01,CC500,3000,600000,28152.08
2026-05-01,CC500,3000,600100,5708.51
2026-05-01,CC500,3000,600200,2165.41
2026-05-01,CC500,3000,500000,133536.02
2026-05-01,CC500,3000,500100,64990.62
2026-06-01,CC100,1000,600000,276162.27
2026-06-01,CC100,1000,600100,55935.24
2026-06-01,CC100,1000,600200,21483.28
2026-06-01,CC100,1000,610000,114700.49
2026-06-01,CC100,1000,620000,20455.17
2026-06-01,CC100,1000,630000,13848.4
2026-06-01,CC100,1000,640000,10084.48
2026-06-01,CC100,2000,600000,150160.95
2026-06-01,CC100,2000,600100,31542.15
2026-06-01,CC100,2000,600200,11623.97
2026-06-01,CC100,2000,610000,63656.41
2026-06-01,CC100,2000,620000,11335.57
2026-06-01,CC100,2000,630000,7108.27
2026-06-01,CC100,2000,640000,5851.12
2026-06-01,CC100,3000,600000,76783.77
2026-06-01,CC100,3000,600100,15040.41
2026-06-01,CC100,3000,600200,5886.38
2026-06-01,CC100,3000,610000,30422.07
2026-06-01,CC100,3000,620000,5258.41
2026-06-01,CC100,3000,630000,3512.75
2026-06-01,CC100,3000,640000,3117.15
2026-06-01,CC200,1000,600000,553299.53
2026-06-01,CC200,1000,600100,112954.58
2026-06-01,CC200,1000,600200,41849.85
2026-06-01,CC200,1000,630000,47456.97
2026-06-01,CC200,1000,640000,19620.15
2026-06-01,CC200,1000,620000,11941.51
2026-06-01,CC200,1000,660000,20092.09
2026-06-01,CC200,2000,600000,288951.94
2026-06-01,CC200,2000,600100,61333.08
2026-06-01,CC200,2000,600200,22336.44
2026-06-01,CC200,2000,630000,23964.98
2026-06-01,CC200,2000,640000,9710.59
2026-06-01,CC200,2000,620000,5400.44
2026-06-01,CC200,2000,660000,11301.99
2026-06-01,CC200,3000,600000,148253.36
2026-06-01,CC200,3000,600100,30839.61
2026-06-01,CC200,3000,600200,11468.52
2026-06-01,CC200,3000,630000,12987.69
2026-06-01,CC200,3000,640000,5562.0
2026-06-01,CC200,3000,620000,2981.98
2026-06-01,CC200,3000,660000,6035.52
2026-06-01,CC300,1000,600000,87899.54
2026-06-01,CC300,1000,600100,17816.49
2026-06-01,CC300,1000,600200,6610.54
2026-06-01,CC300,1000,650000,14424.38
2026-06-01,CC300,1000,630000,4795.89
2026-06-01,CC300,1000,640000,3567.14
2026-06-01,CC300,1000,660000,3469.58
2026-06-01,CC300,2000,600000,47837.23
2026-06-01,CC300,2000,600100,10114.91
2026-06-01,CC300,2000,600200,3653.56
2026-06-01,CC300,2000,650000,10104.26
2026-06-01,CC300,2000,630000,2449.99
2026-06-01,CC300,2000,640000,1732.42
2026-06-01,CC300,2000,660000,1899.29
2026-06-01,CC300,3000,600000,24176.78
2026-06-01,CC300,3000,600100,4954.16
2026-06-01,CC300,3000,600200,1847.64
2026-06-01,CC300,3000,650000,4594.13
2026-06-01,CC300,3000,630000,1523.47
2026-06-01,CC300,3000,640000,1031.55
2026-06-01,CC300,3000,660000,955.65
2026-06-01,CC400,1000,600000,155619.76
2026-06-01,CC400,1000,600100,32492.36
2026-06-01,CC400,1000,600200,12067.78
2026-06-01,CC400,1000,630000,9979.45
2026-06-01,CC400,1000,620000,3860.49
2026-06-01,CC400,1000,640000,5923.7
2026-06-01,CC400,2000,600000,79264.25
2026-06-01,CC400,2000,600100,17433.23
2026-06-01,CC400,2000,600200,6446.44
2026-06-01,CC400,2000,630000,6289.06
2026-06-01,CC400,2000,620000,2174.21
2026-06-01,CC400,2000,640000,2868.01
2026-06-01,CC400,3000,600000,41923.7
2026-06-01,CC400,3000,600100,8428.21
2026-06-01,CC400,3000,600200,3258.68
2026-06-01,CC400,3000,630000,2768.37
2026-06-01,CC400,3000,620000,1179.11
2026-06-01,CC400,3000,640000,1486.41
2026-06-01,CC500,1000,600000,103685.44
2026-06-01,CC500,1000,600100,20674.1
2026-06-01,CC500,1000,600200,8082.21
2026-06-01,CC500,1000,500000,489063.29
2026-06-01,CC500,1000,500100,209138.94
2026-06-01,CC500,2000,600000,56598.24
2026-06-01,CC500,2000,600100,11705.83
2026-06-01,CC500,2000,600200,4493.26
2026-06-01,CC500,2000,500000,246718.05
2026-06-01,CC500,2000,500100,110348.25
2026-06-01,CC500,3000,600000,28109.4
2026-06-01,CC500,3000,600100,5791.71
2026-06-01,CC500,3000,600200,2214.6
2026-06-01,CC500,3000,500000,143165.96
2026-06-01,CC500,3000,500100,53840.72
2026-07-01,CC100,1000,600000,278871.24
2026-07-01,CC100,1000,600100,57007.83
2026-07-01,CC100,1000,600200,21322.81
2026-07-01,CC100,1000,610000,129436.36
2026-07-01,CC100,1000,620000,15271.87
2026-07-01,CC100,1000,630000,16209.45
2026-07-01,CC100,1000,640000,10059.56
2026-07-01,CC100,2000,600000,154961.48
2026-07-01,CC100,2000,600100,30538.66
2026-07-01,CC100,2000,600200,11907.64
2026-07-01,CC100,2000,610000,73150.15
2026-07-01,CC100,2000,620000,10168.26
2026-07-01,CC100,2000,630000,7054.64
2026-07-01,CC100,2000,640000,6021.85
2026-07-01,CC100,3000,600000,74982.79
2026-07-01,CC100,3000,600100,15674.2
2026-07-01,CC100,3000,600200,6029.32
2026-07-01,CC100,3000,610000,37207.08
2026-07-01,CC100,3000,620000,4930.55
2026-07-01,CC100,3000,630000,3554.54
2026-07-01,CC100,3000,640000,3144.54
2026-07-01,CC200,1000,600000,552475.77
2026-07-01,CC200,1000,600100,108027.34
2026-07-01,CC200,1000,600200,43146.62
2026-07-01,CC200,1000,630000,49441.84
2026-07-01,CC200,1000,640000,23794.94
2026-07-01,CC200,1000,620000,9457.19
2026-07-01,CC200,1000,660000,17867.04
2026-07-01,CC200,2000,600000,302815.66
2026-07-01,CC200,2000,600100,62131.45
2026-07-01,CC200,2000,600200,22380.96
2026-07-01,CC200,2000,630000,24380.53
2026-07-01,CC200,2000,640000,14773.23
2026-07-01,CC200,2000,620000,5614.07
2026-07-01,CC200,2000,660000,12005.41
2026-07-01,CC200,3000,600000,149144.54
2026-07-01,CC200,3000,600100,29701.26
2026-07-01,CC200,3000,600200,11584.34
2026-07-01,CC200,3000,630000,13201.05
2026-07-01,CC200,3000,640000,5579.55
2026-07-01,CC200,3000,620000,2872.67
2026-07-01,CC200,3000,660000,5888.76
2026-07-01,CC300,1000,600000,86851.85
2026-07-01,CC300,1000,600100,17417.67
2026-07-01,CC300,1000,600200,6766.19
2026-07-01,CC300,1000,650000,13486.88
2026-07-01,CC300,1000,630000,3551.39
2026-07-01,CC300,1000,640000,3598.18
2026-07-01,CC300,1000,660000,3435.45
2026-07-01,CC300,2000,600000,47257.27
2026-07-01,CC300,2000,600100,9434.09
2026-07-01,CC300,2000,600200,3587.83
2026-07-01,CC300,2000,650000,8859.32
2026-07-01,CC300,2000,630000,2039.03
2026-07-01,CC300,2000,640000,1685.2
2026-07-01,CC300,2000,660000,1879.03
2026-07-01,CC300,3000,600000,24717.28
2026-07-01,CC300,3000,600100,4888.14
2026-07-01,CC300,3000,600200,1876.53
2026-07-01,CC300,3000,650000,3736.84
2026-07-01,CC300,3000,630000,1313.64
2026-07-01,CC300,3000,640000,849.97
2026-07-01,CC300,3000,660000,938.48
2026-07-01,CC400,1000,600000,156923.84
2026-07-01,CC400,1000,600100,33204.1
2026-07-01,CC400,1000,600200,11919.02
2026-07-01,CC400,1000,630000,10743.78
2026-07-01,CC400,1000,620000,3930.7
2026-07-01,CC400,1000,640000,5969.57
2026-07-01,CC400,2000,600000,85895.21
2026-07-01,CC400,2000,600100,17385.45
2026-07-01,CC400,2000,600200,6629.84
2026-07-01,CC400,2000,630000,5491.8
2026-07-01,CC400,2000,620000,2263.9
2026-07-01,CC400,2000,640000,3343.88
2026-07-01,CC400,3000,600000,43438.03
2026-07-01,CC400,3000,600100,8932.38
2026-07-01,CC400,3000,600200,3219.79
2026-07-01,CC400,3000,630000,2978.86
2026-07-01,CC400,3000,620000,966.24
2026-07-01,CC400,3000,640000,1741.12
2026-07-01,CC500,1000,600000,106888.93
2026-07-01,CC500,1000,600100,20829.61
2026-07-01,CC500,1000,600200,8136.66
2026-07-01,CC500,1000,500000,451562.32
2026-07-01,CC500,1000,500100,187633.11
2026-07-01,CC500,2000,600000,59145.14
2026-07-01,CC500,2000,600100,11658.74
2026-07-01,CC500,2000,600200,4358.5
2026-07-01,CC500,2000,500000,260369.34
2026-07-01,CC500,2000,500100,118341.36
2026-07-01,CC500,3000,600000,28713.05
2026-07-01,CC500,3000,600100,6044.37
2026-07-01,CC500,3000,600200,2238.49
2026-07-01,CC500,3000,500000,101062.7
2026-07-01,CC500,3000,500100,52442.39
2026-08-01,CC100,1000,600000,279304.77
2026-08-01,CC100,1000,600100,58499.92
2026-08-01,CC100,1000,600200,20588.45
2026-08-01,CC100,1000,610000,159062.93
2026-08-01,CC100,1000,620000,19069.19
2026-08-01,CC100,1000,630000,14701.76
2026-08-01,CC100,1000,640000,12148.3
2026-08-01,CC100,2000,600000,161140.62
2026-08-01,CC100,2000,600100,32124.36
2026-08-01,CC100,2000,600200,12065.12
2026-08-01,CC100,2000,610000,69971.87
2026-08-01,CC100,2000,620000,9727.39
2026-08-01,CC100,2000,630000,7518.05
2026-08-01,CC100,2000,640000,5431.14
2026-08-01,CC100,3000,600000,75905.33
2026-08-01,CC100,3000,600100,15360.82
2026-08-01,CC100,3000,600200,5911.23
2026-08-01,CC100,3000,610000,28716.67
2026-08-01,CC100,3000,620000,5027.7
2026-08-01,CC100,3000,630000,3932.47
2026-08-01,CC100,3000,640000,3003.6
2026-08-01,CC200,1000,600000,555199.92
2026-08-01,CC200,1000,600100,122171.25
2026-08-01,CC200,1000,600200,44332.38
2026-08-01,CC200,1000,630000,44084.99
2026-08-01,CC200,1000,640000,22081.7
2026-08-01,CC200,1000,620000,10133.58
2026-08-01,CC200,1000,660000,20484.6
2026-08-01,CC200,2000,600000,297926.39
2026-08-01,CC200,2000,600100,63338.96
2026-08-01,CC200,2000,600200,23227.64
2026-08-01,CC200,2000,630000,30132.25
2026-08-01,CC200,2000,640000,12944.38
2026-08-01,CC200,2000,620000,6695.98
2026-08-01,CC200,2000,660000,11272.46
2026-08-01,CC200,3000,600000,155070.71
2026-08-01,CC200,3000,600100,31908.37
2026-08-01,CC200,3000,600200,11704.12
2026-08-01,CC200,3000,630000,12721.61
2026-08-01,CC200,3000,640000,6859.01
2026-08-01,CC200,3000,620000,3021.25
2026-08-01,CC200,3000,660000,6095.96
2026-08-01,CC300,1000,600000,85862.81
2026-08-01,CC300,1000,600100,17470.62
2026-08-01,CC300,1000,600200,6638.76
2026-08-01,CC300,1000,650000,16579.89
2026-08-01,CC300,1000,630000,4000.39
2026-08-01,CC300,1000,640000,3354.31
2026-08-01,CC300,1000,660000,3074.15
2026-08-01,CC300,2000,600000,46349.84
2026-08-01,CC300,2000,600100,9856.02
2026-08-01,CC300,2000,600200,3691.11
2026-08-01,CC300,2000,650000,8760.37
2026-08-01,CC300,2000,630000,2183.92
2026-08-01,CC300,2000,640000,1636.18
2026-08-01,CC300,2000,660000,1789.5
2026-08-01,CC300,3000,600000,24392.67
2026-08-01,CC300,3000,600100,5031.66
2026-08-01,CC300,3000,600200,1834.08
2026-08-01,CC300,3000,650000,4096.99
2026-08-01,CC300,3000,630000,1268.06
2026-08-01,CC300,3000,640000,849.96
2026-08-01,CC300,3000,660000,902.24
2026-08-01,CC400,1000,600000,165112.69
2026-08-01,CC400,1000,600100,33540.54
2026-08-01,CC400,1000,600200,12412.12
2026-08-01,CC400,1000,630000,8999.4
2026-08-01,CC400,1000,620000,4211.53
2026-08-01,CC400,1000,640000,6843.93
2026-08-01,CC400,2000,600000,87140.22
2026-08-01,CC400,2000,600100,18496.9
2026-08-01,CC400,2000,600200,6928.45
2026-08-01,CC400,2000,630000,6564.58
2026-08-01,CC400,2000,620000,2320.0
2026-08-01,CC400,2000,640000,3575.27
2026-08-01,CC400,3000,600000,44780.44
2026-08-01,CC400,3000,600100,9013.0
2026-08-01,CC400,3000,600200,3316.32
2026-08-01,CC400,3000,630000,2666.37
2026-08-01,CC400,3000,620000,1143.27
2026-08-01,CC400,3000,640000,1458.79
2026-08-01,CC500,1000,600000,106372.94
2026-08-01,CC500,1000,600100,22362.7
2026-08-01,CC500,1000,600200,7846.41
2026-08-01,CC500,1000,500000,552139.48
2026-08-01,CC500,1000,500100,228176.77
2026-08-01,CC500,2000,600000,58047.07
2026-08-01,CC500,2000,600100,12148.2
2026-08-01,CC500,2000,600200,4506.88
2026-08-01,CC500,2000,500000,295219.51
2026-08-01,CC500,2000,500100,123736.36
2026-08-01,CC500,3000,600000,28047.68
2026-08-01,CC500,3000,600100,5988.64
2026-08-01,CC500,3000,600200,2210.54
2026-08-01,CC500,3000,500000,130553.15
2026-08-01,CC500,3000,500100,51450.95
2026-09-01,CC100,1000,600000,294728.16
2026-09-01,CC100,1000,600100,59629.82
2026-09-01,CC100,1000,600200,21581.42
2026-09-01,CC100,1000,610000,110728.25
2026-09-01,CC100,1000,620000,17550.57
2026-09-01,CC100,1000,630000,15238.21
2026-09-01,CC100,1000,640000,11215.85
2026-09-01,CC100,2000,600000,158986.1
2026-09-01,CC100,2000,600100,32317.79
2026-09-01,CC100,2000,600200,12162.04
2026-09-01,CC100,2000,610000,71870.43
2026-09-01,CC100,2000,620000,8560.96
2026-09-01,CC100,2000,630000,7798.14
2026-09-01,CC100,2000,640000,6597.72
2026-09-01,CC100,3000,600000,77892.87
2026-09-01,CC100,3000,600100,16155.44
2026-09-01,CC100,3000,600200,5959.7
2026-09-01,CC100,3000,610000,31384.88
2026-09-01,CC100,3000,620000,4936.63
2026-09-01,CC100,3000,630000,4122.2
2026-09-01,CC100,3000,640000,2802.33
2026-09-01,CC200,1000,600000,570461.48
2026-09-01,CC200,1000,600100,115362.91
2026-09-01,CC200,1000,600200,45076.44
2026-09-01,CC200,1000,630000,49923.14
2026-09-01,CC200,1000,640000,25247.31
2026-09-01,CC200,1000,620000,12707.42
2026-09-01,CC200,1000,660000,21955.42
2026-09-01,CC200,2000,600000,305940.13
2026-09-01,CC200,2000,600100,61376.76
2026-09-01,CC200,2000,600200,23311.16
2026-09-01,CC200,2000,630000,24171.66
2026-09-01,CC200,2000,640000,13664.56
2026-09-01,CC200,2000,620000,6074.12
2026-09-01,CC200,2000,660000,12243.08
2026-09-01,CC200,3000,600000,149185.83
2026-09-01,CC200,3000,600100,31257.09
2026-09-01,CC200,3000,600200,12222.2
2026-09-01,CC200,3000,630000,14412.45
2026-09-01,CC200,3000,640000,5916.18
2026-09-01,CC200,3000,620000,3171.87
2026-09-01,CC200,3000,660000,6495.68
2026-09-01,CC300,1000,600000,87096.1
2026-09-01,CC300,1000,600100,17970.1
2026-09-01,CC300,1000,600200,6755.37
2026-09-01,CC300,1000,650000,20848.02
2026-09-01,CC300,1000,630000,3544.47
2026-09-01,CC300,1000,640000,3594.61
2026-09-01,CC300,1000,660000,3345.41
2026-09-01,CC300,2000,600000,48050.81
2026-09-01,CC300,2000,600100,9617.96
2026-09-01,CC300,2000,600200,3651.21
2026-09-01,CC300,2000,650000,9786.98
2026-09-01,CC300,2000,630000,3194.99
2026-09-01,CC300,2000,640000,1975.05
2026-09-01,CC300,2000,660000,1749.91
2026-09-01,CC300,3000,600000,23928.67
2026-09-01,CC300,3000,600100,4905.51
2026-09-01,CC300,3000,600200,1789.73
2026-09-01,CC300,3000,650000,4487.81
2026-09-01,CC300,3000,630000,1328.29
2026-09-01,CC300,3000,640000,809.93
2026-09-01,CC300,3000,660000,976.86
2026-09-01,CC400,1000,600000,162762.15
2026-09-01,CC400,1000,600100,32579.0
2026-09-01,CC400,1000,600200,12364.11
2026-09-01,CC400,1000,630000,11984.16
2026-09-01,CC400,1000,620000,4436.25
2026-09-01,CC400,1000,640000,6205.05
2026-09-01,CC400,2000,600000,87567.37
2026-09-01,CC400,2000,600100,18075.99
2026-09-01,CC400,2000,600200,6698.85
2026-09-01,CC400,2000,630000,4453.0
2026-09-01,CC400,2000,620000,2716.77
2026-09-01,CC400,2000,640000,3436.63
2026-09-01,CC400,3000,600000,44697.87
2026-09-01,CC400,3000,600100,9085.83
2026-09-01,CC400,3000,600200,3360.98
2026-09-01,CC400,3000,630000,2789.76
2026-09-01,CC400,3000,620000,955.19
2026-09-01,CC400,3000,640000,2093.94
2026-09-01,CC500,1000,600000,104264.84
2026-09-01,CC500,1000,600100,21476.49
2026-09-01,CC500,1000,600200,8151.0
2026-09-01,CC500,1000,500000,541487.77
2026-09-01,CC500,1000,500100,205883.53
2026-09-01,CC500,2000,600000,57258.29
2026-09-01,CC500,2000,600100,12345.15
2026-09-01,CC500,2000,600200,4582.16
2026-09-01,CC500,2000,500000,277625.8
2026-09-01,CC500,2000,500100,120984.26
2026-09-01,CC500,3000,600000,30301.49
2026-09-01,CC500,3000,600100,6190.86
2026-09-01,CC500,3000,600200,2193.81
2026-09-01,CC500,3000,500000,150825.28
2026-09-01,CC500,3000,500100,57739.89
2026-10-01,CC100,1000,600000,292510.67
2026-10-01,CC100,1000,600100,57398.44
2026-10-01,CC100,1000,600200,22202.52
2026-10-01,CC100,1000,610000,119394.31
2026-10-01,CC100,1000,620000,20102.69
2026-10-01,CC100,1000,630000,16443.09
2026-10-01,CC100,1000,640000,8828.4
2026-10-01,CC100,2000,600000,157904.77
2026-10-01,CC100,2000,600100,33132.08
2026-10-01,CC100,2000,600200,12106.51
2026-10-01,CC100,2000,610000,76053.98
2026-10-01,CC100,2000,620000,10482.17
2026-10-01,CC100,2000,630000,8378.04
2026-10-01,CC100,2000,640000,5911.09
2026-10-01,CC100,3000,600000,77065.31
2026-10-01,CC100,3000,600100,15839.07
2026-10-01,CC100,3000,600200,6162.14
2026-10-01,CC100,3000,610000,35511.94
2026-10-01,CC100,3000,620000,4993.15
2026-10-01,CC100,3000,630000,3878.92
2026-10-01,CC100,3000,640000,2945.25
2026-10-01,CC200,1000,600000,588634.08
2026-10-01,CC200,1000,600100,117476.13
2026-10-01,CC200,1000,600200,43161.37
2026-10-01,CC200,1000,630000,55590.59
2026-10-01,CC200,1000,640000,21721.13
2026-10-01,CC200,1000,620000,11122.54
2026-10-01,CC200,1000,660000,23957.9
2026-10-01,CC200,2000,600000,314955.49
2026-10-01,CC200,2000,600100,65006.65
2026-10-01,CC200,2000,600200,23665.83
2026-10-01,CC200,2000,630000,27655.71
2026-10-01,CC200,2000,640000,12857.32
2026-10-01,CC200,2000,620000,5116.88
2026-10-01,CC200,2000,660000,12240.35
2026-10-01,CC200,3000,600000,157860.11
2026-10-01,CC200,3000,600100,32343.1
2026-10-01,CC200,3000,600200,12370.04
2026-10-01,CC200,3000,630000,14611.28
2026-10-01,CC200,3000,640000,6954.94
2026-10-01,CC200,3000,620000,2728.64
2026-10-01,CC200,3000,660000,6100.51
2026-10-01,CC300,1000,600000,88572.71
2026-10-01,CC300,1000,600100,17750.23
2026-10-01,CC300,1000,600200,6931.89
2026-10-01,CC300,1000,650000,20957.48
2026-10-01,CC300,1000,630000,4526.82
2026-10-01,CC300,1000,640000,3572.65
2026-10-01,CC300,1000,660000,3415.27
2026-10-01,CC300,2000,600000,47678.02
2026-10-01,CC300,2000,600100,9560.41
2026-10-01,CC300,2000,600200,3668.12
2026-10-01,CC300,2000,650000,8006.86
2026-10-01,CC300,2000,630000,2903.12
2026-10-01,CC300,2000,640000,1838.91
2026-10-01,CC300,2000,660000,1828.14
2026-10-01,CC300,3000,600000,24614.23
2026-10-01,CC300,3000,600100,4849.56
2026-10-01,CC300,3000,600200,1831.79
2026-10-01,CC300,3000,650000,4682.46
2026-10-01,CC300,3000,630000,1367.8
2026-10-01,CC300,3000,640000,976.82
2026-10-01,CC300,3000,660000,941.71
2026-10-01,CC400,1000,600000,161782.4
2026-10-01,CC400,1000,600100,33399.6
2026-10-01,CC400,1000,600200,12475.5
2026-10-01,CC400,1000,630000,9288.01
2026-10-01,CC400,1000,620000,4160.88
2026-10-01,CC400,1000,640000,5545.64
2026-10-01,CC400,2000,600000,88314.4
2026-10-01,CC400,2000,600100,17912.58
2026-10-01,CC400,2000,600200,7126.88
2026-10-01,CC400,2000,630000,5629.47
2026-10-01,CC400,2000,620000,1943.33
2026-10-01,CC400,2000,640000,3345.71
2026-10-01,CC400,3000,600000,44187.29
2026-10-01,CC400,3000,600100,9271.11
2026-10-01,CC400,3000,600200,3324.42
2026-10-01,CC400,3000,630000,2359.78
2026-10-01,CC400,3000,620000,1212.96
2026-10-01,CC400,3000,640000,1449.82
2026-10-01,CC500,1000,600000,108806.93
2026-10-01,CC500,1000,600100,22399.77
2026-10-01,CC500,1000,600200,8431.66
2026-10-01,CC500,1000,500000,526476.24
2026-10-01,CC500,1000,500100,196654.89
2026-10-01,CC500,2000,600000,59384.95
2026-10-01,CC500,2000,600100,12245.09
2026-10-01,CC500,2000,600200,4606.96
2026-10-01,CC500,2000,500000,270558.91
2026-10-01,CC500,2000,500100,119837.14
2026-10-01,CC500,3000,600000,30359.79
2026-10-01,CC500,3000,600100,6172.38
2026-10-01,CC500,3000,600200,2317.44
2026-10-01,CC500,3000,500000,112772.01
2026-10-01,CC500,3000,500100,57703.62
2026-11-01,CC100,1000,600000,295591.17
2026-11-01,CC100,1000,600100,60933.7
2026-11-01,CC100,1000,600200,22209.94
2026-11-01,CC100,1000,610000,122718.87
2026-11-01,CC100,1000,620000,17690.68
2026-11-01,CC100,1000,630000,15819.93
2026-11-01,CC100,1000,640000,12425.14
2026-11-01,CC100,2000,600000,158705.54
2026-11-01,CC100,2000,600100,33418.49
2026-11-01,CC100,2000,600200,12338.82
2026-11-01,CC100,2000,610000,70906.77
2026-11-01,CC100,2000,620000,10040.2
2026-11-01,CC100,2000,630000,8818.26
2026-11-01,CC100,2000,640000,6354.58
2026-11-01,CC100,3000,600000,83646.28
2026-11-01,CC100,3000,600100,16131.51
2026-11-01,CC100,3000,600200,6217.98
2026-11-01,CC100,3000,610000,33999.76
2026-11-01,CC100,3000,620000,4682.69
2026-11-01,CC100,3000,630000,4098.35
2026-11-01,CC100,3000,640000,3119.37
2026-11-01,CC200,1000,600000,618459.89
2026-11-01,CC200,1000,600100,119426.21
2026-11-01,CC200,1000,600200,43934.34
2026-11-01,CC200,1000,630000,53873.83
2026-11-01,CC200,1000,640000,17812.4
2026-11-01,CC200,1000,620000,11134.26
2026-11-01,CC200,1000,660000,22493.2
2026-11-01,CC200,2000,600000,324108.2
2026-11-01,CC200,2000,600100,66718.05
2026-11-01,CC200,2000,600200,24294.22
2026-11-01,CC200,2000,630000,28200.39
2026-11-01,CC200,2000,640000,11330.61
2026-11-01,CC200,2000,620000,5443.24
2026-11-01,CC200,2000,660000,12460.83
2026-11-01,CC200,3000,600000,154921.59
2026-11-01,CC200,3000,600100,32338.99
2026-11-01,CC200,3000,600200,11985.14
2026-11-01,CC200,3000,630000,15050.83
2026-11-01,CC200,3000,640000,7215.71
2026-11-01,CC200,3000,620000,2659.22
2026-11-01,CC200,3000,660000,5547.77
2026-11-01,CC300,1000,600000,88388.33
2026-11-01,CC300,1000,600100,18182.05
2026-11-01,CC300,1000,600200,6845.94
2026-11-01,CC300,1000,650000,16279.77
2026-11-01,CC300,1000,630000,4452.91
2026-11-01,CC300,1000,640000,3533.31
2026-11-01,CC300,1000,660000,3585.36
2026-11-01,CC300,2000,600000,46575.01
2026-11-01,CC300,2000,600100,9869.25
2026-11-01,CC300,2000,600200,3744.42
2026-11-01,CC300,2000,650000,8465.54
2026-11-01,CC300,2000,630000,2915.96
2026-11-01,CC300,2000,640000,1745.78
2026-11-01,CC300,2000,660000,1860.39
2026-11-01,CC300,3000,600000,24504.63
2026-11-01,CC300,3000,600100,4912.52
2026-11-01,CC300,3000,600200,1795.39
2026-11-01,CC300,3000,650000,4460.82
2026-11-01,CC300,3000,630000,1370.77
2026-11-01,CC300,3000,640000,900.72
2026-11-01,CC300,3000,660000,892.67
2026-11-01,CC400,1000,600000,167027.02
2026-11-01,CC400,1000,600100,33416.64
2026-11-01,CC400,1000,600200,12485.98
2026-11-01,CC400,1000,630000,10669.35
2026-11-01,CC400,1000,620000,4528.99
2026-11-01,CC400,1000,640000,7809.57
2026-11-01,CC400,2000,600000,91256.16
2026-11-01,CC400,2000,600100,18841.71
2026-11-01,CC400,2000,600200,6835.58
2026-11-01,CC400,2000,630000,5164.21
2026-11-01,CC400,2000,620000,2316.17
2026-11-01,CC400,2000,640000,3489.73
2026-11-01,CC400,3000,600000,43571.47
2026-11-01,CC400,3000,600100,9102.75
2026-11-01,CC400,3000,600200,3452.9
2026-11-01,CC400,3000,630000,2957.5
2026-11-01,CC400,3000,620000,1199.43
2026-11-01,CC400,3000,640000,1762.61
2026-11-01,CC500,1000,600000,109751.38
2026-11-01,CC500,1000,600100,22509.97
2026-11-01,CC500,1000,600200,8324.38
2026-11-01,CC500,1000,500000,586315.01
2026-11-01,CC500,1000,500100,213509.24
2026-11-01,CC500,2000,600000,60444.58
2026-11-01,CC500,2000,600100,12223.54
2026-11-01,CC500,2000,600200,4944.81
2026-11-01,CC500,2000,500000,243207.99
2026-11-01,CC500,2000,500100,111757.25
2026-11-01,CC500,3000,600000,30167.66
2026-11-01,CC500,3000,600100,6210.87
2026-11-01,CC500,3000,600200,2345.54
2026-11-01,CC500,3000,500000,158518.53
2026-11-01,CC500,3000,500100,60448.46
2026-12-01,CC100,1000,600000,292211.55
2026-12-01,CC100,1000,600100,60919.46
2026-12-01,CC100,1000,600200,23104.17
2026-12-01,CC100,1000,610000,161653.49
2026-12-01,CC100,1000,620000,16460.87
2026-12-01,CC100,1000,630000,17149.5
2026-12-01,CC100,1000,640000,11687.97
2026-12-01,CC100,2000,600000,165634.39
2026-12-01,CC100,2000,600100,33348.18
2026-12-01,CC100,2000,600200,12320.0
2026-12-01,CC100,2000,610000,78587.0
2026-12-01,CC100,2000,620000,11126.0
2026-12-01,CC100,2000,630000,9166.15
2026-12-01,CC100,2000,640000,6257.23
2026-12-01,CC100,3000,600000,80053.86
2026-12-01,CC100,3000,600100,16102.53
2026-12-01,CC100,3000,600200,6334.9
2026-12-01,CC100,3000,610000,37898.93
2026-12-01,CC100,3000,620000,4692.34
2026-12-01,CC100,3000,630000,3931.39
2026-12-01,CC100,3000,640000,2970.92
2026-12-01,CC200,1000,600000,575677.91
2026-12-01,CC200,1000,600100,119707.09
2026-12-01,CC200,1000,600200,44601.6
2026-12-01,CC200,1000,630000,51046.42
2026-12-01,CC200,1000,640000,21132.66
2026-12-01,CC200,1000,620000,9552.85
2026-12-01,CC200,1000,660000,25125.84
2026-12-01,CC200,2000,600000,332222.58
2026-12-01,CC200,2000,600100,65446.95
2026-12-01,CC200,2000,600200,25066.87
2026-12-01,CC200,2000,630000,30300.46
2026-12-01,CC200,2000,640000,13950.27
2026-12-01,CC200,2000,620000,5722.54
2026-12-01,CC200,2000,660000,13146.2
2026-12-01,CC200,3000,600000,159732.67
2026-12-01,CC200,3000,600100,32243.6
2026-12-01,CC200,3000,600200,12603.19
2026-12-01,CC200,3000,630000,16364.61
2026-12-01,CC200,3000,640000,7819.15
2026-12-01,CC200,3000,620000,2733.2
2026-12-01,CC200,3000,660000,6428.7
2026-12-01,CC300,1000,600000,88820.93
2026-12-01,CC300,1000,600100,18658.05
2026-12-01,CC300,1000,600200,6686.24
2026-12-01,CC300,1000,650000,15047.35
2026-12-01,CC300,1000,630000,4236.23
2026-12-01,CC300,1000,640000,3471.62
2026-12-01,CC300,1000,660000,3334.01
2026-12-01,CC300,2000,600000,49212.39
2026-12-01,CC300,2000,600100,10168.15
2026-12-01,CC300,2000,600200,3781.12
2026-12-01,CC300,2000,650000,10852.88
2026-12-01,CC300,2000,630000,2594.46
2026-12-01,CC300,2000,640000,1640.82
2026-12-01,CC300,2000,660000,1995.51
2026-12-01,CC300,3000,600000,23992.14
2026-12-01,CC300,3000,600100,5072.47
2026-12-01,CC300,3000,600200,1926.96
2026-12-01,CC300,3000,650000,4883.69
2026-12-01,CC300,3000,630000,1059.1
2026-12-01,CC300,3000,640000,848.31
2026-12-01,CC300,3000,660000,995.86
2026-12-01,CC400,1000,600000,165191.85
2026-12-01,CC400,1000,600100,34054.62
2026-12-01,CC400,1000,600200,12943.7
2026-12-01,CC400,1000,630000,11365.01
2026-12-01,CC400,1000,620000,4368.56
2026-12-01,CC400,1000,640000,6242.07
2026-12-01,CC400,2000,600000,90101.05
2026-12-01,CC400,2000,600100,18917.68
2026-12-01,CC400,2000,600200,7051.68
2026-12-01,CC400,2000,630000,5662.51
2026-12-01,CC400,2000,620000,2576.39
2026-12-01,CC400,2000,640000,3442.23
2026-12-01,CC400,3000,600000,44561.83
2026-12-01,CC400,3000,600100,9158.13
2026-12-01,CC400,3000,600200,3418.97
2026-12-01,CC400,3000,630000,2826.86
2026-12-01,CC400,3000,620000,1305.82
2026-12-01,CC400,3000,640000,1603.24
2026-12-01,CC500,1000,600000,112412.78
2026-12-01,CC500,1000,600100,22670.72
2026-12-01,CC500,1000,600200,8569.81
2026-12-01,CC500,1000,500000,426639.16
2026-12-01,CC500,1000,500100,210616.94
2026-12-01,CC500,2000,600000,60609.58
2026-12-01,CC500,2000,600100,12615.96
2026-12-01,CC500,2000,600200,4701.31
2026-12-01,CC500,2000,500000,240304.84
2026-12-01,CC500,2000,500100,129696.43
2026-12-01,CC500,3000,600000,30993.37
2026-12-01,CC500,3000,600100,6356.11
2026-12-01,CC500,3000,600200,2373.68
2026-12-01,CC500,3000,500000,131319.89
2026-12-01,CC500,3000,500100,60645.72
