period,dim1,dim2,gl_account,line_type,budget_amount,actual_amount,variance_abs,variance_pct,plan_type
2024-01-01,PC10,1000,400000,Revenue,743805.9,782098.26,38292.359999999986,0.05148165670640685,Budget
2024-02-01,PC10,1000,400000,Revenue,765910.17,785632.75,19722.579999999958,0.025750513274944445,Budget
2024-03-01,PC10,1000,400000,Revenue,798242.97,792492.75,-5750.219999999972,-0.007203596168219273,Budget
2024-04-01,PC10,1000,400000,Revenue,814608.52,806997.69,-7610.8300000000745,-0.009342929533808551,Budget
2024-05-01,PC10,1000,400000,Revenue,840439.0,821928.25,-18510.75,-0.022025096407948704,Budget
2024-06-01,PC10,1000,400000,Revenue,863528.99,836186.54,-27342.449999999953,-0.03166361560137078,Budget
2024-07-01,PC10,1000,400000,Revenue,871880.88,847383.9,-24496.97999999998,-0.028096705137059527,Budget
2024-08-01,PC10,1000,400000,Revenue,886702.03,855704.84,-30997.19000000006,-0.03495784260243552,Budget
2024-09-01,PC10,1000,400000,Revenue,915650.12,878755.22,-36894.90000000002,-0.040293665881898234,Budget
2024-10-01,PC10,1000,400000,Revenue,934806.98,902326.85,-32480.130000000005,-0.03474527971539109,Budget
2024-11-01,PC10,1000,400000,Revenue,949796.28,940726.9,-9069.380000000005,-0.009548763446409796,Budget
2024-12-01,PC10,1000,400000,Revenue,967974.43,958936.35,-9038.080000000075,-0.009337106146491983,Budget
2024-01-01,PC10,2000,400000,Revenue,405712.31,426599.05,20886.73999999999,0.05148165210959458,Budget
2024-02-01,PC10,2000,400000,Revenue,417769.19,428526.95,10757.76000000001,0.0257504867699794,Budget
2024-03-01,PC10,2000,400000,Revenue,435405.26,432268.77,-3136.4899999999907,-0.00720361072349009,Budget
2024-04-01,PC10,2000,400000,Revenue,444331.93,440180.56,-4151.369999999995,-0.009342947737291793,Budget
2024-05-01,PC10,2000,400000,Revenue,458421.27,448324.5,-10096.770000000019,-0.022025090589710243,Budget
2024-06-01,PC10,2000,400000,Revenue,471015.81,456101.75,-14914.059999999998,-0.03166360806445116,Budget
2024-07-01,PC10,2000,400000,Revenue,475571.39,462209.4,-13361.98999999999,-0.02809670699492665,Budget
2024-08-01,PC10,2000,400000,Revenue,483655.65,466748.1,-16907.550000000047,-0.03495782588293975,Budget
2024-09-01,PC10,2000,400000,Revenue,499445.52,479321.03,-20124.48999999999,-0.04029366406169784,Budget
2024-10-01,PC10,2000,400000,Revenue,509894.71,492178.28,-17716.429999999993,-0.03474527123452603,Budget
2024-11-01,PC10,2000,400000,Revenue,518070.69,513123.77,-4946.919999999984,-0.00954873552101545,Budget
2024-12-01,PC10,2000,400000,Revenue,527986.05,523056.19,-4929.860000000044,-0.009337102751104965,Budget
2024-01-01,PC10,3000,400000,Revenue,202856.15,213299.53,10443.380000000005,0.05148170267453072,Budget
2024-02-01,PC10,3000,400000,Revenue,208884.6,214263.48,5378.880000000005,0.025750486153598706,Budget
2024-03-01,PC10,3000,400000,Revenue,217702.63,216134.39,-1568.2399999999907,-0.007203587756381219,Budget
2024-04-01,PC10,3000,400000,Revenue,222165.96,220090.28,-2075.679999999993,-0.00934292544186334,Budget
2024-05-01,PC10,3000,400000,Revenue,229210.64,224162.25,-5048.390000000014,-0.022025111923251094,Budget
2024-06-01,PC10,3000,400000,Revenue,235507.9,228050.87,-7457.029999999999,-0.03166360873669206,Budget
2024-07-01,PC10,3000,400000,Revenue,237785.69,231104.7,-6680.989999999991,-0.028096686558387894,Budget
2024-08-01,PC10,3000,400000,Revenue,241827.83,233374.05,-8453.779999999999,-0.034957845836023085,Budget
2024-09-01,PC10,3000,400000,Revenue,249722.76,239660.52,-10062.24000000002,-0.04029364403949411,Budget
2024-10-01,PC10,3000,400000,Revenue,254947.35,246089.14,-8858.209999999992,-0.03474525230405412,Budget
2024-11-01,PC10,3000,400000,Revenue,259035.35,256561.88,-2473.470000000001,-0.0095487739414717,Budget
2024-12-01,PC10,3000,400000,Revenue,263993.02,261528.1,-2464.920000000013,-0.009337065048159275,Budget
2024-01-01,PC20,1000,400000,Revenue,536684.12,555250.39,18566.27000000002,0.034594409091142884,Budget
2024-02-01,PC20,1000,400000,Revenue,544527.08,574451.7,29924.619999999995,0.05495524667019315,Budget
2024-03-01,PC20,1000,400000,Revenue,554593.59,588126.3,33532.71000000008,0.06046357297422078,Budget
2024-04-01,PC20,1000,400000,Revenue,560526.09,597576.03,37049.94000000006,0.0660985111326398,Budget
2024-05-01,PC20,1000,400000,Revenue,573816.26,605028.77,31212.51000000001,0.05439460708206493,Budget
2024-06-01,PC20,1000,400000,Revenue,593322.82,620409.44,27086.619999999995,0.04565241566134267,Budget
2024-07-01,PC20,1000,400000,Revenue,602497.18,632851.43,30354.25,0.05038073373223091,Budget
2024-08-01,PC20,1000,400000,Revenue,627864.86,637037.71,9172.849999999977,0.014609592898701127,Budget
2024-09-01,PC20,1000,400000,Revenue,640735.83,651561.14,10825.310000000056,0.01689512197249849,Budget
2024-10-01,PC20,1000,400000,Revenue,650881.19,670058.7,19177.51000000001,0.02946391798478615,Budget
2024-11-01,PC20,1000,400000,Revenue,665650.09,681882.19,16232.099999999977,0.024385334342852682,Budget
2024-12-01,PC20,1000,400000,Revenue,697725.81,693258.32,-4467.490000000107,-0.0064029306870561475,Budget
2024-01-01,PC20,2000,400000,Revenue,292736.79,302863.85,10127.059999999998,0.034594421835396905,Budget
2024-02-01,PC20,2000,400000,Revenue,297014.77,313337.29,16322.51999999996,0.05495524683839783,Budget
2024-03-01,PC20,2000,400000,Revenue,302505.59,320796.17,18290.579999999958,0.06046360994519128,Budget
2024-04-01,PC20,2000,400000,Revenue,305741.5,325950.56,20209.059999999998,0.06609851786558252,Budget
2024-05-01,PC20,2000,400000,Revenue,312990.68,330015.69,17025.01000000001,0.05439462286864264,Budget
2024-06-01,PC20,2000,400000,Revenue,323630.63,338405.15,14774.520000000019,0.045652415533103334,Budget
2024-07-01,PC20,2000,400000,Revenue,328634.82,345191.69,16556.869999999995,0.05038075393228263,Budget
2024-08-01,PC20,2000,400000,Revenue,342471.74,347475.11,5003.369999999995,0.014609585012766296,Budget
2024-09-01,PC20,2000,400000,Revenue,349492.28,355396.98,5904.699999999953,0.01689507991421142,Budget
2024-10-01,PC20,2000,400000,Revenue,355026.11,365486.56,10460.450000000012,0.02946388928972016,Budget
2024-11-01,PC20,2000,400000,Revenue,363081.87,371935.74,8853.869999999995,0.02438532664822949,Budget
2024-12-01,PC20,2000,400000,Revenue,380577.72,378140.9,-2436.819999999949,-0.006402949704990479,Budget
2024-01-01,PC20,3000,400000,Revenue,146368.4,151431.92,5063.520000000019,0.034594352332880725,Budget
2024-02-01,PC20,3000,400000,Revenue,148507.38,156668.65,8161.2699999999895,0.05495531602537187,Budget
2024-03-01,PC20,3000,400000,Revenue,151252.8,160398.08,9145.279999999999,0.06046354183195286,Budget
2024-04-01,PC20,3000,400000,Revenue,152870.76,162975.28,10104.51999999999,0.0660984481270322,Budget
2024-05-01,PC20,3000,400000,Revenue,156495.35,165007.85,8512.5,0.05439458744301348,Budget
2024-06-01,PC20,3000,400000,Revenue,161815.31,169202.57,7387.260000000009,0.045652416943736715,Budget
2024-07-01,PC20,3000,400000,Revenue,164317.41,172595.85,8278.440000000002,0.05038078436119461,Budget
2024-08-01,PC20,3000,400000,Revenue,171235.87,173737.56,2501.6900000000023,0.014609614212255892,Budget
2024-09-01,PC20,3000,400000,Revenue,174746.14,177698.49,2952.3499999999767,0.01689507991421142,Budget
2024-10-01,PC20,3000,400000,Revenue,177513.05,182743.28,5230.2300000000105,0.029463918286571106,Budget
2024-11-01,PC20,3000,400000,Revenue,181540.93,185967.87,4426.940000000002,0.024385354861848525,Budget
2024-12-01,PC20,3000,400000,Revenue,190288.86,189070.45,-1218.4099999999744,-0.006402949704990479,Budget
2024-01-01,PC30,1000,400100,Revenue,151275.05,137008.51,-14266.539999999979,-0.09430861202822263,Budget
2024-02-01,PC30,1000,400100,Revenue,116387.07,124498.1,8111.029999999999,0.06969012966818391,Budget
2024-03-01,PC30,1000,400100,Revenue,142892.81,158018.44,15125.630000000005,0.10585298168606247,Budget
2024-04-01,PC30,1000,400100,Revenue,155325.47,168335.78,13010.309999999998,0.08376160072137556,Budget
2024-05-01,PC30,1000,400100,Revenue,118167.24,140832.04,22664.800000000003,0.19180273652833055,Budget
2024-06-01,PC30,1000,400100,Revenue,181572.07,219658.37,38086.29999999999,0.20975858236346584,Budget
2024-07-01,PC30,1000,400100,Revenue,147914.33,129190.93,-18723.399999999994,-0.1265827320449614,Budget
2024-08-01,PC30,1000,400100,Revenue,121447.77,138609.27,17161.499999999985,0.1413076584279809,Budget
2024-09-01,PC30,1000,400100,Revenue,183185.09,256773.27,73588.18,0.40171489939492344,Budget
2024-10-01,PC30,1000,400100,Revenue,168845.96,174893.48,6047.520000000019,0.03581678827257708,Budget
2024-11-01,PC30,1000,400100,Revenue,175895.16,195027.82,19132.660000000003,0.10877308960633142,Budget
2024-12-01,PC30,1000,400100,Revenue,202014.45,202867.2,852.75,0.004221232689047738,Budget
2024-01-01,PC30,2000,400100,Revenue,82513.66,74731.92,-7781.740000000005,-0.09430850600979286,Budget
2024-02-01,PC30,2000,400100,Revenue,63483.85,67908.05,4424.200000000004,0.06969016529400791,Budget
2024-03-01,PC30,2000,400100,Revenue,77941.53,86191.87,8250.339999999997,0.10585293873497219,Budget
2024-04-01,PC30,2000,400100,Revenue,84722.98,91819.52,7096.540000000008,0.08376169015773534,Budget
2024-05-01,PC30,2000,400100,Revenue,64454.86,76817.47,12362.61,0.1918026041791108,Budget
2024-06-01,PC30,2000,400100,Revenue,99039.31,119813.66,20774.350000000006,0.20975863018431778,Budget
2024-07-01,PC30,2000,400100,Revenue,80680.54,70467.78,-10212.759999999995,-0.12658269267905242,Budget
2024-08-01,PC30,2000,400100,Revenue,66244.24,75605.06,9360.819999999992,0.1413076819962006,Budget
2024-09-01,PC30,2000,400100,Revenue,99919.14,140058.15,40139.009999999995,0.40171492668972125,Budget
2024-10-01,PC30,2000,400100,Revenue,92097.8,95396.44,3298.6399999999994,0.035816707890959386,Budget
2024-11-01,PC30,2000,400100,Revenue,95942.81,106378.81,10436.0,0.1087731326610092,Budget
2024-12-01,PC30,2000,400100,Revenue,110189.7,110654.84,465.1399999999994,0.004221265689987353,Budget
2024-01-01,PC30,3000,400100,Revenue,41256.83,37365.96,-3890.8700000000026,-0.09430850600979286,Budget
2024-02-01,PC30,3000,400100,Revenue,31741.93,33954.03,2212.0999999999985,0.0696901543163884,Budget
2024-03-01,PC30,3000,400100,Revenue,38970.76,43095.94,4125.18,0.10585320891868673,Budget
2024-04-01,PC30,3000,400100,Revenue,42361.5,45909.76,3548.260000000002,0.08376143432125874,Budget
2024-05-01,PC30,3000,400100,Revenue,32227.43,38408.74,6181.309999999998,0.19180275932644947,Budget
2024-06-01,PC30,3000,400100,Revenue,49519.65,59906.83,10387.18,0.20975875233366956,Budget
2024-07-01,PC30,3000,400100,Revenue,40340.28,35233.89,-5106.389999999999,-0.12658290919150783,Budget
2024-08-01,PC30,3000,400100,Revenue,33122.11,37802.53,4680.419999999998,0.1413080265719786,Budget
2024-09-01,PC30,3000,400100,Revenue,49959.56,70029.07,20069.51000000001,0.4017151071786863,Budget
2024-10-01,PC30,3000,400100,Revenue,46048.9,47698.22,1649.3199999999997,0.035816707890959386,Budget
2024-11-01,PC30,3000,400100,Revenue,47971.4,53189.41,5218.010000000002,0.10877335245583832,Budget
2024-12-01,PC30,3000,400100,Revenue,55094.85,55327.42,232.5699999999997,0.004221265689987353,Budget
2024-01-01,PC40,1000,400200,Revenue,466588.71,381518.69,-85070.02000000002,-0.1823233571168064,Budget
2024-02-01,PC40,1000,400200,Revenue,462506.14,383320.62,-79185.52000000002,-0.1712096622111871,Budget
2024-03-01,PC40,1000,400200,Revenue,458853.5,385198.91,-73654.59000000003,-0.1605187494483534,Budget
2024-04-01,PC40,1000,400200,Revenue,462583.59,387458.48,-75125.11000000004,-0.16240331828459378,Budget
2024-05-01,PC40,1000,400200,Revenue,461895.49,386368.16,-75527.33000000002,-0.1635160585785326,Budget
2024-06-01,PC40,1000,400200,Revenue,463808.31,384872.44,-78935.87,-0.17019071952376186,Budget
2024-07-01,PC40,1000,400200,Revenue,462096.83,383293.6,-78803.23000000004,-0.1705340198936228,Budget
2024-08-01,PC40,1000,400200,Revenue,462890.64,380438.76,-82451.88,-0.17812388688611203,Budget
2024-09-01,PC40,1000,400200,Revenue,466019.9,383614.64,-82405.26000000001,-0.17682777065957914,Budget
2024-10-01,PC40,1000,400200,Revenue,469707.83,383521.44,-86186.39000000001,-0.18348936188694154,Budget
2024-11-01,PC40,1000,400200,Revenue,478618.47,386156.84,-92461.62999999995,-0.19318441680698187,Budget
2024-12-01,PC40,1000,400200,Revenue,489786.7,383867.8,-105918.90000000002,-0.21625515760227876,Budget
2024-01-01,PC40,2000,400200,Revenue,254502.94,208101.1,-46401.84,-0.1823233947709995,Budget
2024-02-01,PC40,2000,400200,Revenue,252276.07,209083.98,-43192.09,-0.17120961968370602,Budget
2024-03-01,PC40,2000,400200,Revenue,250283.74,210108.5,-40175.23999999999,-0.1605187776081658,Budget
2024-04-01,PC40,2000,400200,Revenue,252318.32,211340.99,-40977.330000000016,-0.16240330864599928,Budget
2024-05-01,PC40,2000,400200,Revenue,251943.0,210746.27,-41196.73000000001,-0.1635160730800221,Budget
2024-06-01,PC40,2000,400200,Revenue,252986.36,209930.42,-43055.93999999997,-0.17019075652932425,Budget
2024-07-01,PC40,2000,400200,Revenue,252052.81,209069.24,-42983.57000000001,-0.1705339845249097,Budget
2024-08-01,PC40,2000,400200,Revenue,252485.8,207512.05,-44973.75,-0.17812387864980922,Budget
2024-09-01,PC40,2000,400200,Revenue,254192.68,209244.35,-44948.32999999999,-0.17682779063504106,Budget
2024-10-01,PC40,2000,400200,Revenue,256204.26,209193.51,-47010.75,-0.18348933776510976,Budget
2024-11-01,PC40,2000,400200,Revenue,261064.61,210631.0,-50433.609999999986,-0.19318439983113755,Budget
2024-12-01,PC40,2000,400200,Revenue,267156.38,209382.44,-57773.94,-0.21625513865699184,Budget
2024-01-01,PC40,3000,400200,Revenue,127251.47,104050.55,-23200.92,-0.1823233947709995,Budget
2024-02-01,PC40,3000,400200,Revenue,126138.04,104541.99,-21596.04999999999,-0.17120965253622134,Budget
2024-03-01,PC40,3000,400200,Revenue,125141.86,105054.25,-20087.61,-0.1605187105257985,Budget
2024-04-01,PC40,3000,400200,Revenue,126159.16,105670.49,-20488.67,-0.16240334827847616,Budget
2024-05-01,PC40,3000,400200,Revenue,125971.49,105373.13,-20598.36,-0.16351604636890457,Budget
2024-06-01,PC40,3000,400200,Revenue,126493.17,104965.21,-21527.959999999992,-0.17019069092821368,Budget
2024-07-01,PC40,3000,400200,Revenue,126026.41,104534.62,-21491.790000000008,-0.1705340174333301,Budget
2024-08-01,PC40,3000,400200,Revenue,126242.91,103756.03,-22486.880000000005,-0.1781239041463794,Budget
2024-09-01,PC40,3000,400200,Revenue,127096.33,104622.17,-22474.160000000003,-0.17682776520769722,Budget
2024-10-01,PC40,3000,400200,Revenue,128102.13,104596.76,-23505.37000000001,-0.18348929873375258,Budget
2024-11-01,PC40,3000,400200,Revenue,130532.31,105315.5,-25216.809999999998,-0.19318443073596106,Budget
2024-12-01,PC40,3000,400200,Revenue,133578.19,104691.22,-28886.97,-0.21625513865699184,Budget
2024-01-01,CC100,1000,600000,Opex,219881.47,201847.05,-18034.420000000013,-0.08201882587013819,Budget
2024-02-01,CC100,1000,600000,Opex,220214.81,203553.68,-16661.130000000005,-0.07565853540913077,Budget
2024-03-01,CC100,1000,600000,Opex,222542.65,208293.17,-14249.479999999981,-0.0640303330619995,Budget
2024-04-01,CC100,1000,600000,Opex,229503.18,203822.47,-25680.709999999992,-0.11189696805072588,Budget
2024-05-01,CC100,1000,600000,Opex,233200.84,215065.74,-18135.100000000006,-0.07776601490800808,Budget
2024-06-01,CC100,1000,600000,Opex,231145.67,216307.48,-14838.190000000002,-0.06419410755131169,Budget
2024-07-01,CC100,1000,600000,Opex,237283.73,212092.43,-25191.300000000017,-0.10616530682487171,Budget
2024-08-01,CC100,1000,600000,Opex,246906.08,225590.71,-21315.369999999995,-0.0863298708561571,Budget
2024-09-01,CC100,1000,600000,Opex,230633.41,225932.09,-4701.320000000007,-0.020384384031784497,Budget
2024-10-01,CC100,1000,600000,Opex,239515.02,219465.16,-20049.859999999986,-0.0837102408024348,Budget
2024-11-01,CC100,1000,600000,Opex,242844.26,230858.36,-11985.900000000023,-0.04935632409018036,Budget
2024-12-01,CC100,1000,600000,Opex,241343.44,232273.45,-9069.98999999999,-0.03758125764677917,Budget
2024-01-01,CC100,1000,600100,Opex,43294.66,42310.82,-983.8400000000038,-0.022724280546376936,Budget
2024-02-01,CC100,1000,600100,Opex,45731.75,42868.51,-2863.239999999998,-0.06260945623117414,Budget
2024-03-01,CC100,1000,600100,Opex,46856.28,42005.88,-4850.4000000000015,-0.10351654036556042,Budget
2024-04-01,CC100,1000,600100,Opex,45616.09,42971.08,-2645.0099999999948,-0.05798414550655251,Budget
2024-05-01,CC100,1000,600100,Opex,45825.51,42982.39,-2843.1200000000026,-0.062042299147352695,Budget
2024-06-01,CC100,1000,600100,Opex,46889.86,42576.51,-4313.3499999999985,-0.09198897160281559,Budget
2024-07-01,CC100,1000,600100,Opex,47517.56,43588.55,-3929.0099999999948,-0.08268543250116367,Budget
2024-08-01,CC100,1000,600100,Opex,48819.84,44515.21,-4304.629999999997,-0.08817378344541886,Budget
2024-09-01,CC100,1000,600100,Opex,50030.65,44531.51,-5499.139999999999,-0.10991542184640814,Budget
2024-10-01,CC100,1000,600100,Opex,49388.77,45632.59,-3756.1800000000003,-0.07605332143319221,Budget
2024-11-01,CC100,1000,600100,Opex,49391.29,45668.56,-3722.730000000003,-0.07537219619086691,Budget
2024-12-01,CC100,1000,600100,Opex,50082.45,47098.35,-2984.0999999999985,-0.05958374640218277,Budget
2024-01-01,CC100,1000,600200,Opex,16357.2,16032.36,-324.84000000000015,-0.019859144596874777,Budget
2024-02-01,CC100,1000,600200,Opex,16877.33,15905.86,-971.4700000000012,-0.05756064495983672,Budget
2024-03-01,CC100,1000,600200,Opex,17001.24,15160.57,-1840.670000000002,-0.10826680877394836,Budget
2024-04-01,CC100,1000,600200,Opex,17746.72,16194.88,-1551.840000000002,-0.0874437642561556,Budget
2024-05-01,CC100,1000,600200,Opex,17764.64,15408.55,-2356.09,-0.13262807464716428,Budget
2024-06-01,CC100,1000,600200,Opex,17779.4,16812.5,-966.9000000000015,-0.05438316253641863,Budget
2024-07-01,CC100,1000,600200,Opex,18018.99,16270.9,-1748.090000000002,-0.09701376159263099,Budget
2024-08-01,CC100,1000,600200,Opex,18124.19,16093.9,-2030.289999999999,-0.11202100618013822,Budget
2024-09-01,CC100,1000,600200,Opex,18097.43,16488.12,-1609.3100000000013,-0.08892478103244501,Budget
2024-10-01,CC100,1000,600200,Opex,18332.02,17524.14,-807.880000000001,-0.04406933878536032,Budget
2024-11-01,CC100,1000,600200,Opex,18195.78,17136.25,-1059.5299999999988,-0.058229435616390116,Budget
2024-12-01,CC100,1000,600200,Opex,18633.46,17621.6,-1011.8600000000006,-0.05430338756194505,Budget
2024-01-01,CC100,1000,610000,Opex,105349.62,103853.24,-1496.37999999999,-0.014203943023240047,Budget
2024-02-01,CC100,1000,610000,Opex,108761.91,64733.56,-44028.350000000006,-0.4048140566858379,Budget
2024-03-01,CC100,1000,610000,Opex,102135.74,91723.05,-10412.690000000002,-0.1019495232520957,Budget
2024-04-01,CC100,1000,610000,Opex,102858.02,104202.81,1344.7899999999936,0.013074235728045256,Budget
2024-05-01,CC100,1000,610000,Opex,91588.38,96708.4,5120.0199999999895,0.05590250640965578,Budget
2024-06-01,CC100,1000,610000,Opex,109081.05,98253.51,-10827.540000000008,-0.09926142075090043,Budget
2024-07-01,CC100,1000,610000,Opex,107915.05,88642.76,-19272.290000000008,-0.1785876020073197,Budget
2024-08-01,CC100,1000,610000,Opex,108469.46,91088.66,-17380.800000000003,-0.16023680766918175,Budget
2024-09-01,CC100,1000,610000,Opex,134054.41,91459.36,-42595.05,-0.31774448897279844,Budget
2024-10-01,CC100,1000,610000,Opex,102649.71,107609.02,4959.309999999998,0.04831294701173532,Budget
2024-11-01,CC100,1000,610000,Opex,111601.93,97438.55,-14163.37999999999,-0.12690981240198973,Budget
2024-12-01,CC100,1000,610000,Opex,102045.11,96433.72,-5611.389999999999,-0.05498930815989124,Budget
2024-01-01,CC100,1000,620000,Opex,14248.09,12287.23,-1960.8600000000006,-0.137622656791191,Budget
2024-02-01,CC100,1000,620000,Opex,13314.99,13958.57,643.5799999999999,0.048334996871946576,Budget
2024-03-01,CC100,1000,620000,Opex,15057.65,15171.28,113.63000000000102,0.007546330270659832,Budget
2024-04-01,CC100,1000,620000,Opex,17399.58,15474.59,-1924.9900000000016,-0.1106342796780153,Budget
2024-05-01,CC100,1000,620000,Opex,13712.4,14137.6,425.2000000000007,0.031008430325836524,Budget
2024-06-01,CC100,1000,620000,Opex,14852.23,13173.73,-1678.5,-0.11301333200468887,Budget
2024-07-01,CC100,1000,620000,Opex,13938.1,13719.39,-218.71000000000095,-0.015691521799958454,Budget
2024-08-01,CC100,1000,620000,Opex,13165.04,15200.23,2035.1899999999987,0.1545904911796697,Budget
2024-09-01,CC100,1000,620000,Opex,14389.06,12454.07,-1934.9899999999998,-0.13447647031842247,Budget
2024-10-01,CC100,1000,620000,Opex,13963.13,14750.8,787.6700000000001,0.05641070447671834,Budget
2024-11-01,CC100,1000,620000,Opex,13621.54,17082.51,3460.9699999999975,0.25408066929289913,Budget
2024-12-01,CC100,1000,620000,Opex,13459.75,13150.25,-309.5,-0.022994483552814873,Budget
2024-01-01,CC100,1000,630000,Opex,11000.79,10197.39,-803.4000000000015,-0.07303111867420443,Budget
2024-02-01,CC100,1000,630000,Opex,12816.2,10683.58,-2132.620000000001,-0.16640033707339155,Budget
2024-03-01,CC100,1000,630000,Opex,11567.71,11609.44,41.73000000000138,0.003607455581096119,Budget
2024-04-01,CC100,1000,630000,Opex,10732.96,9604.92,-1128.039999999999,-0.10510055008124498,Budget
2024-05-01,CC100,1000,630000,Opex,13939.07,11274.92,-2664.1499999999996,-0.19112824600206468,Budget
2024-06-01,CC100,1000,630000,Opex,11872.0,11100.0,-772.0,-0.06502695417789757,Budget
2024-07-01,CC100,1000,630000,Opex,13134.13,10258.85,-2875.279999999999,-0.21891666977561505,Budget
2024-08-01,CC100,1000,630000,Opex,10989.1,13337.5,2348.3999999999996,0.213702669008381,Budget
2024-09-01,CC100,1000,630000,Opex,12424.75,10304.15,-2120.6000000000004,-0.17067546630716918,Budget
2024-10-01,CC100,1000,630000,Opex,12283.29,11855.5,-427.7900000000009,-0.03482698853483072,Budget
2024-11-01,CC100,1000,630000,Opex,13821.04,13346.66,-474.380000000001,-0.034323032130722506,Budget
2024-12-01,CC100,1000,630000,Opex,12425.76,12650.09,224.32999999999993,0.01805362408416064,Budget
2024-01-01,CC100,1000,640000,Opex,8420.73,6496.46,-1924.2699999999995,-0.22851581751225838,Budget
2024-02-01,CC100,1000,640000,Opex,10361.58,7844.92,-2516.66,-0.2428838072957985,Budget
2024-03-01,CC100,1000,640000,Opex,8136.63,8738.31,601.6799999999994,0.07394707636945509,Budget
2024-04-01,CC100,1000,640000,Opex,10146.41,7367.44,-2778.9700000000003,-0.27388702013815724,Budget
2024-05-01,CC100,1000,640000,Opex,8607.47,9131.99,524.5200000000004,0.06093776684670414,Budget
2024-06-01,CC100,1000,640000,Opex,8245.48,6749.5,-1495.9799999999996,-0.18143031090973474,Budget
2024-07-01,CC100,1000,640000,Opex,8804.78,8852.54,47.76000000000022,0.005424326331833415,Budget
2024-08-01,CC100,1000,640000,Opex,10224.62,6962.55,-3262.0700000000006,-0.3190407076253201,Budget
2024-09-01,CC100,1000,640000,Opex,10560.69,8075.51,-2485.1800000000003,-0.23532363889101945,Budget
2024-10-01,CC100,1000,640000,Opex,8154.52,8534.91,380.3899999999994,0.04664774873321782,Budget
2024-11-01,CC100,1000,640000,Opex,8834.86,10520.42,1685.5599999999995,0.19078513977584244,Budget
2024-12-01,CC100,1000,640000,Opex,7983.38,9418.93,1435.5500000000002,0.1798173204833041,Budget
2024-01-01,CC100,2000,600000,Opex,119944.32,108854.01,-11090.310000000012,-0.09246215243873167,Budget
2024-02-01,CC100,2000,600000,Opex,118527.15,110812.01,-7715.139999999999,-0.06509175323965859,Budget
2024-03-01,CC100,2000,600000,Opex,121081.34,115512.87,-5568.470000000001,-0.045989497638529615,Budget
2024-04-01,CC100,2000,600000,Opex,123267.56,110914.12,-12353.440000000002,-0.10021647220079641,Budget
2024-05-01,CC100,2000,600000,Opex,125502.12,113149.68,-12352.440000000002,-0.0984241541099067,Budget
2024-06-01,CC100,2000,600000,Opex,123586.4,117638.92,-5947.479999999996,-0.048124065431147736,Budget
2024-07-01,CC100,2000,600000,Opex,125510.98,121249.93,-4261.050000000003,-0.03394961938788147,Budget
2024-08-01,CC100,2000,600000,Opex,127933.03,112800.99,-15132.039999999994,-0.11828094746133969,Budget
2024-09-01,CC100,2000,600000,Opex,135146.27,115730.83,-19415.439999999988,-0.14366241850404002,Budget
2024-10-01,CC100,2000,600000,Opex,121719.47,121490.73,-228.74000000000524,-0.0018792392047057487,Budget
2024-11-01,CC100,2000,600000,Opex,132015.75,121644.34,-10371.410000000003,-0.07856191401404759,Budget
2024-12-01,CC100,2000,600000,Opex,134765.74,126738.79,-8026.949999999997,-0.059562244825724975,Budget
2024-01-01,CC100,2000,600100,Opex,24170.33,23132.75,-1037.5800000000017,-0.04292783755952036,Budget
2024-02-01,CC100,2000,600100,Opex,24272.77,23423.72,-849.0499999999993,-0.03497952644053395,Budget
2024-03-01,CC100,2000,600100,Opex,25272.41,23164.28,-2108.130000000001,-0.08341626303150357,Budget
2024-04-01,CC100,2000,600100,Opex,24857.83,23229.38,-1628.4500000000007,-0.06551054536940677,Budget
2024-05-01,CC100,2000,600100,Opex,26078.6,24040.93,-2037.6699999999983,-0.078135712806669,Budget
2024-06-01,CC100,2000,600100,Opex,24970.97,23442.67,-1528.300000000003,-0.06120306900372724,Budget
2024-07-01,CC100,2000,600100,Opex,26421.45,23873.14,-2548.3100000000013,-0.09644852950916778,Budget
2024-08-01,CC100,2000,600100,Opex,26035.25,24942.29,-1092.9599999999991,-0.04198000787394011,Budget
2024-09-01,CC100,2000,600100,Opex,27751.85,24433.94,-3317.91,-0.11955635390073094,Budget
2024-10-01,CC100,2000,600100,Opex,26748.96,23399.18,-3349.779999999999,-0.12523028932713642,Budget
2024-11-01,CC100,2000,600100,Opex,27124.46,25180.31,-1944.1499999999978,-0.07167515961608076,Budget
2024-12-01,CC100,2000,600100,Opex,27275.22,24948.83,-2326.3899999999994,-0.08529317087084905,Budget
2024-01-01,CC100,2000,600200,Opex,9020.16,8785.54,-234.61999999999898,-0.02601062508869011,Budget
2024-02-01,CC100,2000,600200,Opex,9451.08,8753.55,-697.5300000000007,-0.07380426363971108,Budget
2024-03-01,CC100,2000,600200,Opex,9087.45,8705.45,-382.0,-0.04203599469598182,Budget
2024-04-01,CC100,2000,600200,Opex,9353.34,8833.61,-519.7299999999996,-0.05556624692355881,Budget
2024-05-01,CC100,2000,600200,Opex,9707.5,9106.48,-601.0200000000004,-0.0619129539016225,Budget
2024-06-01,CC100,2000,600200,Opex,9971.5,8732.96,-1238.5400000000009,-0.12420799277942143,Budget
2024-07-01,CC100,2000,600200,Opex,9626.72,9100.87,-525.8499999999985,-0.05462400485315856,Budget
2024-08-01,CC100,2000,600200,Opex,10079.04,9086.24,-992.8000000000011,-0.09850144458202378,Budget
2024-09-01,CC100,2000,600200,Opex,10236.4,9325.16,-911.2399999999998,-0.08901957719510764,Budget
2024-10-01,CC100,2000,600200,Opex,10123.82,9187.44,-936.3799999999992,-0.09249275471116626,Budget
2024-11-01,CC100,2000,600200,Opex,10061.99,9102.38,-959.6100000000006,-0.09536980259372158,Budget
2024-12-01,CC100,2000,600200,Opex,9913.7,9426.73,-486.97000000000116,-0.04912091348336152,Budget
2024-01-01,CC100,2000,610000,Opex,54496.4,43516.98,-10979.419999999998,-0.20147055585323065,Budget
2024-02-01,CC100,2000,610000,Opex,62036.44,46239.63,-15796.810000000005,-0.2546375968704846,Budget
2024-03-01,CC100,2000,610000,Opex,54840.93,47457.96,-7382.970000000001,-0.134625178675854,Budget
2024-04-01,CC100,2000,610000,Opex,53329.36,56093.89,2764.529999999999,0.051838799490562026,Budget
2024-05-01,CC100,2000,610000,Opex,56914.63,42655.73,-14258.899999999994,-0.25053136601257,Budget
2024-06-01,CC100,2000,610000,Opex,49209.97,44387.88,-4822.090000000004,-0.09799010241217387,Budget
2024-07-01,CC100,2000,610000,Opex,57344.5,55475.54,-1868.9599999999991,-0.03259179171498573,Budget
2024-08-01,CC100,2000,610000,Opex,65067.32,48026.62,-17040.699999999997,-0.2618933744312813,Budget
2024-09-01,CC100,2000,610000,Opex,64273.94,48582.19,-15691.75,-0.2441386042305793,Budget
2024-10-01,CC100,2000,610000,Opex,44300.25,55214.29,10914.04,0.24636520109931662,Budget
2024-11-01,CC100,2000,610000,Opex,62461.99,62845.6,383.6100000000006,0.006141495011606268,Budget
2024-12-01,CC100,2000,610000,Opex,57724.48,46185.9,-11538.580000000002,-0.19989058368304055,Budget
2024-01-01,CC100,2000,620000,Opex,6888.61,6671.94,-216.67000000000007,-0.031453370128371336,Budget
2024-02-01,CC100,2000,620000,Opex,7253.27,7450.37,197.09999999999945,0.027173950507839835,Budget
2024-03-01,CC100,2000,620000,Opex,7190.3,6997.63,-192.67000000000007,-0.026795822149284464,Budget
2024-04-01,CC100,2000,620000,Opex,8204.46,7237.92,-966.539999999999,-0.11780665637957881,Budget
2024-05-01,CC100,2000,620000,Opex,8302.51,7648.88,-653.6300000000001,-0.07872679466811845,Budget
2024-06-01,CC100,2000,620000,Opex,7472.34,8312.09,839.75,0.11238112826771801,Budget
2024-07-01,CC100,2000,620000,Opex,8161.6,7904.18,-257.4200000000001,-0.031540384238384636,Budget
2024-08-01,CC100,2000,620000,Opex,8907.46,7915.01,-992.4499999999989,-0.11141784526677627,Budget
2024-09-01,CC100,2000,620000,Opex,8822.56,8792.93,-29.6299999999992,-0.0033584356467963043,Budget
2024-10-01,CC100,2000,620000,Opex,7449.97,6815.39,-634.5799999999999,-0.08517886649207983,Budget
2024-11-01,CC100,2000,620000,Opex,8028.36,6909.09,-1119.2699999999995,-0.13941452550707736,Budget
2024-12-01,CC100,2000,620000,Opex,7869.43,7582.11,-287.3200000000006,-0.036510903585139025,Budget
2024-01-01,CC100,2000,630000,Opex,6357.91,5658.72,-699.1899999999996,-0.10997167308124833,Budget
2024-02-01,CC100,2000,630000,Opex,5865.48,5170.69,-694.79,-0.1184540736649004,Budget
2024-03-01,CC100,2000,630000,Opex,6924.46,6136.79,-787.6700000000001,-0.11375183046764659,Budget
2024-04-01,CC100,2000,630000,Opex,6625.7,5648.03,-977.6700000000001,-0.1475572392350997,Budget
2024-05-01,CC100,2000,630000,Opex,7948.28,5630.61,-2317.67,-0.291593904593195,Budget
2024-06-01,CC100,2000,630000,Opex,5961.49,5607.32,-354.1700000000001,-0.05940964423323701,Budget
2024-07-01,CC100,2000,630000,Opex,7244.9,6084.2,-1160.6999999999998,-0.1602092506452815,Budget
2024-08-01,CC100,2000,630000,Opex,7310.18,4426.4,-2883.7800000000007,-0.394488234215847,Budget
2024-09-01,CC100,2000,630000,Opex,7181.87,6418.5,-763.3699999999999,-0.10629125840484441,Budget
2024-10-01,CC100,2000,630000,Opex,7039.81,6399.55,-640.2600000000002,-0.0909484773026545,Budget
2024-11-01,CC100,2000,630000,Opex,7330.42,6393.74,-936.6800000000003,-0.1277798543603232,Budget
2024-12-01,CC100,2000,630000,Opex,7024.86,6942.65,-82.21000000000004,-0.011702724324755233,Budget
2024-01-01,CC100,2000,640000,Opex,3801.37,4374.49,573.1199999999999,0.15076669726966854,Budget
2024-02-01,CC100,2000,640000,Opex,4462.66,3702.78,-759.8799999999997,-0.1702751273903904,Budget
2024-03-01,CC100,2000,640000,Opex,3932.36,4857.57,925.2099999999996,0.23528110345950004,Budget
2024-04-01,CC100,2000,640000,Opex,4451.45,4442.4,-9.050000000000182,-0.0020330454121691094,Budget
2024-05-01,CC100,2000,640000,Opex,4778.41,4410.92,-367.4899999999998,-0.07690633495242137,Budget
2024-06-01,CC100,2000,640000,Opex,5248.29,5176.21,-72.07999999999993,-0.013733997168601568,Budget
2024-07-01,CC100,2000,640000,Opex,5134.1,4865.09,-269.0100000000002,-0.05239671997039407,Budget
2024-08-01,CC100,2000,640000,Opex,4608.67,4509.52,-99.14999999999964,-0.02151379899189997,Budget
2024-09-01,CC100,2000,640000,Opex,4721.97,5051.93,329.96000000000004,0.06987761463965252,Budget
2024-10-01,CC100,2000,640000,Opex,5995.01,4526.65,-1468.3600000000006,-0.2449303670886288,Budget
2024-11-01,CC100,2000,640000,Opex,4376.49,4178.53,-197.96000000000004,-0.045232595070478866,Budget
2024-12-01,CC100,2000,640000,Opex,5790.07,4514.21,-1275.8599999999997,-0.22035312181027167,Budget
2024-01-01,CC100,3000,600000,Opex,61262.64,54422.87,-6839.769999999997,-0.1116466740577944,Budget
2024-02-01,CC100,3000,600000,Opex,58549.01,54748.92,-3800.090000000004,-0.06490442793140318,Budget
2024-03-01,CC100,3000,600000,Opex,59632.44,56205.8,-3426.6399999999994,-0.057462683063111274,Budget
2024-04-01,CC100,3000,600000,Opex,61360.88,56328.86,-5032.019999999997,-0.08200697252060266,Budget
2024-05-01,CC100,3000,600000,Opex,62730.66,57813.79,-4916.870000000003,-0.0783806515027899,Budget
2024-06-01,CC100,3000,600000,Opex,62254.05,57717.42,-4536.630000000005,-0.07287284923631482,Budget
2024-07-01,CC100,3000,600000,Opex,63686.7,59037.24,-4649.459999999999,-0.07300519574730673,Budget
2024-08-01,CC100,3000,600000,Opex,62974.9,58988.15,-3986.75,-0.06330696833182745,Budget
2024-09-01,CC100,3000,600000,Opex,63903.44,58755.8,-5147.639999999999,-0.08055340995727302,Budget
2024-10-01,CC100,3000,600000,Opex,65142.11,62601.3,-2540.8099999999977,-0.039004109630467874,Budget
2024-11-01,CC100,3000,600000,Opex,66390.64,59898.33,-6492.309999999998,-0.09778953780231668,Budget
2024-12-01,CC100,3000,600000,Opex,63884.65,62344.86,-1539.7900000000009,-0.024102660028661044,Budget
2024-01-01,CC100,3000,600100,Opex,12429.64,11443.64,-986.0,-0.07932651307680673,Budget
2024-02-01,CC100,3000,600100,Opex,12115.16,11569.26,-545.8999999999996,-0.045059248082567595,Budget
2024-03-01,CC100,3000,600100,Opex,12463.91,11457.54,-1006.369999999999,-0.08074272038228766,Budget
2024-04-01,CC100,3000,600100,Opex,13132.53,12241.99,-890.5400000000009,-0.06781176209001623,Budget
2024-05-01,CC100,3000,600100,Opex,13085.59,11662.58,-1423.0100000000002,-0.10874633852963453,Budget
2024-06-01,CC100,3000,600100,Opex,13166.4,11559.05,-1607.3500000000004,-0.1220796876898773,Budget
2024-07-01,CC100,3000,600100,Opex,13284.25,11697.61,-1586.6399999999994,-0.11943767995935031,Budget
2024-08-01,CC100,3000,600100,Opex,13695.26,12243.53,-1451.7299999999996,-0.10600236870274822,Budget
2024-09-01,CC100,3000,600100,Opex,13325.57,12421.89,-903.6800000000003,-0.0678154855664711,Budget
2024-10-01,CC100,3000,600100,Opex,13162.45,12796.02,-366.4300000000003,-0.027839042123616823,Budget
2024-11-01,CC100,3000,600100,Opex,14111.03,12225.07,-1885.960000000001,-0.13365147689431606,Budget
2024-12-01,CC100,3000,600100,Opex,13646.48,12578.83,-1067.6499999999996,-0.07823629243585156,Budget
2024-01-01,CC100,3000,600200,Opex,4641.11,4214.95,-426.15999999999985,-0.09182286134136013,Budget
2024-02-01,CC100,3000,600200,Opex,4535.26,4346.21,-189.05000000000018,-0.04168448997411398,Budget
2024-03-01,CC100,3000,600200,Opex,4784.22,4335.66,-448.5600000000004,-0.0937582301817225,Budget
2024-04-01,CC100,3000,600200,Opex,4885.53,4264.91,-620.6199999999999,-0.12703227694845798,Budget
2024-05-01,CC100,3000,600200,Opex,4912.37,4356.82,-555.5500000000002,-0.11309205129092478,Budget
2024-06-01,CC100,3000,600200,Opex,4752.3,4387.68,-364.6199999999999,-0.0767249542326873,Budget
2024-07-01,CC100,3000,600200,Opex,5037.71,4576.13,-461.5799999999999,-0.09162496451760818,Budget
2024-08-01,CC100,3000,600200,Opex,4953.83,4416.58,-537.25,-0.10845144060252371,Budget
2024-09-01,CC100,3000,600200,Opex,4980.42,4479.91,-500.5100000000002,-0.10049554053674192,Budget
2024-10-01,CC100,3000,600200,Opex,4990.53,4608.81,-381.71999999999935,-0.07648886991962765,Budget
2024-11-01,CC100,3000,600200,Opex,4992.18,4605.79,-386.3900000000003,-0.07739905211751184,Budget
2024-12-01,CC100,3000,600200,Opex,5089.33,4765.79,-323.53999999999996,-0.0635722187399913,Budget
2024-01-01,CC100,3000,610000,Opex,29582.13,24786.57,-4795.560000000001,-0.16211003061645665,Budget
2024-02-01,CC100,3000,610000,Opex,24925.04,26155.15,1230.1100000000006,0.04935237817070707,Budget
2024-03-01,CC100,3000,610000,Opex,26882.71,26811.6,-71.11000000000058,-0.0026451946250954828,Budget
2024-04-01,CC100,3000,610000,Opex,28749.09,26180.0,-2569.09,-0.08936248069069318,Budget
2024-05-01,CC100,3000,610000,Opex,31363.52,25850.93,-5512.59,-0.1757643912417994,Budget
2024-06-01,CC100,3000,610000,Opex,28884.26,29414.66,530.4000000000015,0.01836294230837146,Budget
2024-07-01,CC100,3000,610000,Opex,30186.55,28566.08,-1620.4699999999975,-0.05368185499833527,Budget
2024-08-01,CC100,3000,610000,Opex,28355.48,26521.96,-1833.5200000000004,-0.06466192778256621,Budget
2024-09-01,CC100,3000,610000,Opex,27830.42,29094.69,1264.2700000000004,0.04542762919136688,Budget
2024-10-01,CC100,3000,610000,Opex,33235.44,26728.21,-6507.230000000003,-0.19579190165678573,Budget
2024-11-01,CC100,3000,610000,Opex,27701.6,25731.48,-1970.119999999999,-0.07111935772662947,Budget
2024-12-01,CC100,3000,610000,Opex,31782.62,24451.35,-7331.27,-0.23066915188238102,Budget
2024-01-01,CC100,3000,620000,Opex,4488.75,3739.78,-748.9699999999998,-0.16685491506544134,Budget
2024-02-01,CC100,3000,620000,Opex,3843.48,3811.8,-31.679999999999836,-0.008242530206999863,Budget
2024-03-01,CC100,3000,620000,Opex,3651.18,3091.35,-559.8299999999999,-0.1533285129738879,Budget
2024-04-01,CC100,3000,620000,Opex,3950.26,4415.26,465.0,0.11771377073914122,Budget
2024-05-01,CC100,3000,620000,Opex,4260.9,3280.27,-980.6299999999997,-0.23014621324133394,Budget
2024-06-01,CC100,3000,620000,Opex,3678.98,3681.61,2.630000000000109,0.0007148720569288523,Budget
2024-07-01,CC100,3000,620000,Opex,4088.76,3462.18,-626.5800000000004,-0.1532445044463359,Budget
2024-08-01,CC100,3000,620000,Opex,4706.87,3409.01,-1297.8599999999997,-0.2757373796174527,Budget
2024-09-01,CC100,3000,620000,Opex,4454.54,3882.2,-572.3400000000001,-0.12848464712405774,Budget
2024-10-01,CC100,3000,620000,Opex,3904.41,3848.12,-56.289999999999964,-0.014417030998281422,Budget
2024-11-01,CC100,3000,620000,Opex,4463.24,3672.37,-790.8699999999999,-0.17719638648156943,Budget
2024-12-01,CC100,3000,620000,Opex,4345.44,3979.54,-365.89999999999964,-0.08420321072204418,Budget
2024-01-01,CC100,3000,630000,Opex,3390.56,2838.67,-551.8899999999999,-0.16277252135340473,Budget
2024-02-01,CC100,3000,630000,Opex,3157.75,2990.04,-167.71000000000004,-0.053110600902541376,Budget
2024-03-01,CC100,3000,630000,Opex,3674.42,2226.72,-1447.7000000000003,-0.3939941541794352,Budget
2024-04-01,CC100,3000,630000,Opex,3186.03,2939.73,-246.30000000000018,-0.07730624005423684,Budget
2024-05-01,CC100,3000,630000,Opex,2837.84,2624.63,-213.21000000000004,-0.07513108561441097,Budget
2024-06-01,CC100,3000,630000,Opex,3900.36,2827.89,-1072.4700000000003,-0.27496692612989576,Budget
2024-07-01,CC100,3000,630000,Opex,2838.96,3010.01,171.05000000000018,0.06025093696283152,Budget
2024-08-01,CC100,3000,630000,Opex,3508.89,3082.08,-426.80999999999995,-0.12163675692312953,Budget
2024-09-01,CC100,3000,630000,Opex,3649.89,3222.21,-427.67999999999984,-0.11717613407527346,Budget
2024-10-01,CC100,3000,630000,Opex,3072.36,2961.35,-111.01000000000022,-0.036131833509094054,Budget
2024-11-01,CC100,3000,630000,Opex,3457.05,3367.34,-89.71000000000004,-0.025949870554374404,Budget
2024-12-01,CC100,3000,630000,Opex,3147.83,2212.51,-935.3199999999997,-0.29713167483631575,Budget
2024-01-01,CC100,3000,640000,Opex,1883.73,2034.79,151.05999999999995,0.08019195956957735,Budget
2024-02-01,CC100,3000,640000,Opex,2672.91,1995.66,-677.2499999999998,-0.25337553452978206,Budget
2024-03-01,CC100,3000,640000,Opex,1983.62,2048.46,64.84000000000015,0.03268771236426339,Budget
2024-04-01,CC100,3000,640000,Opex,2506.05,2161.42,-344.6300000000001,-0.13751920352746358,Budget
2024-05-01,CC100,3000,640000,Opex,2795.57,2358.27,-437.3000000000002,-0.15642605980175783,Budget
2024-06-01,CC100,3000,640000,Opex,2122.56,2279.85,157.28999999999996,0.07410391225689732,Budget
2024-07-01,CC100,3000,640000,Opex,2189.68,2402.65,212.97000000000025,0.09726078696430542,Budget
2024-08-01,CC100,3000,640000,Opex,2606.65,2052.19,-554.46,-0.2127097999347822,Budget
2024-09-01,CC100,3000,640000,Opex,2520.8,2020.76,-500.0400000000002,-0.1983655982227865,Budget
2024-10-01,CC100,3000,640000,Opex,2383.53,2371.44,-12.090000000000146,-0.005072308718581325,Budget
2024-11-01,CC100,3000,640000,Opex,2636.36,2073.67,-562.69,-0.21343443232335493,Budget
2024-12-01,CC100,3000,640000,Opex,2471.39,2323.3,-148.0899999999997,-0.059921744443410266,Budget
2024-01-01,CC200,1000,600000,Opex,377898.38,368712.8,-9185.580000000016,-0.02430701078951441,Budget
2024-02-01,CC200,1000,600000,Opex,384524.88,379733.57,-4791.309999999998,-0.012460338067071232,Budget
2024-03-01,CC200,1000,600000,Opex,382938.41,372110.2,-10828.209999999963,-0.028276635921687675,Budget
2024-04-01,CC200,1000,600000,Opex,395652.11,382602.0,-13050.109999999986,-0.03298379983364675,Budget
2024-05-01,CC200,1000,600000,Opex,405098.08,387385.76,-17712.320000000007,-0.04372353480421336,Budget
2024-06-01,CC200,1000,600000,Opex,421824.32,401373.48,-20450.840000000026,-0.048481889332507015,Budget
2024-07-01,CC200,1000,600000,Opex,422496.53,404827.88,-17668.650000000023,-0.04181963340621998,Budget
2024-08-01,CC200,1000,600000,Opex,450921.31,409240.84,-41680.46999999997,-0.09243402135951387,Budget
2024-09-01,CC200,1000,600000,Opex,453600.21,410197.09,-43403.119999999995,-0.09568584635355436,Budget
2024-10-01,CC200,1000,600000,Opex,433168.09,416346.56,-16821.530000000028,-0.0388337238784141,Budget
2024-11-01,CC200,1000,600000,Opex,448173.16,429747.53,-18425.629999999946,-0.04111274758176047,Budget
2024-12-01,CC200,1000,600000,Opex,441416.58,418861.84,-22554.73999999999,-0.05109626829150819,Budget
2024-01-01,CC200,1000,600100,Opex,78559.39,75665.61,-2893.779999999999,-0.036835571151965396,Budget
2024-02-01,CC200,1000,600100,Opex,82068.38,78463.21,-3605.1699999999983,-0.0439288554251954,Budget
2024-03-01,CC200,1000,600100,Opex,82887.82,77445.34,-5442.4800000000105,-0.06566079310566993,Budget
2024-04-01,CC200,1000,600100,Opex,82427.76,78762.38,-3665.37999999999,-0.04446778609536387,Budget
2024-05-01,CC200,1000,600100,Opex,85561.67,82416.29,-3145.3800000000047,-0.03676155456058776,Budget
2024-06-01,CC200,1000,600100,Opex,87085.23,83336.66,-3748.5699999999924,-0.043044842391757966,Budget
2024-07-01,CC200,1000,600100,Opex,86135.29,85180.24,-955.0499999999884,-0.01108778991746575,Budget
2024-08-01,CC200,1000,600100,Opex,87516.74,82951.98,-4564.760000000009,-0.052158707008510705,Budget
2024-09-01,CC200,1000,600100,Opex,88311.93,86700.1,-1611.8299999999872,-0.018251554461554485,Budget
2024-10-01,CC200,1000,600100,Opex,90804.32,84758.65,-6045.670000000013,-0.0665791010824156,Budget
2024-11-01,CC200,1000,600100,Opex,92197.95,89904.13,-2293.8199999999924,-0.024879295038555547,Budget
2024-12-01,CC200,1000,600100,Opex,93991.97,90958.89,-3033.0800000000017,-0.03226956515540638,Budget
2024-01-01,CC200,1000,600200,Opex,29848.13,28214.49,-1633.6399999999994,-0.05473173696308611,Budget
2024-02-01,CC200,1000,600200,Opex,30052.3,29396.99,-655.3099999999977,-0.021805652146424655,Budget
2024-03-01,CC200,1000,600200,Opex,30502.4,29253.46,-1248.9400000000023,-0.0409456305077634,Budget
2024-04-01,CC200,1000,600200,Opex,30033.48,30456.74,423.26000000000204,0.014092938946802103,Budget
2024-05-01,CC200,1000,600200,Opex,31411.47,30781.84,-629.630000000001,-0.020044588807846337,Budget
2024-06-01,CC200,1000,600200,Opex,32515.09,31453.67,-1061.420000000002,-0.03264392009986754,Budget
2024-07-01,CC200,1000,600200,Opex,32577.07,32749.95,172.88000000000102,0.0053068001511492905,Budget
2024-08-01,CC200,1000,600200,Opex,33863.63,32152.45,-1711.1799999999967,-0.05053149942873805,Budget
2024-09-01,CC200,1000,600200,Opex,33759.56,31519.39,-2240.1699999999983,-0.06635661128284842,Budget
2024-10-01,CC200,1000,600200,Opex,35072.04,32924.85,-2147.1900000000023,-0.061222272784816685,Budget
2024-11-01,CC200,1000,600200,Opex,34898.55,32574.52,-2324.0300000000025,-0.06659388427312889,Budget
2024-12-01,CC200,1000,600200,Opex,34519.16,33824.09,-695.070000000007,-0.02013577387167031,Budget
2024-01-01,CC200,1000,620000,Opex,7597.44,7504.81,-92.6299999999992,-0.012192264762867387,Budget
2024-02-01,CC200,1000,620000,Opex,6698.23,7494.48,796.25,0.11887468779065515,Budget
2024-03-01,CC200,1000,620000,Opex,7890.74,7574.71,-316.02999999999975,-0.04005074302283433,Budget
2024-04-01,CC200,1000,620000,Opex,7392.27,6355.46,-1036.8100000000004,-0.1402559700876727,Budget
2024-05-01,CC200,1000,620000,Opex,8229.38,8535.41,306.03000000000065,0.03718749164578628,Budget
2024-06-01,CC200,1000,620000,Opex,8097.37,7326.06,-771.3099999999995,-0.09525438506576821,Budget
2024-07-01,CC200,1000,620000,Opex,8117.21,8055.4,-61.8100000000004,-0.007614685341391981,Budget
2024-08-01,CC200,1000,620000,Opex,9582.08,7965.12,-1616.96,-0.16874833021640395,Budget
2024-09-01,CC200,1000,620000,Opex,8402.65,8713.46,310.8099999999995,0.03698952116296639,Budget
2024-10-01,CC200,1000,620000,Opex,8244.26,8857.88,613.619999999999,0.07442996703160731,Budget
2024-11-01,CC200,1000,620000,Opex,9109.26,9198.77,89.51000000000022,0.00982626470207242,Budget
2024-12-01,CC200,1000,620000,Opex,8015.03,7536.44,-478.59000000000015,-0.059711566893698484,Budget
2024-01-01,CC200,1000,630000,Opex,36606.36,32304.08,-4302.279999999999,-0.11752821094476476,Budget
2024-02-01,CC200,1000,630000,Opex,35037.55,37803.74,2766.189999999995,0.0789492986809864,Budget
2024-03-01,CC200,1000,630000,Opex,32276.05,32678.73,402.6800000000003,0.01247612393709888,Budget
2024-04-01,CC200,1000,630000,Opex,37695.88,26933.96,-10761.919999999998,-0.2854932687604056,Budget
2024-05-01,CC200,1000,630000,Opex,36969.38,29442.01,-7527.369999999999,-0.20361093423800994,Budget
2024-06-01,CC200,1000,630000,Opex,36925.8,34379.76,-2546.040000000001,-0.06895016492533677,Budget
2024-07-01,CC200,1000,630000,Opex,38365.35,33615.89,-4749.459999999999,-0.12379556031679625,Budget
2024-08-01,CC200,1000,630000,Opex,39008.93,40207.73,1198.800000000003,0.03073142483016076,Budget
2024-09-01,CC200,1000,630000,Opex,36705.03,39219.83,2514.800000000003,0.0685137704559839,Budget
2024-10-01,CC200,1000,630000,Opex,40910.02,40328.24,-581.7799999999988,-0.01422096591495186,Budget
2024-11-01,CC200,1000,630000,Opex,41463.32,35641.08,-5822.239999999998,-0.14041904989759618,Budget
2024-12-01,CC200,1000,630000,Opex,47908.47,40670.64,-7237.830000000002,-0.15107620844497854,Budget
2024-01-01,CC200,1000,640000,Opex,13833.74,16484.48,2650.74,0.1916141260425597,Budget
2024-02-01,CC200,1000,640000,Opex,16109.09,15505.68,-603.4099999999999,-0.03745773349084274,Budget
2024-03-01,CC200,1000,640000,Opex,16497.18,16800.87,303.6899999999987,0.018408600742672303,Budget
2024-04-01,CC200,1000,640000,Opex,16540.6,17094.18,553.5800000000017,0.03346795158579506,Budget
2024-05-01,CC200,1000,640000,Opex,16470.55,14216.56,-2253.99,-0.1368497105439709,Budget
2024-06-01,CC200,1000,640000,Opex,15914.78,13257.32,-2657.460000000001,-0.1669806305836462,Budget
2024-07-01,CC200,1000,640000,Opex,17215.7,13476.39,-3739.3100000000013,-0.21720348286738275,Budget
2024-08-01,CC200,1000,640000,Opex,17069.83,15497.23,-1572.6000000000022,-0.09212745528221442,Budget
2024-09-01,CC200,1000,640000,Opex,13782.49,13868.16,85.67000000000007,0.006215857947293999,Budget
2024-10-01,CC200,1000,640000,Opex,16555.53,14952.11,-1603.4199999999983,-0.09685102198479893,Budget
2024-11-01,CC200,1000,640000,Opex,16658.58,16076.81,-581.7700000000023,-0.034923144709813336,Budget
2024-12-01,CC200,1000,640000,Opex,17147.58,19186.07,2038.489999999998,0.11887916545658325,Budget
2024-01-01,CC200,1000,660000,Opex,14352.91,14002.44,-350.46999999999935,-0.024418044842474406,Budget
2024-02-01,CC200,1000,660000,Opex,15379.28,15254.84,-124.44000000000051,-0.008091406099635386,Budget
2024-03-01,CC200,1000,660000,Opex,14971.39,14890.49,-80.89999999999964,-0.005403639875789732,Budget
2024-04-01,CC200,1000,660000,Opex,16757.79,14623.81,-2133.9800000000014,-0.1273425672478293,Budget
2024-05-01,CC200,1000,660000,Opex,16282.69,14501.7,-1780.9899999999998,-0.1093793470243553,Budget
2024-06-01,CC200,1000,660000,Opex,16005.58,15482.96,-522.6200000000008,-0.03265236248858216,Budget
2024-07-01,CC200,1000,660000,Opex,16747.38,16199.87,-547.5100000000002,-0.03269227783689151,Budget
2024-08-01,CC200,1000,660000,Opex,17045.44,14720.13,-2325.3099999999995,-0.13641830307695194,Budget
2024-09-01,CC200,1000,660000,Opex,16842.26,15074.4,-1767.8599999999988,-0.1049657231274187,Budget
2024-10-01,CC200,1000,660000,Opex,15656.66,15746.45,89.79000000000087,0.005734939635912185,Budget
2024-11-01,CC200,1000,660000,Opex,18692.01,16615.88,-2076.1299999999974,-0.11107045202736343,Budget
2024-12-01,CC200,1000,660000,Opex,15946.47,18108.07,2161.6000000000004,0.13555351121596193,Budget
2024-01-01,CC200,2000,600000,Opex,208844.32,204367.46,-4476.860000000015,-0.021436350291930445,Budget
2024-02-01,CC200,2000,600000,Opex,215057.9,204966.43,-10091.470000000001,-0.04692443290853301,Budget
2024-03-01,CC200,2000,600000,Opex,212889.05,211202.25,-1686.7999999999884,-0.007923376049637068,Budget
2024-04-01,CC200,2000,600000,Opex,214807.99,208297.8,-6510.190000000002,-0.03030701977147127,Budget
2024-05-01,CC200,2000,600000,Opex,232874.01,213706.51,-19167.5,-0.08230845511699653,Budget
2024-06-01,CC200,2000,600000,Opex,232964.0,212026.98,-20937.01999999999,-0.08987234079085175,Budget
2024-07-01,CC200,2000,600000,Opex,231832.55,220812.99,-11019.559999999998,-0.04753241078528446,Budget
2024-08-01,CC200,2000,600000,Opex,238287.19,224084.1,-14203.089999999997,-0.05960492462897395,Budget
2024-09-01,CC200,2000,600000,Opex,247245.14,230529.25,-16715.890000000014,-0.06760856856478559,Budget
2024-10-01,CC200,2000,600000,Opex,244777.87,231762.82,-13015.049999999988,-0.05317086058474154,Budget
2024-11-01,CC200,2000,600000,Opex,241671.54,230711.61,-10959.930000000022,-0.04535051996606643,Budget
2024-12-01,CC200,2000,600000,Opex,235301.58,240188.2,4886.620000000024,0.020767476359487363,Budget
2024-01-01,CC200,2000,600100,Opex,42150.15,41069.18,-1080.9700000000012,-0.025645697583519894,Budget
2024-02-01,CC200,2000,600100,Opex,44401.12,41324.76,-3076.3600000000006,-0.06928563964152257,Budget
2024-03-01,CC200,2000,600100,Opex,45599.16,41816.4,-3782.760000000002,-0.08295679130931363,Budget
2024-04-01,CC200,2000,600100,Opex,43847.62,43605.05,-242.5699999999997,-0.0055321132595109995,Budget
2024-05-01,CC200,2000,600100,Opex,46695.27,44657.12,-2038.1499999999942,-0.043647889818390476,Budget
2024-06-01,CC200,2000,600100,Opex,48956.43,43498.57,-5457.860000000001,-0.11148402773649958,Budget
2024-07-01,CC200,2000,600100,Opex,45617.69,46827.7,1210.0099999999948,0.02652501693970025,Budget
2024-08-01,CC200,2000,600100,Opex,49396.1,46196.7,-3199.4000000000015,-0.06477029563062674,Budget
2024-09-01,CC200,2000,600100,Opex,49847.96,47356.65,-2491.3099999999977,-0.0499781736303752,Budget
2024-10-01,CC200,2000,600100,Opex,49262.6,48077.66,-1184.939999999995,-0.024053541631988466,Budget
2024-11-01,CC200,2000,600100,Opex,48736.72,48296.57,-440.15000000000146,-0.009031178134269222,Budget
2024-12-01,CC200,2000,600100,Opex,48486.31,48138.78,-347.52999999999884,-0.007167590191953128,Budget
2024-01-01,CC200,2000,600200,Opex,15963.55,15868.23,-95.31999999999971,-0.005971102918836958,Budget
2024-02-01,CC200,2000,600200,Opex,16583.39,15723.57,-859.8199999999997,-0.05184826504110437,Budget
2024-03-01,CC200,2000,600200,Opex,17024.98,16380.13,-644.8500000000004,-0.03787669647776387,Budget
2024-04-01,CC200,2000,600200,Opex,17015.0,15645.09,-1369.9099999999999,-0.08051190126359094,Budget
2024-05-01,CC200,2000,600200,Opex,17268.59,16853.06,-415.52999999999884,-0.024062763665128353,Budget
2024-06-01,CC200,2000,600200,Opex,17385.35,16744.67,-640.6800000000003,-0.03685171710664441,Budget
2024-07-01,CC200,2000,600200,Opex,17475.71,16607.56,-868.1499999999978,-0.04967752383164964,Budget
2024-08-01,CC200,2000,600200,Opex,18002.19,18250.13,247.94000000000233,0.01377276875757907,Budget
2024-09-01,CC200,2000,600200,Opex,18081.96,17294.86,-787.0999999999985,-0.043529573121497814,Budget
2024-10-01,CC200,2000,600200,Opex,18435.49,17726.17,-709.3200000000033,-0.03847578773333409,Budget
2024-11-01,CC200,2000,600200,Opex,19052.28,17542.17,-1510.1100000000006,-0.07926137974037757,Budget
2024-12-01,CC200,2000,600200,Opex,18877.6,18549.81,-327.78999999999724,-0.017363965758358968,Budget
2024-01-01,CC200,2000,620000,Opex,4494.37,4049.65,-444.7199999999998,-0.09895046469249301,Budget
2024-02-01,CC200,2000,620000,Opex,3903.13,3886.76,-16.36999999999989,-0.004194069887500517,Budget
2024-03-01,CC200,2000,620000,Opex,3752.0,3581.67,-170.32999999999993,-0.04539712153518122,Budget
2024-04-01,CC200,2000,620000,Opex,4040.41,3489.63,-550.7799999999997,-0.13631784893117277,Budget
2024-05-01,CC200,2000,620000,Opex,3805.75,4738.31,932.5600000000004,0.24503974249490912,Budget
2024-06-01,CC200,2000,620000,Opex,5529.21,3842.23,-1686.98,-0.30510326068281,Budget
2024-07-01,CC200,2000,620000,Opex,4719.7,4999.61,279.90999999999985,0.059306735597601516,Budget
2024-08-01,CC200,2000,620000,Opex,3642.16,4767.46,1125.3000000000002,0.30896500977441965,Budget
2024-09-01,CC200,2000,620000,Opex,4883.66,4148.55,-735.1099999999997,-0.15052440178063167,Budget
2024-10-01,CC200,2000,620000,Opex,4277.82,4347.4,69.57999999999993,0.016265294004890324,Budget
2024-11-01,CC200,2000,620000,Opex,5054.78,4346.37,-708.4099999999999,-0.14014655435053552,Budget
2024-12-01,CC200,2000,620000,Opex,5114.48,4258.5,-855.9799999999996,-0.1673640330981839,Budget
2024-01-01,CC200,2000,630000,Opex,16409.74,18757.16,2347.4199999999983,0.14305040786752246,Budget
2024-02-01,CC200,2000,630000,Opex,23959.06,17033.25,-6925.810000000001,-0.28906851938264694,Budget
2024-03-01,CC200,2000,630000,Opex,19413.04,18579.24,-833.7999999999993,-0.04295051161487326,Budget
2024-04-01,CC200,2000,630000,Opex,21831.4,19726.7,-2104.7000000000007,-0.09640701008638936,Budget
2024-05-01,CC200,2000,630000,Opex,22197.39,18871.65,-3325.739999999998,-0.14982572275389125,Budget
2024-06-01,CC200,2000,630000,Opex,17701.92,19307.64,1605.7200000000012,0.09070880446866789,Budget
2024-07-01,CC200,2000,630000,Opex,20479.3,21287.97,808.6700000000019,0.03948718950354758,Budget
2024-08-01,CC200,2000,630000,Opex,19381.46,17981.71,-1399.75,-0.07222108138396179,Budget
2024-09-01,CC200,2000,630000,Opex,25529.89,21653.46,-3876.4300000000003,-0.15183888375547253,Budget
2024-10-01,CC200,2000,630000,Opex,28478.63,21635.51,-6843.120000000003,-0.2402896487647054,Budget
2024-11-01,CC200,2000,630000,Opex,21484.37,22353.12,868.75,0.040436373047010456,Budget
2024-12-01,CC200,2000,630000,Opex,23021.29,18819.82,-4201.470000000001,-0.18250367377327686,Budget
2024-01-01,CC200,2000,640000,Opex,7338.36,7669.04,330.6800000000003,0.045061839430063436,Budget
2024-02-01,CC200,2000,640000,Opex,7718.26,7354.96,-363.3000000000002,-0.047070194577534336,Budget
2024-03-01,CC200,2000,640000,Opex,9954.98,8561.27,-1393.7099999999991,-0.14000128578862028,Budget
2024-04-01,CC200,2000,640000,Opex,9895.68,9716.64,-179.04000000000087,-0.018092743500194113,Budget
2024-05-01,CC200,2000,640000,Opex,9708.72,7800.81,-1907.909999999999,-0.19651509158776842,Budget
2024-06-01,CC200,2000,640000,Opex,8713.08,8342.43,-370.64999999999964,-0.042539492349433224,Budget
2024-07-01,CC200,2000,640000,Opex,7827.9,8015.27,187.3700000000008,0.023936177007882167,Budget
2024-08-01,CC200,2000,640000,Opex,8119.92,9940.11,1820.1900000000005,0.22416353855703017,Budget
2024-09-01,CC200,2000,640000,Opex,10357.07,8998.04,-1359.0299999999988,-0.1312176127032065,Budget
2024-10-01,CC200,2000,640000,Opex,9527.52,8411.02,-1116.5,-0.11718684400557543,Budget
2024-11-01,CC200,2000,640000,Opex,7294.9,9335.28,2040.380000000001,0.27969951610028937,Budget
2024-12-01,CC200,2000,640000,Opex,7904.12,8321.18,417.0600000000004,0.052764887172765645,Budget
2024-01-01,CC200,2000,660000,Opex,7745.9,7143.34,-602.5599999999995,-0.07779083127848274,Budget
2024-02-01,CC200,2000,660000,Opex,7987.16,7575.0,-412.15999999999985,-0.051602822530160894,Budget
2024-03-01,CC200,2000,660000,Opex,7762.25,7400.0,-362.25,-0.04666816966730007,Budget
2024-04-01,CC200,2000,660000,Opex,8926.28,8157.48,-768.8000000000011,-0.08612770381390691,Budget
2024-05-01,CC200,2000,660000,Opex,8935.83,9017.88,82.04999999999927,0.00918213529129351,Budget
2024-06-01,CC200,2000,660000,Opex,8437.45,8219.37,-218.07999999999993,-0.02584667168398034,Budget
2024-07-01,CC200,2000,660000,Opex,9586.74,9382.23,-204.51000000000022,-0.02133259064082266,Budget
2024-08-01,CC200,2000,660000,Opex,9999.49,8792.25,-1207.2399999999998,-0.12073015723801912,Budget
2024-09-01,CC200,2000,660000,Opex,9125.53,8327.41,-798.1200000000008,-0.08746012560366365,Budget
2024-10-01,CC200,2000,660000,Opex,9053.92,8777.76,-276.15999999999985,-0.030501705338682013,Budget
2024-11-01,CC200,2000,660000,Opex,9070.32,8592.75,-477.5699999999997,-0.052651946127589735,Budget
2024-12-01,CC200,2000,660000,Opex,9161.88,8829.06,-332.8199999999997,-0.036326605456522,Budget
2024-01-01,CC200,3000,600000,Opex,111916.64,98507.87,-13408.770000000004,-0.11981033383418234,Budget
2024-02-01,CC200,3000,600000,Opex,105382.77,102413.05,-2969.720000000001,-0.028180318281631818,Budget
2024-03-01,CC200,3000,600000,Opex,107730.07,106009.33,-1720.7400000000052,-0.015972699173035024,Budget
2024-04-01,CC200,3000,600000,Opex,110626.24,104165.57,-6460.669999999998,-0.05840088210536667,Budget
2024-05-01,CC200,3000,600000,Opex,114996.64,109966.52,-5030.119999999995,-0.043741451924160527,Budget
2024-06-01,CC200,3000,600000,Opex,118656.46,106098.94,-12557.520000000004,-0.1058309003993546,Budget
2024-07-01,CC200,3000,600000,Opex,119216.29,108709.92,-10506.369999999995,-0.08812864416431677,Budget
2024-08-01,CC200,3000,600000,Opex,115273.76,116682.18,1408.4199999999983,0.01221804511278194,Budget
2024-09-01,CC200,3000,600000,Opex,118291.63,109530.32,-8761.309999999998,-0.07406534173212422,Budget
2024-10-01,CC200,3000,600000,Opex,123658.05,113576.05,-10082.0,-0.08153128728780698,Budget
2024-11-01,CC200,3000,600000,Opex,120937.78,114526.9,-6410.880000000005,-0.05300973773456073,Budget
2024-12-01,CC200,3000,600000,Opex,123032.05,115404.78,-7627.270000000004,-0.061994171437442555,Budget
2024-01-01,CC200,3000,600100,Opex,22024.23,20178.98,-1845.25,-0.08378272475360092,Budget
2024-02-01,CC200,3000,600100,Opex,21581.17,20337.45,-1243.7199999999975,-0.05762986900154151,Budget
2024-03-01,CC200,3000,600100,Opex,22388.13,21556.59,-831.5400000000009,-0.037142003374109445,Budget
2024-04-01,CC200,3000,600100,Opex,22631.65,21838.43,-793.2200000000012,-0.03504914577593773,Budget
2024-05-01,CC200,3000,600100,Opex,23124.39,22161.86,-962.5299999999988,-0.0416240168929861,Budget
2024-06-01,CC200,3000,600100,Opex,24357.97,22568.54,-1789.4300000000003,-0.07346383955641625,Budget
2024-07-01,CC200,3000,600100,Opex,23770.81,22397.8,-1373.010000000002,-0.057760337153004125,Budget
2024-08-01,CC200,3000,600100,Opex,24072.41,23293.64,-778.7700000000004,-0.03235114390291626,Budget
2024-09-01,CC200,3000,600100,Opex,24555.51,23549.24,-1006.2699999999968,-0.0409793972920944,Budget
2024-10-01,CC200,3000,600100,Opex,24852.39,23567.18,-1285.2099999999991,-0.05171373859817906,Budget
2024-11-01,CC200,3000,600100,Opex,25017.76,24172.65,-845.109999999997,-0.033780402402133404,Budget
2024-12-01,CC200,3000,600100,Opex,25974.85,24775.38,-1199.4699999999975,-0.046178129998825694,Budget
2024-01-01,CC200,3000,600200,Opex,8208.64,7774.39,-434.2499999999991,-0.052901576875097354,Budget
2024-02-01,CC200,3000,600200,Opex,8392.38,7960.56,-431.8199999999988,-0.051453818821359236,Budget
2024-03-01,CC200,3000,600200,Opex,8444.11,7878.57,-565.5400000000009,-0.06697449464774864,Budget
2024-04-01,CC200,3000,600200,Opex,8666.78,8123.36,-543.420000000001,-0.06270148774977569,Budget
2024-05-01,CC200,3000,600200,Opex,8963.58,8162.42,-801.1599999999999,-0.08937946668630166,Budget
2024-06-01,CC200,3000,600200,Opex,8739.85,8487.33,-252.52000000000044,-0.028892944386917443,Budget
2024-07-01,CC200,3000,600200,Opex,9219.17,8638.52,-580.6499999999996,-0.06298289325394799,Budget
2024-08-01,CC200,3000,600200,Opex,9017.08,8738.07,-279.0100000000002,-0.03094238933224505,Budget
2024-09-01,CC200,3000,600200,Opex,9479.39,8495.18,-984.2099999999991,-0.10382630105945627,Budget
2024-10-01,CC200,3000,600200,Opex,9031.1,8594.35,-436.75,-0.04836066481381005,Budget
2024-11-01,CC200,3000,600200,Opex,9355.29,9189.26,-166.03000000000065,-0.01774717833439697,Budget
2024-12-01,CC200,3000,600200,Opex,9605.56,9021.98,-583.5799999999999,-0.060754396412078,Budget
2024-01-01,CC200,3000,620000,Opex,1926.9,2061.71,134.80999999999995,0.06996211531475424,Budget
2024-02-01,CC200,3000,620000,Opex,1878.78,2112.33,233.54999999999995,0.12430939226519334,Budget
2024-03-01,CC200,3000,620000,Opex,1837.88,1767.25,-70.63000000000011,-0.038430147778962774,Budget
2024-04-01,CC200,3000,620000,Opex,2443.43,2396.36,-47.06999999999971,-0.0192639036109075,Budget
2024-05-01,CC200,3000,620000,Opex,2143.15,2160.92,17.769999999999982,0.008291533490422966,Budget
2024-06-01,CC200,3000,620000,Opex,2125.65,1767.69,-357.96000000000004,-0.16840025403994074,Budget
2024-07-01,CC200,3000,620000,Opex,2100.78,2128.52,27.73999999999978,0.013204619236664371,Budget
2024-08-01,CC200,3000,620000,Opex,2461.87,2405.32,-56.54999999999973,-0.022970343681835242,Budget
2024-09-01,CC200,3000,620000,Opex,2205.97,2341.31,135.34000000000015,0.06135169562596053,Budget
2024-10-01,CC200,3000,620000,Opex,2760.12,2160.46,-599.6599999999999,-0.2172586699129023,Budget
2024-11-01,CC200,3000,620000,Opex,2449.49,1774.25,-675.2399999999998,-0.2756655467056407,Budget
2024-12-01,CC200,3000,620000,Opex,1851.45,1854.46,3.009999999999991,0.0016257527883550681,Budget
2024-01-01,CC200,3000,630000,Opex,8722.46,10611.2,1888.7400000000016,0.2165375364289434,Budget
2024-02-01,CC200,3000,630000,Opex,10922.2,9248.99,-1673.210000000001,-0.15319349581586136,Budget
2024-03-01,CC200,3000,630000,Opex,9567.25,8546.49,-1020.7600000000002,-0.10669314588831694,Budget
2024-04-01,CC200,3000,630000,Opex,10583.77,8865.9,-1717.8700000000008,-0.16231172824050416,Budget
2024-05-01,CC200,3000,630000,Opex,10024.76,8875.48,-1149.2800000000007,-0.11464414110662006,Budget
2024-06-01,CC200,3000,630000,Opex,10897.31,7910.03,-2987.2799999999997,-0.27413003759643434,Budget
2024-07-01,CC200,3000,630000,Opex,10599.59,9524.37,-1075.2199999999993,-0.10143977267045229,Budget
2024-08-01,CC200,3000,630000,Opex,10903.68,10061.95,-841.7299999999996,-0.07719687298233253,Budget
2024-09-01,CC200,3000,630000,Opex,12863.41,10328.8,-2534.6100000000006,-0.19704028714003524,Budget
2024-10-01,CC200,3000,630000,Opex,11845.55,9839.01,-2006.539999999999,-0.16939188133940586,Budget
2024-11-01,CC200,3000,630000,Opex,11644.47,9796.76,-1847.7099999999991,-0.15867703725459376,Budget
2024-12-01,CC200,3000,630000,Opex,10713.39,10953.38,239.98999999999978,0.02240093938519925,Budget
2024-01-01,CC200,3000,640000,Opex,4375.57,4740.99,365.4200000000001,0.08351369078771453,Budget
2024-02-01,CC200,3000,640000,Opex,3864.79,3639.53,-225.25999999999976,-0.058285184964771634,Budget
2024-03-01,CC200,3000,640000,Opex,4349.53,4463.15,113.61999999999989,0.026122362646078978,Budget
2024-04-01,CC200,3000,640000,Opex,3586.89,4258.2,671.31,0.18715656181260087,Budget
2024-05-01,CC200,3000,640000,Opex,4416.56,4365.02,-51.539999999999964,-0.011669715796909803,Budget
2024-06-01,CC200,3000,640000,Opex,5138.41,3771.13,-1367.2799999999997,-0.26609009401741,Budget
2024-07-01,CC200,3000,640000,Opex,4325.25,4226.98,-98.27000000000044,-0.022720073984162866,Budget
2024-08-01,CC200,3000,640000,Opex,4903.46,4865.75,-37.710000000000036,-0.00769048794116808,Budget
2024-09-01,CC200,3000,640000,Opex,5354.56,4269.3,-1085.2600000000002,-0.20267958525070223,Budget
2024-10-01,CC200,3000,640000,Opex,4338.65,4308.2,-30.449999999999818,-0.007018312147787865,Budget
2024-11-01,CC200,3000,640000,Opex,4456.97,4689.96,232.98999999999978,0.05227542478410215,Budget
2024-12-01,CC200,3000,640000,Opex,4297.67,4275.84,-21.829999999999927,-0.005079496564417446,Budget
2024-01-01,CC200,3000,660000,Opex,4114.14,3973.18,-140.9600000000005,-0.034262324568439695,Budget
2024-02-01,CC200,3000,660000,Opex,4195.32,4149.17,-46.149999999999636,-0.011000352774043373,Budget
2024-03-01,CC200,3000,660000,Opex,4504.91,4341.15,-163.76000000000022,-0.036351447642683256,Budget
2024-04-01,CC200,3000,660000,Opex,4551.97,4021.37,-530.6000000000004,-0.11656491584962123,Budget
2024-05-01,CC200,3000,660000,Opex,4365.17,4438.98,73.80999999999949,0.016908848910809772,Budget
2024-06-01,CC200,3000,660000,Opex,4373.87,4022.45,-351.4200000000001,-0.08034532347783543,Budget
2024-07-01,CC200,3000,660000,Opex,4408.45,3838.69,-569.7599999999998,-0.12924270435186966,Budget
2024-08-01,CC200,3000,660000,Opex,4401.47,4199.67,-201.80000000000018,-0.04584831885710914,Budget
2024-09-01,CC200,3000,660000,Opex,4379.01,4318.6,-60.409999999999854,-0.013795355571236387,Budget
2024-10-01,CC200,3000,660000,Opex,4900.36,4380.98,-519.3800000000001,-0.10598813148421751,Budget
2024-11-01,CC200,3000,660000,Opex,4599.41,4353.32,-246.09000000000015,-0.05350468864484796,Budget
2024-12-01,CC200,3000,660000,Opex,4548.5,4595.69,47.1899999999996,0.01037484885126956,Budget
2024-01-01,CC300,1000,600000,Opex,91241.85,70498.72,-20743.130000000005,-0.22734227769384338,Budget
2024-02-01,CC300,1000,600000,Opex,85211.55,70942.04,-14269.51000000001,-0.16745981031914112,Budget
2024-03-01,CC300,1000,600000,Opex,87058.49,73528.36,-13530.130000000005,-0.15541425081000146,Budget
2024-04-01,CC300,1000,600000,Opex,86310.29,76126.18,-10184.11,-0.11799415805461899,Budget
2024-05-01,CC300,1000,600000,Opex,84861.19,76193.15,-8668.040000000008,-0.10214374792528844,Budget
2024-06-01,CC300,1000,600000,Opex,85951.93,75257.69,-10694.23999999999,-0.1244211735559631,Budget
2024-07-01,CC300,1000,600000,Opex,86487.04,76243.95,-10243.089999999997,-0.11843497014119106,Budget
2024-08-01,CC300,1000,600000,Opex,87071.85,74418.7,-12653.150000000009,-0.14531849271607308,Budget
2024-09-01,CC300,1000,600000,Opex,87810.71,76812.32,-10998.39,-0.12525112255669038,Budget
2024-10-01,CC300,1000,600000,Opex,86978.91,77398.05,-9580.86,-0.11015152983637068,Budget
2024-11-01,CC300,1000,600000,Opex,90130.61,78336.21,-11794.399999999994,-0.13085898342416627,Budget
2024-12-01,CC300,1000,600000,Opex,88644.38,74860.85,-13783.529999999999,-0.15549242941289676,Budget
2024-01-01,CC300,1000,600100,Opex,17770.45,14838.83,-2931.620000000001,-0.16497162424136702,Budget
2024-02-01,CC300,1000,600100,Opex,17898.23,14806.27,-3091.959999999999,-0.1727522777391954,Budget
2024-03-01,CC300,1000,600100,Opex,18287.25,15555.51,-2731.74,-0.14937948570725504,Budget
2024-04-01,CC300,1000,600100,Opex,18070.92,14995.85,-3075.069999999998,-0.17016676516746232,Budget
2024-05-01,CC300,1000,600100,Opex,17285.06,14964.84,-2320.220000000001,-0.13423268417928552,Budget
2024-06-01,CC300,1000,600100,Opex,17476.66,15014.95,-2461.709999999999,-0.14085700585809868,Budget
2024-07-01,CC300,1000,600100,Opex,17940.69,15428.31,-2512.379999999999,-0.14003809218040106,Budget
2024-08-01,CC300,1000,600100,Opex,18022.07,15615.42,-2406.6499999999996,-0.13353904407207384,Budget
2024-09-01,CC300,1000,600100,Opex,17326.55,16093.04,-1233.5099999999984,-0.07119189913745082,Budget
2024-10-01,CC300,1000,600100,Opex,18464.13,16048.59,-2415.540000000001,-0.130823385667237,Budget
2024-11-01,CC300,1000,600100,Opex,18443.35,15786.42,-2656.9299999999985,-0.14405896976416968,Budget
2024-12-01,CC300,1000,600100,Opex,17900.04,15944.8,-1955.2400000000016,-0.10923104082448987,Budget
2024-01-01,CC300,1000,600200,Opex,6830.21,5536.98,-1293.2300000000005,-0.18933971283459813,Budget
2024-02-01,CC300,1000,600200,Opex,6654.83,5551.63,-1103.1999999999998,-0.16577433232704664,Budget
2024-03-01,CC300,1000,600200,Opex,6753.81,5721.92,-1031.8900000000003,-0.1527863531843508,Budget
2024-04-01,CC300,1000,600200,Opex,6789.8,5662.33,-1127.4700000000003,-0.16605349200270997,Budget
2024-05-01,CC300,1000,600200,Opex,6886.96,5907.47,-979.4899999999998,-0.14222385493744696,Budget
2024-06-01,CC300,1000,600200,Opex,6602.64,5691.82,-910.8200000000006,-0.13794785116256536,Budget
2024-07-01,CC300,1000,600200,Opex,6726.43,5808.68,-917.75,-0.1364393890964449,Budget
2024-08-01,CC300,1000,600200,Opex,6686.87,5785.57,-901.3000000000002,-0.1347865294225849,Budget
2024-09-01,CC300,1000,600200,Opex,6779.22,5987.69,-791.5300000000007,-0.11675827012547176,Budget
2024-10-01,CC300,1000,600200,Opex,6760.24,6065.32,-694.9200000000001,-0.10279516703548988,Budget
2024-11-01,CC300,1000,600200,Opex,6704.35,5916.67,-787.6800000000003,-0.11748789964724399,Budget
2024-12-01,CC300,1000,600200,Opex,6829.74,5823.66,-1006.0799999999999,-0.1473086823217282,Budget
2024-01-01,CC300,1000,630000,Opex,4435.59,3687.35,-748.2400000000002,-0.16869007279753093,Budget
2024-02-01,CC300,1000,630000,Opex,5102.41,4070.7,-1031.71,-0.20220052876973824,Budget
2024-03-01,CC300,1000,630000,Opex,4726.68,3630.92,-1095.7600000000002,-0.23182445183511474,Budget
2024-04-01,CC300,1000,630000,Opex,4235.58,4419.67,184.09000000000015,0.04346276070809668,Budget
2024-05-01,CC300,1000,630000,Opex,4008.3,3709.06,-299.24000000000024,-0.0746550906868249,Budget
2024-06-01,CC300,1000,630000,Opex,4474.87,3945.95,-528.9200000000001,-0.11819784708829532,Budget
2024-07-01,CC300,1000,630000,Opex,4665.24,3419.6,-1245.6399999999999,-0.2670044842280354,Budget
2024-08-01,CC300,1000,630000,Opex,4700.16,4404.81,-295.34999999999945,-0.06283828635620904,Budget
2024-09-01,CC300,1000,630000,Opex,4281.19,4151.29,-129.89999999999964,-0.030342031070800326,Budget
2024-10-01,CC300,1000,630000,Opex,4718.89,3495.88,-1223.0100000000002,-0.2591732377741376,Budget
2024-11-01,CC300,1000,630000,Opex,4310.66,4137.19,-173.47000000000025,-0.04024209749783102,Budget
2024-12-01,CC300,1000,630000,Opex,4462.49,4355.47,-107.01999999999953,-0.02398212657059165,Budget
2024-01-01,CC300,1000,640000,Opex,3929.53,2680.02,-1249.5100000000002,-0.31797950391013685,Budget
2024-02-01,CC300,1000,640000,Opex,3909.11,2764.54,-1144.5700000000002,-0.29279554681244585,Budget
2024-03-01,CC300,1000,640000,Opex,3504.07,2833.0,-671.0700000000002,-0.19151158509961277,Budget
2024-04-01,CC300,1000,640000,Opex,3135.91,2989.02,-146.88999999999987,-0.046841267765975386,Budget
2024-05-01,CC300,1000,640000,Opex,2618.46,2965.25,346.78999999999996,0.1324404420919166,Budget
2024-06-01,CC300,1000,640000,Opex,3087.22,2919.47,-167.75,-0.05433691152557965,Budget
2024-07-01,CC300,1000,640000,Opex,3751.61,3171.81,-579.8000000000002,-0.15454698116275417,Budget
2024-08-01,CC300,1000,640000,Opex,3607.08,2805.39,-801.69,-0.22225456602016036,Budget
2024-09-01,CC300,1000,640000,Opex,2830.78,2517.25,-313.5300000000002,-0.11075745907488402,Budget
2024-10-01,CC300,1000,640000,Opex,3089.85,2669.95,-419.9000000000001,-0.1358965645581501,Budget
2024-11-01,CC300,1000,640000,Opex,3692.12,2958.33,-733.79,-0.1987448945321387,Budget
2024-12-01,CC300,1000,640000,Opex,3201.3,3025.42,-175.8800000000001,-0.054940180551650925,Budget
2024-01-01,CC300,1000,650000,Opex,15518.12,13190.89,-2327.2300000000014,-0.14996855289171634,Budget
2024-02-01,CC300,1000,650000,Opex,14058.28,12771.02,-1287.2600000000002,-0.0915659668181314,Budget
2024-03-01,CC300,1000,650000,Opex,17535.52,15267.99,-2267.5300000000007,-0.12931067912442862,Budget
2024-04-01,CC300,1000,650000,Opex,17246.58,15113.67,-2132.9100000000017,-0.12367147573605906,Budget
2024-05-01,CC300,1000,650000,Opex,15272.11,13020.73,-2251.380000000001,-0.14741774384809964,Budget
2024-06-01,CC300,1000,650000,Opex,14676.88,13041.41,-1635.4699999999993,-0.11143172118324872,Budget
2024-07-01,CC300,1000,650000,Opex,16767.36,16783.64,16.279999999998836,0.0009709340051146295,Budget
2024-08-01,CC300,1000,650000,Opex,19501.2,14605.75,-4895.450000000001,-0.25103326974750273,Budget
2024-09-01,CC300,1000,650000,Opex,16590.67,15339.69,-1250.9799999999977,-0.07540262087064584,Budget
2024-10-01,CC300,1000,650000,Opex,18316.99,13934.33,-4382.660000000002,-0.23926747789893435,Budget
2024-11-01,CC300,1000,650000,Opex,18935.33,14067.41,-4867.920000000002,-0.2570813394855015,Budget
2024-12-01,CC300,1000,650000,Opex,17250.85,17943.51,692.6599999999999,0.040152224383146334,Budget
2024-01-01,CC300,1000,660000,Opex,3233.72,2534.44,-699.2799999999997,-0.2162463045656395,Budget
2024-02-01,CC300,1000,660000,Opex,3212.43,2781.89,-430.53999999999996,-0.13402315381191185,Budget
2024-03-01,CC300,1000,660000,Opex,3461.7,2885.78,-575.9199999999996,-0.16636912499638895,Budget
2024-04-01,CC300,1000,660000,Opex,3357.39,2841.2,-516.19,-0.15374740497827183,Budget
2024-05-01,CC300,1000,660000,Opex,3230.45,3181.53,-48.91999999999962,-0.015143401074153639,Budget
2024-06-01,CC300,1000,660000,Opex,3383.85,2794.74,-589.1100000000001,-0.17409459639168406,Budget
2024-07-01,CC300,1000,660000,Opex,3511.62,2892.36,-619.2599999999998,-0.1763459599842807,Budget
2024-08-01,CC300,1000,660000,Opex,3471.52,2933.53,-537.9899999999998,-0.15497246163064013,Budget
2024-09-01,CC300,1000,660000,Opex,3454.33,3086.45,-367.8800000000001,-0.1064982210732617,Budget
2024-10-01,CC300,1000,660000,Opex,3266.93,2907.92,-359.00999999999976,-0.1098921617543075,Budget
2024-11-01,CC300,1000,660000,Opex,3478.82,2677.41,-801.4100000000003,-0.2303683432888164,Budget
2024-12-01,CC300,1000,660000,Opex,3452.73,3182.92,-269.80999999999995,-0.07814396144500148,Budget
2024-01-01,CC300,2000,600000,Opex,49296.22,40682.11,-8614.11,-0.17474179561840644,Budget
2024-02-01,CC300,2000,600000,Opex,46482.76,38563.28,-7919.480000000003,-0.17037456467731268,Budget
2024-03-01,CC300,2000,600000,Opex,49063.76,40149.27,-8914.490000000005,-0.18169194533806632,Budget
2024-04-01,CC300,2000,600000,Opex,49027.59,41062.26,-7965.3299999999945,-0.16246627664137672,Budget
2024-05-01,CC300,2000,600000,Opex,45924.13,43714.99,-2209.1399999999994,-0.04810412303945659,Budget
2024-06-01,CC300,2000,600000,Opex,45809.9,41393.44,-4416.459999999999,-0.09640841826766701,Budget
2024-07-01,CC300,2000,600000,Opex,45982.61,41108.63,-4873.980000000003,-0.10599615811281707,Budget
2024-08-01,CC300,2000,600000,Opex,48613.57,42195.56,-6418.010000000002,-0.13202095628854252,Budget
2024-09-01,CC300,2000,600000,Opex,47100.38,42758.03,-4342.3499999999985,-0.09219352370405502,Budget
2024-10-01,CC300,2000,600000,Opex,48699.31,42036.6,-6662.709999999999,-0.1368132320560599,Budget
2024-11-01,CC300,2000,600000,Opex,49583.42,40628.96,-8954.46,-0.1805938356006907,Budget
2024-12-01,CC300,2000,600000,Opex,49221.21,41802.73,-7418.479999999996,-0.15071714002967412,Budget
2024-01-01,CC300,2000,600100,Opex,9896.44,8045.66,-1850.7800000000007,-0.18701472448678522,Budget
2024-02-01,CC300,2000,600100,Opex,9664.38,8345.41,-1318.9699999999993,-0.1364774563914084,Budget
2024-03-01,CC300,2000,600100,Opex,9842.28,8528.72,-1313.5600000000013,-0.13346094604095812,Budget
2024-04-01,CC300,2000,600100,Opex,9933.3,8212.5,-1720.7999999999993,-0.1732354806559753,Budget
2024-05-01,CC300,2000,600100,Opex,9994.17,8544.53,-1449.6399999999994,-0.1450485633124111,Budget
2024-06-01,CC300,2000,600100,Opex,9762.89,8368.53,-1394.3599999999988,-0.14282246343039806,Budget
2024-07-01,CC300,2000,600100,Opex,9224.49,8614.03,-610.4599999999991,-0.06617818437658875,Budget
2024-08-01,CC300,2000,600100,Opex,9778.62,8792.17,-986.4500000000007,-0.10087824253320005,Budget
2024-09-01,CC300,2000,600100,Opex,9537.15,8488.55,-1048.6000000000004,-0.10994898895372311,Budget
2024-10-01,CC300,2000,600100,Opex,9722.45,8550.28,-1172.17,-0.12056323251855242,Budget
2024-11-01,CC300,2000,600100,Opex,9766.45,8597.65,-1168.800000000001,-0.11967500985516753,Budget
2024-12-01,CC300,2000,600100,Opex,9789.94,8817.37,-972.5699999999997,-0.09934381620316363,Budget
2024-01-01,CC300,2000,600200,Opex,3618.2,3098.03,-520.1699999999996,-0.1437648554529876,Budget
2024-02-01,CC300,2000,600200,Opex,3627.65,3013.66,-613.9900000000002,-0.16925282207489703,Budget
2024-03-01,CC300,2000,600200,Opex,3728.54,3119.23,-609.31,-0.16341785256427446,Budget
2024-04-01,CC300,2000,600200,Opex,3657.61,3196.87,-460.74000000000024,-0.12596750336968682,Budget
2024-05-01,CC300,2000,600200,Opex,3701.93,3154.19,-547.7399999999998,-0.1479606583592882,Budget
2024-06-01,CC300,2000,600200,Opex,3697.65,3155.65,-542.0,-0.14657958433058835,Budget
2024-07-01,CC300,2000,600200,Opex,3713.51,3201.62,-511.8900000000003,-0.13784532692789309,Budget
2024-08-01,CC300,2000,600200,Opex,3558.98,3096.36,-462.6199999999999,-0.12998668157730583,Budget
2024-09-01,CC300,2000,600200,Opex,3451.75,3233.42,-218.32999999999993,-0.06325197363656114,Budget
2024-10-01,CC300,2000,600200,Opex,3640.86,3172.09,-468.77,-0.1287525474750471,Budget
2024-11-01,CC300,2000,600200,Opex,3653.16,3293.61,-359.5499999999997,-0.09842164044279467,Budget
2024-12-01,CC300,2000,600200,Opex,3858.98,3284.03,-574.9499999999998,-0.14899014765559807,Budget
2024-01-01,CC300,2000,630000,Opex,2676.84,1866.53,-810.3100000000002,-0.30271140598616286,Budget
2024-02-01,CC300,2000,630000,Opex,2885.29,2117.31,-767.98,-0.2661708181846539,Budget
2024-03-01,CC300,2000,630000,Opex,2803.9,1892.13,-911.77,-0.3251792146652876,Budget
2024-04-01,CC300,2000,630000,Opex,1756.84,2010.59,253.75,0.14443546367341364,Budget
2024-05-01,CC300,2000,630000,Opex,2963.98,2297.87,-666.1100000000001,-0.2247349847164961,Budget
2024-06-01,CC300,2000,630000,Opex,2515.37,2398.8,-116.56999999999971,-0.046343082727391884,Budget
2024-07-01,CC300,2000,630000,Opex,2375.63,2325.25,-50.38000000000011,-0.021207006141528817,Budget
2024-08-01,CC300,2000,630000,Opex,2277.18,2207.03,-70.14999999999964,-0.03080564557918111,Budget
2024-09-01,CC300,2000,630000,Opex,2874.1,2137.05,-737.0499999999997,-0.2564454959813506,Budget
2024-10-01,CC300,2000,630000,Opex,2550.65,2210.39,-340.2600000000002,-0.1334012898672888,Budget
2024-11-01,CC300,2000,630000,Opex,2378.22,2067.09,-311.12999999999965,-0.1308247344652722,Budget
2024-12-01,CC300,2000,630000,Opex,2506.77,2458.09,-48.679999999999836,-0.019419412231676553,Budget
2024-01-01,CC300,2000,640000,Opex,1943.46,1151.56,-791.9000000000001,-0.40746915295400987,Budget
2024-02-01,CC300,2000,640000,Opex,1769.89,1755.37,-14.52000000000021,-0.008203899677381199,Budget
2024-03-01,CC300,2000,640000,Opex,1713.87,1172.02,-541.8499999999999,-0.31615583445652234,Budget
2024-04-01,CC300,2000,640000,Opex,2054.11,1505.1,-549.0100000000002,-0.26727390451339034,Budget
2024-05-01,CC300,2000,640000,Opex,1992.44,1532.13,-460.30999999999995,-0.23102828692457486,Budget
2024-06-01,CC300,2000,640000,Opex,2041.76,1380.27,-661.49,-0.3239802915132043,Budget
2024-07-01,CC300,2000,640000,Opex,1609.41,1537.32,-72.09000000000015,-0.044792812272820566,Budget
2024-08-01,CC300,2000,640000,Opex,1730.3,1815.56,85.25999999999999,0.04927469224989886,Budget
2024-09-01,CC300,2000,640000,Opex,2135.24,1678.88,-456.3599999999997,-0.21372773084056113,Budget
2024-10-01,CC300,2000,640000,Opex,2213.78,1725.14,-488.6400000000001,-0.22072654012593845,Budget
2024-11-01,CC300,2000,640000,Opex,1986.57,1545.99,-440.5799999999999,-0.221779247647956,Budget
2024-12-01,CC300,2000,640000,Opex,2009.44,1755.28,-254.16000000000008,-0.12648300023887257,Budget
2024-01-01,CC300,2000,650000,Opex,9726.97,9306.92,-420.0499999999993,-0.04318405423271577,Budget
2024-02-01,CC300,2000,650000,Opex,9602.12,7771.94,-1830.1800000000012,-0.19060165880034838,Budget
2024-03-01,CC300,2000,650000,Opex,9108.54,7698.83,-1409.710000000001,-0.1547679430512465,Budget
2024-04-01,CC300,2000,650000,Opex,9923.22,8593.45,-1329.7699999999986,-0.13400589727931042,Budget
2024-05-01,CC300,2000,650000,Opex,8447.35,8337.49,-109.86000000000058,-0.013005262005244317,Budget
2024-06-01,CC300,2000,650000,Opex,7279.73,9259.64,1979.9099999999999,0.27197574635323013,Budget
2024-07-01,CC300,2000,650000,Opex,7867.76,8403.62,535.8600000000006,0.06810833070657983,Budget
2024-08-01,CC300,2000,650000,Opex,9499.47,7613.39,-1886.079999999999,-0.1985458136085486,Budget
2024-09-01,CC300,2000,650000,Opex,9130.11,8091.26,-1038.8500000000004,-0.11378285694257795,Budget
2024-10-01,CC300,2000,650000,Opex,8299.78,7769.92,-529.8600000000006,-0.06384024636797608,Budget
2024-11-01,CC300,2000,650000,Opex,9179.29,5917.55,-3261.7400000000007,-0.3553368506714572,Budget
2024-12-01,CC300,2000,650000,Opex,9290.18,8393.3,-896.880000000001,-0.09654064829744967,Budget
2024-01-01,CC300,2000,660000,Opex,1686.03,1519.59,-166.44000000000005,-0.09871710467785275,Budget
2024-02-01,CC300,2000,660000,Opex,1729.85,1444.01,-285.8399999999999,-0.16523976067289067,Budget
2024-03-01,CC300,2000,660000,Opex,2003.73,1560.74,-442.99,-0.22108268080030744,Budget
2024-04-01,CC300,2000,660000,Opex,1682.2,1600.34,-81.86000000000013,-0.04866246581857099,Budget
2024-05-01,CC300,2000,660000,Opex,1784.86,1724.97,-59.88999999999987,-0.033554452450052036,Budget
2024-06-01,CC300,2000,660000,Opex,1708.52,1652.26,-56.25999999999999,-0.03292908482195116,Budget
2024-07-01,CC300,2000,660000,Opex,1658.47,1541.32,-117.15000000000009,-0.07063739470716991,Budget
2024-08-01,CC300,2000,660000,Opex,1880.43,1581.16,-299.27,-0.1591497689358285,Budget
2024-09-01,CC300,2000,660000,Opex,1789.22,1740.91,-48.309999999999945,-0.027000592436927793,Budget
2024-10-01,CC300,2000,660000,Opex,1737.29,1582.87,-154.42000000000007,-0.08888556314720057,Budget
2024-11-01,CC300,2000,660000,Opex,1690.77,1745.15,54.38000000000011,0.03216286070843468,Budget
2024-12-01,CC300,2000,660000,Opex,1898.42,1659.09,-239.33000000000015,-0.126067993383972,Budget
2024-01-01,CC300,3000,600000,Opex,23028.76,20123.22,-2905.5399999999972,-0.1261700586570878,Budget
2024-02-01,CC300,3000,600000,Opex,22776.84,18542.5,-4234.34,-0.1859055075243098,Budget
2024-03-01,CC300,3000,600000,Opex,23458.54,21473.7,-1984.8400000000001,-0.08461055121077442,Budget
2024-04-01,CC300,3000,600000,Opex,23361.22,20352.09,-3009.130000000001,-0.12880876940502256,Budget
2024-05-01,CC300,3000,600000,Opex,22407.17,20672.29,-1734.8799999999974,-0.07742521701758845,Budget
2024-06-01,CC300,3000,600000,Opex,24431.42,20958.47,-3472.949999999997,-0.1421509678929836,Budget
2024-07-01,CC300,3000,600000,Opex,23951.6,20221.37,-3730.2299999999996,-0.1557403263247549,Budget
2024-08-01,CC300,3000,600000,Opex,24337.57,19938.65,-4398.919999999998,-0.18074606462354287,Budget
2024-09-01,CC300,3000,600000,Opex,23517.1,21942.96,-1574.1399999999994,-0.06693597424852551,Budget
2024-10-01,CC300,3000,600000,Opex,23869.75,20636.64,-3233.1100000000006,-0.13544800427319098,Budget
2024-11-01,CC300,3000,600000,Opex,23408.68,21407.7,-2000.9799999999996,-0.0854802577505438,Budget
2024-12-01,CC300,3000,600000,Opex,24423.88,20905.97,-3517.91,-0.1440356732836879,Budget
2024-01-01,CC300,3000,600100,Opex,4769.83,4197.1,-572.7299999999996,-0.12007346173762998,Budget
2024-02-01,CC300,3000,600100,Opex,4734.48,4062.94,-671.5399999999995,-0.1418402865784626,Budget
2024-03-01,CC300,3000,600100,Opex,4678.07,4268.04,-410.02999999999975,-0.08764939387396935,Budget
2024-04-01,CC300,3000,600100,Opex,4718.95,4206.0,-512.9499999999998,-0.10870002860805897,Budget
2024-05-01,CC300,3000,600100,Opex,5059.88,4263.07,-796.8100000000004,-0.15747606662608607,Budget
2024-06-01,CC300,3000,600100,Opex,4889.99,4133.36,-756.6300000000001,-0.1547303777717337,Budget
2024-07-01,CC300,3000,600100,Opex,4934.31,4170.0,-764.3100000000004,-0.1548970372757286,Budget
2024-08-01,CC300,3000,600100,Opex,4873.74,4302.14,-571.5999999999995,-0.11728159483271564,Budget
2024-09-01,CC300,3000,600100,Opex,4928.6,4290.17,-638.4300000000003,-0.1295357708071258,Budget
2024-10-01,CC300,3000,600100,Opex,5032.22,4189.3,-842.9200000000001,-0.1675046003553104,Budget
2024-11-01,CC300,3000,600100,Opex,4800.39,4459.3,-341.09000000000015,-0.0710546434768842,Budget
2024-12-01,CC300,3000,600100,Opex,4944.54,4350.04,-594.5,-0.12023363143993172,Budget
2024-01-01,CC300,3000,600200,Opex,1794.91,1477.34,-317.57000000000016,-0.1769280911020609,Budget
2024-02-01,CC300,3000,600200,Opex,1800.57,1572.68,-227.88999999999987,-0.12656547648800096,Budget
2024-03-01,CC300,3000,600200,Opex,1810.58,1575.18,-235.39999999999986,-0.13001358680643765,Budget
2024-04-01,CC300,3000,600200,Opex,1763.27,1645.66,-117.6099999999999,-0.06669993818303488,Budget
2024-05-01,CC300,3000,600200,Opex,1763.9,1603.97,-159.93000000000006,-0.09066840523839223,Budget
2024-06-01,CC300,3000,600200,Opex,1792.86,1612.42,-180.43999999999983,-0.10064366431288546,Budget
2024-07-01,CC300,3000,600200,Opex,1801.67,1683.78,-117.8900000000001,-0.06543373647782341,Budget
2024-08-01,CC300,3000,600200,Opex,1838.16,1573.3,-264.8600000000001,-0.14408974191582893,Budget
2024-09-01,CC300,3000,600200,Opex,1794.5,1672.73,-121.76999999999998,-0.06785734187796043,Budget
2024-10-01,CC300,3000,600200,Opex,1832.32,1599.65,-232.66999999999985,-0.1269810950052392,Budget
2024-11-01,CC300,3000,600200,Opex,1874.4,1664.21,-210.19000000000005,-0.11213721724285107,Budget
2024-12-01,CC300,3000,600200,Opex,1821.03,1659.12,-161.91000000000008,-0.08891122057297249,Budget
2024-01-01,CC300,3000,630000,Opex,1219.68,962.74,-256.94000000000005,-0.21066181293454025,Budget
2024-02-01,CC300,3000,630000,Opex,1139.0,1033.23,-105.76999999999998,-0.09286215978928883,Budget
2024-03-01,CC300,3000,630000,Opex,1305.18,1052.89,-252.28999999999996,-0.19329900856586826,Budget
2024-04-01,CC300,3000,630000,Opex,1150.31,1015.16,-135.14999999999998,-0.11749006789474141,Budget
2024-05-01,CC300,3000,630000,Opex,1333.23,1143.79,-189.44000000000005,-0.1420910120534342,Budget
2024-06-01,CC300,3000,630000,Opex,1280.02,938.91,-341.11,-0.26648802362463087,Budget
2024-07-01,CC300,3000,630000,Opex,1148.75,916.78,-231.97000000000003,-0.20193253536452668,Budget
2024-08-01,CC300,3000,630000,Opex,1247.24,996.04,-251.20000000000005,-0.20140470158109108,Budget
2024-09-01,CC300,3000,630000,Opex,1314.22,1144.06,-170.16000000000008,-0.12947603901934232,Budget
2024-10-01,CC300,3000,630000,Opex,1093.51,1128.26,34.75,0.031778401660707264,Budget
2024-11-01,CC300,3000,630000,Opex,1213.47,1191.34,-22.13000000000011,-0.018236956826291634,Budget
2024-12-01,CC300,3000,630000,Opex,1088.51,983.48,-105.02999999999997,-0.09648969692515455,Budget
2024-01-01,CC300,3000,640000,Opex,778.77,749.27,-29.5,-0.03788024705625538,Budget
2024-02-01,CC300,3000,640000,Opex,921.05,721.69,-199.3599999999999,-0.21644861842462398,Budget
2024-03-01,CC300,3000,640000,Opex,844.04,831.0,-13.039999999999964,-0.015449504762807407,Budget
2024-04-01,CC300,3000,640000,Opex,936.44,738.54,-197.9000000000001,-0.21133227969757815,Budget
2024-05-01,CC300,3000,640000,Opex,1128.49,742.59,-385.9,-0.34196138202376625,Budget
2024-06-01,CC300,3000,640000,Opex,916.16,720.44,-195.7199999999999,-0.2136308068459657,Budget
2024-07-01,CC300,3000,640000,Opex,947.05,689.86,-257.18999999999994,-0.2715696108969959,Budget
2024-08-01,CC300,3000,640000,Opex,1151.08,782.07,-369.0099999999999,-0.32057719706710214,Budget
2024-09-01,CC300,3000,640000,Opex,1027.86,916.21,-111.64999999999986,-0.10862374253302967,Budget
2024-10-01,CC300,3000,640000,Opex,956.93,657.4,-299.53,-0.31301140104291847,Budget
2024-11-01,CC300,3000,640000,Opex,904.19,847.64,-56.55000000000007,-0.06254216481049345,Budget
2024-12-01,CC300,3000,640000,Opex,931.81,1032.16,100.35000000000014,0.10769362852942138,Budget
2024-01-01,CC300,3000,650000,Opex,4772.88,3974.55,-798.3299999999999,-0.16726379041584952,Budget
2024-02-01,CC300,3000,650000,Opex,5312.77,4265.24,-1047.5300000000007,-0.19717209666520488,Budget
2024-03-01,CC300,3000,650000,Opex,4207.4,3835.9,-371.49999999999955,-0.08829681038170832,Budget
2024-04-01,CC300,3000,650000,Opex,5050.67,3850.82,-1199.85,-0.23756254120740414,Budget
2024-05-01,CC300,3000,650000,Opex,3789.49,4124.06,334.5700000000006,0.08828892542268238,Budget
2024-06-01,CC300,3000,650000,Opex,4520.92,4576.07,55.149999999999636,0.01219884448298126,Budget
2024-07-01,CC300,3000,650000,Opex,3376.06,4469.75,1093.69,0.3239545505707837,Budget
2024-08-01,CC300,3000,650000,Opex,5344.62,3509.93,-1834.69,-0.3432779131163675,Budget
2024-09-01,CC300,3000,650000,Opex,4715.8,4679.35,-36.44999999999982,-0.007729335425590529,Budget
2024-10-01,CC300,3000,650000,Opex,4795.67,3662.13,-1133.54,-0.2363673897495032,Budget
2024-11-01,CC300,3000,650000,Opex,5385.21,3264.88,-2120.33,-0.39373209215610905,Budget
2024-12-01,CC300,3000,650000,Opex,4775.65,4196.82,-578.8299999999999,-0.12120444337420036,Budget
2024-01-01,CC300,3000,660000,Opex,915.88,857.42,-58.460000000000036,-0.06382932261868371,Budget
2024-02-01,CC300,3000,660000,Opex,900.14,789.64,-110.5,-0.12275868198280268,Budget
2024-03-01,CC300,3000,660000,Opex,882.83,741.38,-141.45000000000005,-0.16022337256323418,Budget
2024-04-01,CC300,3000,660000,Opex,902.95,819.05,-83.90000000000009,-0.09291765878509341,Budget
2024-05-01,CC300,3000,660000,Opex,969.95,769.35,-200.60000000000002,-0.2068147842672303,Budget
2024-06-01,CC300,3000,660000,Opex,933.75,833.58,-100.16999999999996,-0.10727710843373489,Budget
2024-07-01,CC300,3000,660000,Opex,843.96,814.15,-29.81000000000006,-0.035321579221764134,Budget
2024-08-01,CC300,3000,660000,Opex,939.27,772.68,-166.59000000000003,-0.17736114216359516,Budget
2024-09-01,CC300,3000,660000,Opex,910.95,909.2,-1.75,-0.001921071408968659,Budget
2024-10-01,CC300,3000,660000,Opex,909.03,785.94,-123.08999999999992,-0.13540807234084676,Budget
2024-11-01,CC300,3000,660000,Opex,922.94,850.85,-72.09000000000003,-0.0781090861811169,Budget
2024-12-01,CC300,3000,660000,Opex,920.27,894.65,-25.620000000000005,-0.02783965575320287,Budget
2024-01-01,CC400,1000,600000,Opex,114327.53,106311.14,-8016.389999999999,-0.07011775728907989,Budget
2024-02-01,CC400,1000,600000,Opex,118299.92,109005.09,-9294.830000000002,-0.0785700446796583,Budget
2024-03-01,CC400,1000,600000,Opex,112197.84,115252.01,3054.1699999999983,0.027221290534648425,Budget
2024-04-01,CC400,1000,600000,Opex,118781.55,113900.84,-4880.710000000006,-0.041089798878697965,Budget
2024-05-01,CC400,1000,600000,Opex,120851.19,113346.75,-7504.440000000002,-0.06209653376189347,Budget
2024-06-01,CC400,1000,600000,Opex,118346.99,116787.67,-1559.320000000007,-0.013175831510374762,Budget
2024-07-01,CC400,1000,600000,Opex,122080.39,119036.32,-3044.0699999999924,-0.02493496293712686,Budget
2024-08-01,CC400,1000,600000,Opex,119147.9,112805.02,-6342.87999999999,-0.053235348671692835,Budget
2024-09-01,CC400,1000,600000,Opex,124856.0,123422.84,-1433.1600000000035,-0.011478503235727586,Budget
2024-10-01,CC400,1000,600000,Opex,129752.28,123966.75,-5785.529999999999,-0.04458904305959016,Budget
2024-11-01,CC400,1000,600000,Opex,131313.04,135367.5,4054.459999999992,0.030876293778591916,Budget
2024-12-01,CC400,1000,600000,Opex,130474.24,127985.24,-2489.0,-0.019076562545986088,Budget
2024-01-01,CC400,1000,600100,Opex,23428.26,22597.34,-830.9199999999983,-0.03546656900683185,Budget
2024-02-01,CC400,1000,600100,Opex,24901.2,23021.29,-1879.9099999999999,-0.07549475527283825,Budget
2024-03-01,CC400,1000,600100,Opex,23702.48,23456.92,-245.5600000000013,-0.010360097340025234,Budget
2024-04-01,CC400,1000,600100,Opex,24172.26,23144.72,-1027.5399999999972,-0.04250905790356373,Budget
2024-05-01,CC400,1000,600100,Opex,24805.11,23982.68,-822.4300000000003,-0.03315566832801791,Budget
2024-06-01,CC400,1000,600100,Opex,24815.47,24089.87,-725.6000000000022,-0.029239824996262497,Budget
2024-07-01,CC400,1000,600100,Opex,24942.99,24418.49,-524.5,-0.021027952142064762,Budget
2024-08-01,CC400,1000,600100,Opex,25714.38,24641.62,-1072.760000000002,-0.04171829147737577,Budget
2024-09-01,CC400,1000,600100,Opex,25264.67,24933.25,-331.41999999999825,-0.01311792317097347,Budget
2024-10-01,CC400,1000,600100,Opex,26721.12,25369.79,-1351.329999999998,-0.050571607776919464,Budget
2024-11-01,CC400,1000,600100,Opex,25836.06,24672.84,-1163.2200000000012,-0.04502311885016528,Budget
2024-12-01,CC400,1000,600100,Opex,26806.72,25978.37,-828.3500000000022,-0.03090083382077338,Budget
2024-01-01,CC400,1000,600200,Opex,8876.13,8510.08,-366.0499999999993,-0.04123981960606698,Budget
2024-02-01,CC400,1000,600200,Opex,8794.36,8637.96,-156.40000000000146,-0.017784125280293443,Budget
2024-03-01,CC400,1000,600200,Opex,8534.74,8796.83,262.09000000000015,0.03070860975261111,Budget
2024-04-01,CC400,1000,600200,Opex,8818.45,9025.85,207.39999999999964,0.023518872364190944,Budget
2024-05-01,CC400,1000,600200,Opex,9349.47,9054.03,-295.4399999999987,-0.031599652172796824,Budget
2024-06-01,CC400,1000,600200,Opex,9012.16,8996.01,-16.149999999999636,-0.0017920232219578477,Budget
2024-07-01,CC400,1000,600200,Opex,9464.89,9011.32,-453.5699999999997,-0.04792131762756881,Budget
2024-08-01,CC400,1000,600200,Opex,9572.18,9309.2,-262.97999999999956,-0.027473365523840918,Budget
2024-09-01,CC400,1000,600200,Opex,9484.11,9498.04,13.930000000000291,0.001468772504747445,Budget
2024-10-01,CC400,1000,600200,Opex,10294.91,9989.36,-305.5499999999993,-0.02967971550989754,Budget
2024-11-01,CC400,1000,600200,Opex,9918.67,9987.78,69.11000000000058,0.006967668044203566,Budget
2024-12-01,CC400,1000,600200,Opex,9699.11,9686.59,-12.520000000000437,-0.0012908400873895064,Budget
2024-01-01,CC400,1000,620000,Opex,3029.09,2837.94,-191.1500000000001,-0.06310476083576258,Budget
2024-02-01,CC400,1000,620000,Opex,3272.28,3637.15,364.8699999999999,0.1115032943391152,Budget
2024-03-01,CC400,1000,620000,Opex,3217.21,2896.43,-320.7800000000002,-0.09970751054485104,Budget
2024-04-01,CC400,1000,620000,Opex,2867.94,2755.16,-112.7800000000002,-0.03932439311840562,Budget
2024-05-01,CC400,1000,620000,Opex,3150.36,3469.33,318.9699999999998,0.10124874617504025,Budget
2024-06-01,CC400,1000,620000,Opex,2812.03,2583.31,-228.72000000000025,-0.08133625885925834,Budget
2024-07-01,CC400,1000,620000,Opex,2815.35,3118.16,302.80999999999995,0.10755678690038536,Budget
2024-08-01,CC400,1000,620000,Opex,3379.75,2681.66,-698.0900000000001,-0.2065507803831645,Budget
2024-09-01,CC400,1000,620000,Opex,3332.63,3108.61,-224.01999999999998,-0.06722018345870978,Budget
2024-10-01,CC400,1000,620000,Opex,3368.96,2842.37,-526.5900000000001,-0.15630639722644382,Budget
2024-11-01,CC400,1000,620000,Opex,3455.42,3310.72,-144.70000000000027,-0.041876240804301725,Budget
2024-12-01,CC400,1000,620000,Opex,3390.67,3267.75,-122.92000000000007,-0.03625242208767001,Budget
2024-01-01,CC400,1000,630000,Opex,7844.05,7788.89,-55.159999999999854,-0.007032081641498952,Budget
2024-02-01,CC400,1000,630000,Opex,7044.73,7881.79,837.0600000000004,0.11882073550015408,Budget
2024-03-01,CC400,1000,630000,Opex,6290.73,7543.77,1253.0400000000009,0.19918832949435136,Budget
2024-04-01,CC400,1000,630000,Opex,8293.66,8368.17,74.51000000000022,0.008983970888606503,Budget
2024-05-01,CC400,1000,630000,Opex,8241.84,7769.38,-472.46000000000004,-0.05732457800685284,Budget
2024-06-01,CC400,1000,630000,Opex,7642.69,7736.87,94.18000000000029,0.012322886313588579,Budget
2024-07-01,CC400,1000,630000,Opex,7890.31,7453.23,-437.08000000000084,-0.055394528225126874,Budget
2024-08-01,CC400,1000,630000,Opex,8937.5,8057.65,-879.8500000000004,-0.09844475524475528,Budget
2024-09-01,CC400,1000,630000,Opex,7854.32,7865.32,11.0,0.001400503162590778,Budget
2024-10-01,CC400,1000,630000,Opex,8629.44,8175.33,-454.1100000000006,-0.05262334519968857,Budget
2024-11-01,CC400,1000,630000,Opex,9028.57,7814.35,-1214.2199999999993,-0.13448641368455905,Budget
2024-12-01,CC400,1000,630000,Opex,7937.83,7334.88,-602.9499999999998,-0.07595904674199369,Budget
2024-01-01,CC400,1000,640000,Opex,4313.68,4345.47,31.789999999999964,0.00736957771554681,Budget
2024-02-01,CC400,1000,640000,Opex,4747.42,4443.54,-303.8800000000001,-0.0640095041096006,Budget
2024-03-01,CC400,1000,640000,Opex,4837.2,4627.89,-209.3099999999995,-0.043270900520962434,Budget
2024-04-01,CC400,1000,640000,Opex,3820.94,3576.07,-244.8699999999999,-0.06408632430763107,Budget
2024-05-01,CC400,1000,640000,Opex,4644.17,4455.08,-189.09000000000015,-0.040715563814416815,Budget
2024-06-01,CC400,1000,640000,Opex,4296.12,4935.47,639.3500000000004,0.1488203309032337,Budget
2024-07-01,CC400,1000,640000,Opex,5238.03,4567.65,-670.3800000000001,-0.12798323033659603,Budget
2024-08-01,CC400,1000,640000,Opex,4684.12,4447.42,-236.69999999999982,-0.05053243725609075,Budget
2024-09-01,CC400,1000,640000,Opex,5262.31,4488.32,-773.9900000000007,-0.14708179487715484,Budget
2024-10-01,CC400,1000,640000,Opex,4989.12,4694.17,-294.9499999999998,-0.05911864216535177,Budget
2024-11-01,CC400,1000,640000,Opex,5029.38,4805.4,-223.98000000000047,-0.04453431635708586,Budget
2024-12-01,CC400,1000,640000,Opex,5119.77,4989.31,-130.46000000000004,-0.02548161343185339,Budget
2024-01-01,CC400,2000,600000,Opex,59493.09,59257.51,-235.57999999999447,-0.003959787598862229,Budget
2024-02-01,CC400,2000,600000,Opex,65577.89,59902.36,-5675.529999999999,-0.08654639543907251,Budget
2024-03-01,CC400,2000,600000,Opex,63928.37,62040.17,-1888.2000000000044,-0.029536182449200633,Budget
2024-04-01,CC400,2000,600000,Opex,63769.52,64039.14,269.6200000000026,0.00422803872445649,Budget
2024-05-01,CC400,2000,600000,Opex,65173.46,63756.91,-1416.5499999999956,-0.021735074369229373,Budget
2024-06-01,CC400,2000,600000,Opex,67830.11,64531.64,-3298.470000000001,-0.04862840411138949,Budget
2024-07-01,CC400,2000,600000,Opex,66135.64,61028.45,-5107.190000000002,-0.07722296177976054,Budget
2024-08-01,CC400,2000,600000,Opex,65642.31,64664.05,-978.2599999999948,-0.014902888091537224,Budget
2024-09-01,CC400,2000,600000,Opex,67141.42,68221.58,1080.1600000000035,0.01608783370980244,Budget
2024-10-01,CC400,2000,600000,Opex,68700.07,65236.74,-3463.330000000009,-0.05041232126837729,Budget
2024-11-01,CC400,2000,600000,Opex,71547.96,67880.07,-3667.8899999999994,-0.051264774006135175,Budget
2024-12-01,CC400,2000,600000,Opex,69640.7,67564.5,-2076.199999999997,-0.029813026003472066,Budget
2024-01-01,CC400,2000,600100,Opex,12731.51,12317.29,-414.21999999999935,-0.03253502530336145,Budget
2024-02-01,CC400,2000,600100,Opex,13124.24,12407.68,-716.5599999999995,-0.05459820911534683,Budget
2024-03-01,CC400,2000,600100,Opex,12751.4,12488.26,-263.1399999999994,-0.020636165440657453,Budget
2024-04-01,CC400,2000,600100,Opex,13589.91,12700.45,-889.4599999999991,-0.06545002873455373,Budget
2024-05-01,CC400,2000,600100,Opex,13183.82,12623.94,-559.8799999999992,-0.04246720601464517,Budget
2024-06-01,CC400,2000,600100,Opex,13874.55,12875.35,-999.1999999999989,-0.07201675009279573,Budget
2024-07-01,CC400,2000,600100,Opex,13602.0,13039.91,-562.0900000000001,-0.041324069989707404,Budget
2024-08-01,CC400,2000,600100,Opex,13745.36,13425.03,-320.3299999999999,-0.02330459151306331,Budget
2024-09-01,CC400,2000,600100,Opex,14415.32,13347.74,-1067.58,-0.07405870976155923,Budget
2024-10-01,CC400,2000,600100,Opex,14288.65,13852.43,-436.21999999999935,-0.03052912626455259,Budget
2024-11-01,CC400,2000,600100,Opex,13610.53,13883.22,272.6899999999987,0.020035222728284546,Budget
2024-12-01,CC400,2000,600100,Opex,14954.25,14307.34,-646.9099999999999,-0.043259274119397485,Budget
2024-01-01,CC400,2000,600200,Opex,4753.3,4562.72,-190.57999999999993,-0.04009425031031071,Budget
2024-02-01,CC400,2000,600200,Opex,4829.82,4490.55,-339.2699999999995,-0.07024485384548483,Budget
2024-03-01,CC400,2000,600200,Opex,4871.42,4662.39,-209.02999999999975,-0.04290945966473836,Budget
2024-04-01,CC400,2000,600200,Opex,5031.84,4905.14,-126.69999999999982,-0.025179655950904604,Budget
2024-05-01,CC400,2000,600200,Opex,4991.45,4802.18,-189.26999999999953,-0.03791884121848351,Budget
2024-06-01,CC400,2000,600200,Opex,5153.85,4846.29,-307.5600000000004,-0.059675776361360997,Budget
2024-07-01,CC400,2000,600200,Opex,5008.28,4828.89,-179.38999999999942,-0.0358186842588672,Budget
2024-08-01,CC400,2000,600200,Opex,5088.11,5041.3,-46.80999999999949,-0.009199879719581435,Budget
2024-09-01,CC400,2000,600200,Opex,5220.58,5244.65,24.06999999999971,0.004610598822353016,Budget
2024-10-01,CC400,2000,600200,Opex,5290.77,5116.36,-174.41000000000076,-0.03296495595159131,Budget
2024-11-01,CC400,2000,600200,Opex,5468.82,5300.93,-167.88999999999942,-0.030699492760778272,Budget
2024-12-01,CC400,2000,600200,Opex,5374.64,5313.08,-61.5600000000004,-0.011453790393403166,Budget
2024-01-01,CC400,2000,620000,Opex,1376.43,1474.82,98.38999999999987,0.07148202233313708,Budget
2024-02-01,CC400,2000,620000,Opex,1801.38,1488.24,-313.1400000000001,-0.17383339439762854,Budget
2024-03-01,CC400,2000,620000,Opex,1437.09,1815.7,378.6100000000001,0.263456011801627,Budget
2024-04-01,CC400,2000,620000,Opex,1591.64,1753.27,161.62999999999988,0.10154934532934576,Budget
2024-05-01,CC400,2000,620000,Opex,1656.76,1750.19,93.43000000000006,0.05639320118786068,Budget
2024-06-01,CC400,2000,620000,Opex,1643.57,1699.98,56.41000000000008,0.0343216291365747,Budget
2024-07-01,CC400,2000,620000,Opex,1550.66,2126.36,575.7,0.37126126939496734,Budget
2024-08-01,CC400,2000,620000,Opex,1826.94,1671.87,-155.07000000000016,-0.08487963479917247,Budget
2024-09-01,CC400,2000,620000,Opex,1618.94,1458.88,-160.05999999999995,-0.09886715999357601,Budget
2024-10-01,CC400,2000,620000,Opex,2007.83,1639.04,-368.78999999999996,-0.1836759088169815,Budget
2024-11-01,CC400,2000,620000,Opex,1469.31,1887.17,417.8600000000001,0.2843919935207683,Budget
2024-12-01,CC400,2000,620000,Opex,1901.02,1623.69,-277.3299999999999,-0.14588484076969202,Budget
2024-01-01,CC400,2000,630000,Opex,4051.83,4066.52,14.690000000000055,0.0036255222948643096,Budget
2024-02-01,CC400,2000,630000,Opex,4293.44,3609.88,-683.5599999999995,-0.1592103301781321,Budget
2024-03-01,CC400,2000,630000,Opex,4061.93,3970.45,-91.48000000000002,-0.022521313759715215,Budget
2024-04-01,CC400,2000,630000,Opex,3979.34,3231.22,-748.1200000000003,-0.18800102529565213,Budget
2024-05-01,CC400,2000,630000,Opex,3474.85,4313.55,838.7000000000003,0.24136293652963445,Budget
2024-06-01,CC400,2000,630000,Opex,3779.69,3423.2,-356.49000000000024,-0.09431725882281357,Budget
2024-07-01,CC400,2000,630000,Opex,4064.42,4165.51,101.09000000000015,0.024871937447409505,Budget
2024-08-01,CC400,2000,630000,Opex,4063.05,3841.31,-221.74000000000024,-0.054574765262549126,Budget
2024-09-01,CC400,2000,630000,Opex,4364.85,4452.55,87.69999999999982,0.02009232848780595,Budget
2024-10-01,CC400,2000,630000,Opex,4509.89,4732.78,222.88999999999942,0.04942249145766291,Budget
2024-11-01,CC400,2000,630000,Opex,4202.29,3722.71,-479.5799999999999,-0.11412348981150752,Budget
2024-12-01,CC400,2000,630000,Opex,4999.69,3594.03,-1405.6599999999994,-0.2811494312647383,Budget
2024-01-01,CC400,2000,640000,Opex,2110.95,2383.75,272.8000000000002,0.129230914990881,Budget
2024-02-01,CC400,2000,640000,Opex,2631.97,2205.64,-426.3299999999999,-0.16198132957442524,Budget
2024-03-01,CC400,2000,640000,Opex,2804.57,2066.04,-738.5300000000002,-0.26333092060458474,Budget
2024-04-01,CC400,2000,640000,Opex,2394.29,2121.97,-272.32000000000016,-0.11373726658007183,Budget
2024-05-01,CC400,2000,640000,Opex,2261.7,2348.69,86.99000000000024,0.038462218685060015,Budget
2024-06-01,CC400,2000,640000,Opex,2854.75,2563.99,-290.7600000000002,-0.10185130046413879,Budget
2024-07-01,CC400,2000,640000,Opex,2507.64,2546.54,38.90000000000009,0.01551259351422058,Budget
2024-08-01,CC400,2000,640000,Opex,3020.26,2601.15,-419.1100000000001,-0.13876619893651543,Budget
2024-09-01,CC400,2000,640000,Opex,1988.27,2637.89,649.6199999999999,0.326726249453042,Budget
2024-10-01,CC400,2000,640000,Opex,2393.25,2571.15,177.9000000000001,0.07433406455656538,Budget
2024-11-01,CC400,2000,640000,Opex,2835.74,2523.52,-312.2199999999998,-0.11010177237687511,Budget
2024-12-01,CC400,2000,640000,Opex,2557.97,2554.6,-3.369999999999891,-0.0013174509474309282,Budget
2024-01-01,CC400,3000,600000,Opex,31019.06,29517.22,-1501.8400000000001,-0.048416683161901106,Budget
2024-02-01,CC400,3000,600000,Opex,31547.52,30351.4,-1196.119999999999,-0.037914866208183684,Budget
2024-03-01,CC400,3000,600000,Opex,32648.8,30077.38,-2571.4199999999983,-0.07876001568204645,Budget
2024-04-01,CC400,3000,600000,Opex,33495.89,31510.63,-1985.2599999999984,-0.05926876401851088,Budget
2024-05-01,CC400,3000,600000,Opex,31522.99,31743.33,220.34000000000015,0.006989819176416962,Budget
2024-06-01,CC400,3000,600000,Opex,33190.65,31820.56,-1370.0900000000001,-0.04127939645653219,Budget
2024-07-01,CC400,3000,600000,Opex,34308.64,31731.31,-2577.329999999998,-0.0751218934938837,Budget
2024-08-01,CC400,3000,600000,Opex,34309.5,32934.69,-1374.8099999999977,-0.040070825864556396,Budget
2024-09-01,CC400,3000,600000,Opex,34722.03,31367.24,-3354.7899999999972,-0.09661848687994329,Budget
2024-10-01,CC400,3000,600000,Opex,35789.76,33059.33,-2730.4300000000003,-0.07629081614405908,Budget
2024-11-01,CC400,3000,600000,Opex,36035.35,33456.81,-2578.540000000001,-0.07155584724444194,Budget
2024-12-01,CC400,3000,600000,Opex,37226.96,35601.46,-1625.5,-0.0436645914681188,Budget
2024-01-01,CC400,3000,600100,Opex,6226.7,6194.8,-31.899999999999636,-0.005123098912746662,Budget
2024-02-01,CC400,3000,600100,Opex,6542.96,6104.92,-438.03999999999996,-0.0669482925159255,Budget
2024-03-01,CC400,3000,600100,Opex,6552.61,6377.23,-175.3800000000001,-0.026764907418570634,Budget
2024-04-01,CC400,3000,600100,Opex,6647.34,6372.43,-274.90999999999985,-0.041356392180932504,Budget
2024-05-01,CC400,3000,600100,Opex,6635.99,6322.83,-313.15999999999985,-0.04719115007707966,Budget
2024-06-01,CC400,3000,600100,Opex,7104.02,6682.39,-421.6300000000001,-0.059350902728314406,Budget
2024-07-01,CC400,3000,600100,Opex,6618.01,6670.82,52.80999999999949,0.007979740133363274,Budget
2024-08-01,CC400,3000,600100,Opex,6815.71,6657.19,-158.52000000000044,-0.023258031811799567,Budget
2024-09-01,CC400,3000,600100,Opex,7101.86,6800.42,-301.4399999999996,-0.04244521857654186,Budget
2024-10-01,CC400,3000,600100,Opex,7366.93,7107.58,-259.35000000000036,-0.03520462390710925,Budget
2024-11-01,CC400,3000,600100,Opex,7174.44,6958.44,-216.0,-0.030106879421947917,Budget
2024-12-01,CC400,3000,600100,Opex,7198.41,7115.52,-82.88999999999942,-0.011515042905308175,Budget
2024-01-01,CC400,3000,600200,Opex,2368.72,2269.55,-99.16999999999962,-0.04186649329595715,Budget
2024-02-01,CC400,3000,600200,Opex,2458.54,2379.82,-78.7199999999998,-0.03201900314820983,Budget
2024-03-01,CC400,3000,600200,Opex,2469.46,2386.03,-83.42999999999984,-0.03378471406704293,Budget
2024-04-01,CC400,3000,600200,Opex,2495.13,2343.4,-151.73000000000002,-0.06081045877369116,Budget
2024-05-01,CC400,3000,600200,Opex,2548.6,2427.84,-120.75999999999976,-0.04738287687357756,Budget
2024-06-01,CC400,3000,600200,Opex,2565.94,2434.41,-131.5300000000002,-0.05125996710757079,Budget
2024-07-01,CC400,3000,600200,Opex,2469.43,2479.98,10.550000000000182,0.004272240962489393,Budget
2024-08-01,CC400,3000,600200,Opex,2641.81,2500.61,-141.19999999999982,-0.053448204072208,Budget
2024-09-01,CC400,3000,600200,Opex,2609.75,2563.24,-46.51000000000022,-0.017821630424370235,Budget
2024-10-01,CC400,3000,600200,Opex,2685.34,2559.22,-126.12000000000035,-0.04696611974647543,Budget
2024-11-01,CC400,3000,600200,Opex,2749.25,2699.32,-49.929999999999836,-0.018161316722742505,Budget
2024-12-01,CC400,3000,600200,Opex,2816.26,2568.46,-247.80000000000018,-0.08798903510329308,Budget
2024-01-01,CC400,3000,620000,Opex,781.28,852.86,71.58000000000004,0.09161888183493759,Budget
2024-02-01,CC400,3000,620000,Opex,852.73,775.16,-77.57000000000005,-0.09096666002134327,Budget
2024-03-01,CC400,3000,620000,Opex,654.74,813.92,159.17999999999995,0.24311940617649747,Budget
2024-04-01,CC400,3000,620000,Opex,844.31,850.98,6.670000000000073,0.007899941964444426,Budget
2024-05-01,CC400,3000,620000,Opex,696.72,861.98,165.26,0.23719715237111033,Budget
2024-06-01,CC400,3000,620000,Opex,822.4,733.63,-88.76999999999998,-0.10794017509727624,Budget
2024-07-01,CC400,3000,620000,Opex,832.78,868.44,35.66000000000008,0.04282043276735763,Budget
2024-08-01,CC400,3000,620000,Opex,819.62,936.33,116.71000000000004,0.14239525633830316,Budget
2024-09-01,CC400,3000,620000,Opex,919.98,849.92,-70.06000000000006,-0.07615382943107465,Budget
2024-10-01,CC400,3000,620000,Opex,842.69,928.49,85.79999999999995,0.10181680095883415,Budget
2024-11-01,CC400,3000,620000,Opex,1017.53,909.17,-108.36000000000001,-0.10649317464841333,Budget
2024-12-01,CC400,3000,620000,Opex,859.99,743.54,-116.45000000000005,-0.13540855126222404,Budget
2024-01-01,CC400,3000,630000,Opex,1952.9,1557.56,-395.34000000000015,-0.20243740078857092,Budget
2024-02-01,CC400,3000,630000,Opex,2278.67,1939.73,-338.94000000000005,-0.14874466245660847,Budget
2024-03-01,CC400,3000,630000,Opex,2099.64,2020.77,-78.86999999999989,-0.037563582328399105,Budget
2024-04-01,CC400,3000,630000,Opex,2273.95,1909.78,-364.16999999999985,-0.1601486400316629,Budget
2024-05-01,CC400,3000,630000,Opex,2256.06,2219.18,-36.88000000000011,-0.016347082967651617,Budget
2024-06-01,CC400,3000,630000,Opex,2162.34,2157.63,-4.710000000000036,-0.0021781958433918975,Budget
2024-07-01,CC400,3000,630000,Opex,2439.32,2132.88,-306.44000000000005,-0.12562517422888347,Budget
2024-08-01,CC400,3000,630000,Opex,2443.22,2068.66,-374.55999999999995,-0.1533058832196855,Budget
2024-09-01,CC400,3000,630000,Opex,2201.76,1974.55,-227.21000000000026,-0.10319471695370987,Budget
2024-10-01,CC400,3000,630000,Opex,1767.13,2539.83,772.6999999999998,0.4372626801650132,Budget
2024-11-01,CC400,3000,630000,Opex,2610.67,2076.79,-533.8800000000001,-0.20449922816748195,Budget
2024-12-01,CC400,3000,630000,Opex,2535.1,2306.01,-229.0899999999997,-0.09036724389570419,Budget
2024-01-01,CC400,3000,640000,Opex,1278.06,1033.06,-245.0,-0.1916967904480228,Budget
2024-02-01,CC400,3000,640000,Opex,1181.11,1125.65,-55.45999999999981,-0.04695582968563454,Budget
2024-03-01,CC400,3000,640000,Opex,1203.57,1165.2,-38.36999999999989,-0.03188015653431034,Budget
2024-04-01,CC400,3000,640000,Opex,1204.88,1207.14,2.259999999999991,0.0018757054644445842,Budget
2024-05-01,CC400,3000,640000,Opex,1117.09,1283.86,166.76999999999998,0.14928967227349632,Budget
2024-06-01,CC400,3000,640000,Opex,1289.95,1222.51,-67.44000000000005,-0.052281096166518125,Budget
2024-07-01,CC400,3000,640000,Opex,1190.51,1480.71,290.20000000000005,0.243761077185408,Budget
2024-08-01,CC400,3000,640000,Opex,1291.71,1281.32,-10.3900000000001,-0.008043601117898057,Budget
2024-09-01,CC400,3000,640000,Opex,1107.21,1505.42,398.21000000000004,0.35965173724948296,Budget
2024-10-01,CC400,3000,640000,Opex,1520.4,1349.97,-170.43000000000006,-0.11209550118389901,Budget
2024-11-01,CC400,3000,640000,Opex,1570.13,1220.32,-349.8100000000002,-0.22279046957895215,Budget
2024-12-01,CC400,3000,640000,Opex,1575.25,1462.33,-112.92000000000007,-0.07168385970480881,Budget
2024-01-01,CC500,1000,500000,Opex,320492.01,242194.99,-78297.02000000002,-0.24430256467236114,Budget
2024-02-01,CC500,1000,500000,Opex,357255.34,291783.12,-65472.22000000003,-0.1832644964803046,Budget
2024-03-01,CC500,1000,500000,Opex,412593.87,313456.89,-99136.97999999998,-0.24027739432968304,Budget
2024-04-01,CC500,1000,500000,Opex,376040.69,373066.41,-2974.280000000028,-0.007909463201974307,Budget
2024-05-01,CC500,1000,500000,Opex,375304.28,348304.95,-26999.330000000016,-0.07193984038764496,Budget
2024-06-01,CC500,1000,500000,Opex,328532.35,325654.22,-2878.1300000000047,-0.008760568023209906,Budget
2024-07-01,CC500,1000,500000,Opex,386316.61,353026.75,-33289.859999999986,-0.08617247909687338,Budget
2024-08-01,CC500,1000,500000,Opex,362603.43,327463.15,-35140.27999999997,-0.09691105238579781,Budget
2024-09-01,CC500,1000,500000,Opex,378683.0,415269.64,36586.640000000014,0.09661548049423928,Budget
2024-10-01,CC500,1000,500000,Opex,404535.82,338209.78,-66326.03999999998,-0.16395591371859228,Budget
2024-11-01,CC500,1000,500000,Opex,364814.39,349929.94,-14884.450000000012,-0.04080006273875329,Budget
2024-12-01,CC500,1000,500000,Opex,374236.39,314297.8,-59938.590000000026,-0.16016237758172053,Budget
2024-01-01,CC500,1000,500100,Opex,139153.29,173399.49,34246.19999999998,0.24610413451237825,Budget
2024-02-01,CC500,1000,500100,Opex,141857.15,129793.76,-12063.39,-0.08503899873922463,Budget
2024-03-01,CC500,1000,500100,Opex,159486.95,113435.56,-46051.390000000014,-0.2887470730363833,Budget
2024-04-01,CC500,1000,500100,Opex,151009.55,139064.43,-11945.119999999995,-0.07910175217395189,Budget
2024-05-01,CC500,1000,500100,Opex,137695.42,145396.82,7701.399999999994,0.0559306910861668,Budget
2024-06-01,CC500,1000,500100,Opex,132467.7,153107.86,20640.159999999974,0.15581277549168568,Budget
2024-07-01,CC500,1000,500100,Opex,147487.63,130166.78,-17320.850000000006,-0.1174393405060479,Budget
2024-08-01,CC500,1000,500100,Opex,163903.45,139806.11,-24097.340000000026,-0.14702155445782272,Budget
2024-09-01,CC500,1000,500100,Opex,136275.89,148829.41,12553.51999999999,0.09211842241499937,Budget
2024-10-01,CC500,1000,500100,Opex,168672.42,161707.11,-6965.310000000027,-0.04129489575118461,Budget
2024-11-01,CC500,1000,500100,Opex,146776.57,162856.97,16080.399999999994,0.1095569953705826,Budget
2024-12-01,CC500,1000,500100,Opex,175751.85,132999.18,-42752.67000000001,-0.24325587468922807,Budget
2024-01-01,CC500,1000,600000,Opex,73897.6,67735.17,-6162.430000000008,-0.08339147685445816,Budget
2024-02-01,CC500,1000,600000,Opex,77011.32,69822.94,-7188.380000000005,-0.0933418619496459,Budget
2024-03-01,CC500,1000,600000,Opex,76875.52,72688.17,-4187.350000000006,-0.05446922505369727,Budget
2024-04-01,CC500,1000,600000,Opex,77812.39,72403.15,-5409.240000000005,-0.06951643562162793,Budget
2024-05-01,CC500,1000,600000,Opex,80770.17,72624.32,-8145.849999999991,-0.10085220818527424,Budget
2024-06-01,CC500,1000,600000,Opex,79219.05,73284.79,-5934.260000000009,-0.07490950724604763,Budget
2024-07-01,CC500,1000,600000,Opex,82304.37,72848.28,-9456.089999999997,-0.11489171231126606,Budget
2024-08-01,CC500,1000,600000,Opex,81822.13,75045.55,-6776.580000000002,-0.08282087009956843,Budget
2024-09-01,CC500,1000,600000,Opex,81117.97,76580.18,-4537.790000000008,-0.05594062573311448,Budget
2024-10-01,CC500,1000,600000,Opex,83124.82,78106.57,-5018.25,-0.06037005553816537,Budget
2024-11-01,CC500,1000,600000,Opex,84589.65,80581.22,-4008.429999999993,-0.04738676658432791,Budget
2024-12-01,CC500,1000,600000,Opex,84113.89,79633.68,-4480.210000000006,-0.053263616746294894,Budget
2024-01-01,CC500,1000,600100,Opex,15346.0,13910.75,-1435.25,-0.09352600026065425,Budget
2024-02-01,CC500,1000,600100,Opex,16131.05,14513.96,-1617.0900000000001,-0.10024703909540918,Budget
2024-03-01,CC500,1000,600100,Opex,15667.13,14015.37,-1651.7599999999984,-0.10542837137369758,Budget
2024-04-01,CC500,1000,600100,Opex,16001.5,15260.64,-740.8600000000006,-0.04629940943036594,Budget
2024-05-01,CC500,1000,600100,Opex,15942.7,14884.58,-1058.1200000000008,-0.06637018823662245,Budget
2024-06-01,CC500,1000,600100,Opex,16530.61,15153.36,-1377.25,-0.08331513477119114,Budget
2024-07-01,CC500,1000,600100,Opex,16338.64,15433.87,-904.7699999999986,-0.05537609005400686,Budget
2024-08-01,CC500,1000,600100,Opex,16515.7,16103.36,-412.34000000000015,-0.02496654698256811,Budget
2024-09-01,CC500,1000,600100,Opex,17084.68,15533.19,-1551.4899999999998,-0.09081176820402839,Budget
2024-10-01,CC500,1000,600100,Opex,16718.11,16029.83,-688.2800000000007,-0.041169725525193976,Budget
2024-11-01,CC500,1000,600100,Opex,17123.74,16505.9,-617.8400000000001,-0.03608090288686935,Budget
2024-12-01,CC500,1000,600100,Opex,17440.97,16459.61,-981.3600000000006,-0.056267512644078886,Budget
2024-01-01,CC500,1000,600200,Opex,5690.6,5424.55,-266.0500000000002,-0.04675253927529613,Budget
2024-02-01,CC500,1000,600200,Opex,5810.1,5261.52,-548.5799999999999,-0.09441834047606752,Budget
2024-03-01,CC500,1000,600200,Opex,5961.57,5339.64,-621.9299999999994,-0.10432319003215586,Budget
2024-04-01,CC500,1000,600200,Opex,6004.69,5332.9,-671.79,-0.1118775490491599,Budget
2024-05-01,CC500,1000,600200,Opex,6070.95,5507.23,-563.7200000000003,-0.09285531918398278,Budget
2024-06-01,CC500,1000,600200,Opex,6229.37,5615.21,-614.1599999999999,-0.09859102926941246,Budget
2024-07-01,CC500,1000,600200,Opex,6428.62,5627.16,-801.46,-0.12467061359980837,Budget
2024-08-01,CC500,1000,600200,Opex,6373.74,5955.88,-417.8599999999997,-0.06555962433359373,Budget
2024-09-01,CC500,1000,600200,Opex,6148.37,6127.32,-21.050000000000182,-0.003423671639800497,Budget
2024-10-01,CC500,1000,600200,Opex,6332.56,5734.27,-598.29,-0.09447837841252194,Budget
2024-11-01,CC500,1000,600200,Opex,6206.3,6331.75,125.44999999999982,0.0202133316146496,Budget
2024-12-01,CC500,1000,600200,Opex,6536.67,6347.91,-188.76000000000022,-0.02887708879291753,Budget
2024-01-01,CC500,2000,500000,Opex,166405.08,173464.22,7059.140000000014,0.04242142126911038,Budget
2024-02-01,CC500,2000,500000,Opex,188412.18,183810.15,-4602.029999999999,-0.024425331738107372,Budget
2024-03-01,CC500,2000,500000,Opex,210133.59,177088.45,-33045.139999999985,-0.15725777111598382,Budget
2024-04-01,CC500,2000,500000,Opex,154269.98,189474.64,35204.66,0.2282016241915634,Budget
2024-05-01,CC500,2000,500000,Opex,199419.26,197057.76,-2361.5,-0.011841885282294197,Budget
2024-06-01,CC500,2000,500000,Opex,151987.12,202559.84,50572.72,0.33274345878782363,Budget
2024-07-01,CC500,2000,500000,Opex,204485.51,198812.19,-5673.320000000007,-0.027744361935474093,Budget
2024-08-01,CC500,2000,500000,Opex,191579.74,192016.62,436.88000000000466,0.0022804081475421394,Budget
2024-09-01,CC500,2000,500000,Opex,222686.2,177577.1,-45109.100000000006,-0.20256800825556323,Budget
2024-10-01,CC500,2000,500000,Opex,185503.44,223303.47,37800.03,0.20376996782377726,Budget
2024-11-01,CC500,2000,500000,Opex,216114.62,209488.34,-6626.279999999999,-0.030660952044799187,Budget
2024-12-01,CC500,2000,500000,Opex,171156.61,140056.24,-31100.369999999995,-0.18170709270299287,Budget
2024-01-01,CC500,2000,500100,Opex,76859.68,76044.45,-815.2299999999959,-0.010606731643951628,Budget
2024-02-01,CC500,2000,500100,Opex,69445.02,74343.6,4898.580000000002,0.07053896737303843,Budget
2024-03-01,CC500,2000,500100,Opex,82926.6,64835.27,-18091.33000000001,-0.21816075903268684,Budget
2024-04-01,CC500,2000,500100,Opex,90197.3,73402.53,-16794.770000000004,-0.1862003629820405,Budget
2024-05-01,CC500,2000,500100,Opex,69624.35,72459.47,2835.1199999999953,0.04072023652644506,Budget
2024-06-01,CC500,2000,500100,Opex,86233.59,66417.74,-19815.84999999999,-0.2297927060673224,Budget
2024-07-01,CC500,2000,500100,Opex,96166.48,68316.5,-27849.979999999996,-0.28960174064809274,Budget
2024-08-01,CC500,2000,500100,Opex,100013.78,93375.41,-6638.369999999995,-0.06637455358651573,Budget
2024-09-01,CC500,2000,500100,Opex,79201.34,89831.55,10630.210000000006,0.13421755237979568,Budget
2024-10-01,CC500,2000,500100,Opex,101727.38,91962.97,-9764.410000000003,-0.09598605606474878,Budget
2024-11-01,CC500,2000,500100,Opex,88162.37,81928.96,-6233.409999999989,-0.07070374809570103,Budget
2024-12-01,CC500,2000,500100,Opex,97063.59,79962.76,-17100.83,-0.1761817175729849,Budget
2024-01-01,CC500,2000,600000,Opex,40909.08,38378.33,-2530.75,-0.06186279427452292,Budget
2024-02-01,CC500,2000,600000,Opex,41818.94,36655.65,-5163.290000000001,-0.12346773973706653,Budget
2024-03-01,CC500,2000,600000,Opex,42376.53,38439.81,-3936.720000000001,-0.09289859268798085,Budget
2024-04-01,CC500,2000,600000,Opex,43595.11,37967.47,-5627.639999999999,-0.1290887900042,Budget
2024-05-01,CC500,2000,600000,Opex,43155.63,39963.29,-3192.3399999999965,-0.07397273542293316,Budget
2024-06-01,CC500,2000,600000,Opex,41579.03,39316.22,-2262.8099999999977,-0.054421904503303656,Budget
2024-07-01,CC500,2000,600000,Opex,46155.86,40240.93,-5914.93,-0.1281512250015491,Budget
2024-08-01,CC500,2000,600000,Opex,43561.19,41746.49,-1814.7000000000044,-0.0416586415568538,Budget
2024-09-01,CC500,2000,600000,Opex,44864.61,42434.24,-2430.3700000000026,-0.05417120532196764,Budget
2024-10-01,CC500,2000,600000,Opex,45323.94,42477.49,-2846.4500000000044,-0.0628023512518992,Budget
2024-11-01,CC500,2000,600000,Opex,47627.28,43534.22,-4093.0599999999977,-0.08593940279604458,Budget
2024-12-01,CC500,2000,600000,Opex,46475.28,43036.96,-3438.3199999999997,-0.07398169521517675,Budget
2024-01-01,CC500,2000,600100,Opex,8274.49,7744.06,-530.4299999999994,-0.06410425295093708,Budget
2024-02-01,CC500,2000,600100,Opex,8792.53,7600.49,-1192.0400000000009,-0.1355741748961904,Budget
2024-03-01,CC500,2000,600100,Opex,8893.76,8175.86,-717.9000000000005,-0.0807195157053935,Budget
2024-04-01,CC500,2000,600100,Opex,8799.21,7719.75,-1079.4599999999991,-0.12267692213278229,Budget
2024-05-01,CC500,2000,600100,Opex,8598.13,8032.31,-565.8199999999988,-0.06580733252463022,Budget
2024-06-01,CC500,2000,600100,Opex,8944.15,7874.52,-1069.6299999999992,-0.11958989954327681,Budget
2024-07-01,CC500,2000,600100,Opex,8966.3,8274.91,-691.3899999999994,-0.0771098446404871,Budget
2024-08-01,CC500,2000,600100,Opex,9017.51,8591.75,-425.7600000000002,-0.047214807635367215,Budget
2024-09-01,CC500,2000,600100,Opex,9111.44,8760.77,-350.6700000000001,-0.03848678145276708,Budget
2024-10-01,CC500,2000,600100,Opex,9273.32,8476.74,-796.5799999999999,-0.08590019539927447,Budget
2024-11-01,CC500,2000,600100,Opex,9330.22,9143.61,-186.60999999999876,-0.02000060020020951,Budget
2024-12-01,CC500,2000,600100,Opex,9056.28,9117.86,61.57999999999993,0.006799701422659185,Budget
2024-01-01,CC500,2000,600200,Opex,3211.61,2887.94,-323.6700000000001,-0.10078122810677513,Budget
2024-02-01,CC500,2000,600200,Opex,3227.28,2870.06,-357.22000000000025,-0.11068763788701329,Budget
2024-03-01,CC500,2000,600200,Opex,3389.68,2968.58,-421.0999999999999,-0.12423001581270206,Budget
2024-04-01,CC500,2000,600200,Opex,3310.24,2962.79,-347.4499999999998,-0.10496217796896896,Budget
2024-05-01,CC500,2000,600200,Opex,3272.85,2913.04,-359.80999999999995,-0.10993782177612782,Budget
2024-06-01,CC500,2000,600200,Opex,3247.05,3157.73,-89.32000000000016,-0.027508045764617163,Budget
2024-07-01,CC500,2000,600200,Opex,3454.11,3182.43,-271.6800000000003,-0.07865412508576747,Budget
2024-08-01,CC500,2000,600200,Opex,3460.7,3204.93,-255.76999999999998,-0.07390701303204554,Budget
2024-09-01,CC500,2000,600200,Opex,3308.77,3151.94,-156.82999999999993,-0.047398277909918164,Budget
2024-10-01,CC500,2000,600200,Opex,3475.74,3267.27,-208.4699999999998,-0.05997859448635393,Budget
2024-11-01,CC500,2000,600200,Opex,3519.83,3294.18,-225.6500000000001,-0.06410820977149467,Budget
2024-12-01,CC500,2000,600200,Opex,3610.98,3247.85,-363.1300000000001,-0.10056272812366729,Budget
2024-01-01,CC500,3000,500000,Opex,100805.93,82660.16,-18145.76999999999,-0.18000696982806458,Budget
2024-02-01,CC500,3000,500000,Opex,88770.99,87815.18,-955.8100000000122,-0.010767143635550445,Budget
2024-03-01,CC500,3000,500000,Opex,104783.65,95562.43,-9221.220000000001,-0.0880024698509739,Budget
2024-04-01,CC500,3000,500000,Opex,116528.37,77493.53,-39034.84,-0.33498142984408,Budget
2024-05-01,CC500,3000,500000,Opex,98783.35,98198.45,-584.9000000000087,-0.005921038312630709,Budget
2024-06-01,CC500,3000,500000,Opex,97635.21,91605.01,-6030.200000000012,-0.06176255471770902,Budget
2024-07-01,CC500,3000,500000,Opex,101530.34,90886.02,-10644.319999999992,-0.10483880975873805,Budget
2024-08-01,CC500,3000,500000,Opex,87284.35,83495.92,-3788.4300000000076,-0.043403313423311364,Budget
2024-09-01,CC500,3000,500000,Opex,91587.96,111860.01,20272.04999999999,0.22133968263950837,Budget
2024-10-01,CC500,3000,500000,Opex,112376.99,77589.43,-34787.56000000001,-0.3095612366908921,Budget
2024-11-01,CC500,3000,500000,Opex,94805.96,96348.71,1542.75,0.0162727111249124,Budget
2024-12-01,CC500,3000,500000,Opex,91293.31,93678.06,2384.75,0.026121848358877556,Budget
2024-01-01,CC500,3000,500100,Opex,33343.97,35592.26,2248.290000000001,0.06742718398559022,Budget
2024-02-01,CC500,3000,500100,Opex,40113.05,35846.91,-4266.139999999999,-0.1063529200596813,Budget
2024-03-01,CC500,3000,500100,Opex,43835.54,38327.19,-5508.3499999999985,-0.125659453493672,Budget
2024-04-01,CC500,3000,500100,Opex,40736.34,39346.98,-1389.3599999999933,-0.03410615681232024,Budget
2024-05-01,CC500,3000,500100,Opex,47057.23,40399.62,-6657.610000000001,-0.14147900333275035,Budget
2024-06-01,CC500,3000,500100,Opex,41093.6,37243.23,-3850.3699999999953,-0.09369755874394055,Budget
2024-07-01,CC500,3000,500100,Opex,38780.27,38586.98,-193.2899999999936,-0.004984235540391895,Budget
2024-08-01,CC500,3000,500100,Opex,35914.86,41492.06,5577.199999999997,0.15528948184678978,Budget
2024-09-01,CC500,3000,500100,Opex,43959.6,37869.61,-6089.989999999998,-0.13853606493234694,Budget
2024-10-01,CC500,3000,500100,Opex,41899.9,36376.63,-5523.270000000004,-0.1318206010038211,Budget
2024-11-01,CC500,3000,500100,Opex,38096.26,42674.91,4578.6500000000015,0.12018633850146973,Budget
2024-12-01,CC500,3000,500100,Opex,43044.24,46701.83,3657.590000000004,0.08497280937008074,Budget
2024-01-01,CC500,3000,600000,Opex,20184.97,19034.75,-1150.2200000000012,-0.056983983627421846,Budget
2024-02-01,CC500,3000,600000,Opex,20716.11,18907.73,-1808.380000000001,-0.0872934156074669,Budget
2024-03-01,CC500,3000,600000,Opex,21155.79,18644.66,-2511.130000000001,-0.11869705645593953,Budget
2024-04-01,CC500,3000,600000,Opex,21631.64,20339.21,-1292.4300000000003,-0.05974720363319657,Budget
2024-05-01,CC500,3000,600000,Opex,21722.12,19445.5,-2276.619999999999,-0.1048065290128219,Budget
2024-06-01,CC500,3000,600000,Opex,22658.18,20104.9,-2553.279999999999,-0.11268689718238617,Budget
2024-07-01,CC500,3000,600000,Opex,22307.32,20726.66,-1580.6599999999999,-0.0708583550153044,Budget
2024-08-01,CC500,3000,600000,Opex,22485.77,21194.86,-1290.9099999999999,-0.057410086468019546,Budget
2024-09-01,CC500,3000,600000,Opex,22350.7,21497.27,-853.4300000000003,-0.038183591565364855,Budget
2024-10-01,CC500,3000,600000,Opex,22624.0,20816.84,-1807.1599999999999,-0.07987800565770863,Budget
2024-11-01,CC500,3000,600000,Opex,23596.42,21696.61,-1899.8099999999977,-0.08051263708647319,Budget
2024-12-01,CC500,3000,600000,Opex,23390.08,22012.86,-1377.2200000000012,-0.05888051686868968,Budget
2024-01-01,CC500,3000,600100,Opex,4298.13,3897.66,-400.47000000000025,-0.09317307759420963,Budget
2024-02-01,CC500,3000,600100,Opex,4241.02,3929.3,-311.72000000000025,-0.07350118603543493,Budget
2024-03-01,CC500,3000,600100,Opex,4457.93,3843.22,-614.7100000000005,-0.1378913531616693,Budget
2024-04-01,CC500,3000,600100,Opex,4494.69,3932.21,-562.4799999999996,-0.1251432245605369,Budget
2024-05-01,CC500,3000,600100,Opex,4415.18,4115.15,-300.03000000000065,-0.06795419439298073,Budget
2024-06-01,CC500,3000,600100,Opex,4426.56,4027.05,-399.5100000000002,-0.09025292778139236,Budget
2024-07-01,CC500,3000,600100,Opex,4440.13,4186.68,-253.44999999999982,-0.05708166202340918,Budget
2024-08-01,CC500,3000,600100,Opex,4670.53,4272.67,-397.8599999999997,-0.08518519311512819,Budget
2024-09-01,CC500,3000,600100,Opex,4678.97,4313.96,-365.0100000000002,-0.07801075877810719,Budget
2024-10-01,CC500,3000,600100,Opex,4784.63,4356.78,-427.85000000000036,-0.08942175257020926,Budget
2024-11-01,CC500,3000,600100,Opex,4623.28,4464.49,-158.78999999999996,-0.034345745877385744,Budget
2024-12-01,CC500,3000,600100,Opex,4589.85,4573.39,-16.460000000000036,-0.0035861738401037147,Budget
2024-01-01,CC500,3000,600200,Opex,1572.63,1448.15,-124.48000000000002,-0.07915402860176901,Budget
2024-02-01,CC500,3000,600200,Opex,1638.05,1444.85,-193.20000000000005,-0.1179451176704008,Budget
2024-03-01,CC500,3000,600200,Opex,1661.68,1442.88,-218.79999999999995,-0.13167396851379323,Budget
2024-04-01,CC500,3000,600200,Opex,1556.79,1518.29,-38.5,-0.024730374681235106,Budget
2024-05-01,CC500,3000,600200,Opex,1674.65,1510.14,-164.51,-0.09823545218403844,Budget
2024-06-01,CC500,3000,600200,Opex,1688.0,1533.53,-154.47000000000003,-0.09151066350710903,Budget
2024-07-01,CC500,3000,600200,Opex,1638.91,1552.52,-86.3900000000001,-0.05271186337260746,Budget
2024-08-01,CC500,3000,600200,Opex,1776.14,1626.22,-149.92000000000007,-0.08440776064949838,Budget
2024-09-01,CC500,3000,600200,Opex,1787.75,1571.58,-216.17000000000007,-0.12091735421619358,Budget
2024-10-01,CC500,3000,600200,Opex,1804.89,1591.53,-213.36000000000013,-0.11821219021657836,Budget
2024-11-01,CC500,3000,600200,Opex,1762.42,1679.55,-82.87000000000012,-0.04702057398350003,Budget
2024-12-01,CC500,3000,600200,Opex,1745.12,1659.3,-85.81999999999994,-0.04917713395067384,Budget
2025-01-01,PC10,1000,400000,Revenue,969801.84,970241.13,439.29000000003725,0.0004529688250540309,Budget
2025-02-01,PC10,1000,400000,Revenue,974184.61,988739.7,14555.089999999967,0.01494079238225696,Budget
2025-03-01,PC10,1000,400000,Revenue,982691.01,979937.83,-2753.180000000051,-0.002801674149842941,Budget
2025-04-01,PC10,1000,400000,Revenue,1000677.14,1014580.8,13903.660000000033,0.013894251646440162,Budget
2025-05-01,PC10,1000,400000,Revenue,1019191.03,1037861.95,18670.919999999925,0.01831935275176031,Budget
2025-06-01,PC10,1000,400000,Revenue,1036871.31,1050733.19,13861.879999999888,0.013368949325061262,Budget
2025-07-01,PC10,1000,400000,Revenue,1050756.04,1062904.8,12148.76000000001,0.01156192259432552,Budget
2025-08-01,PC10,1000,400000,Revenue,1061074.0,1074133.21,13059.209999999963,0.01230753934221361,Budget
2025-09-01,PC10,1000,400000,Revenue,1089656.47,1083943.25,-5713.219999999972,-0.005243138693059816,Budget
2025-10-01,PC10,1000,400000,Revenue,1118885.29,1104690.2,-14195.090000000084,-0.012686814391848947,Budget
2025-11-01,PC10,1000,400000,Revenue,1166501.36,1118676.51,-47824.85000000009,-0.04099853771280652,Budget
2025-12-01,PC10,1000,400000,Revenue,1189081.07,1143777.13,-45303.94000000018,-0.03809995898765774,Budget
2025-01-01,PC10,2000,400000,Revenue,528982.82,529222.43,239.61000000010245,0.00045296367091865567,Budget
2025-02-01,PC10,2000,400000,Revenue,531373.42,539312.56,7939.140000000014,0.01494079248450179,Budget
2025-03-01,PC10,2000,400000,Revenue,536013.27,534511.54,-1501.7299999999814,-0.0028016657124924934,Budget
2025-04-01,PC10,2000,400000,Revenue,545823.89,553407.71,7583.819999999949,0.013894261755380381,Budget
2025-05-01,PC10,2000,400000,Revenue,555922.38,566106.52,10184.140000000014,0.01831935602232818,Budget
2025-06-01,PC10,2000,400000,Revenue,565566.17,573127.19,7561.019999999902,0.01336893965917357,Budget
2025-07-01,PC10,2000,400000,Revenue,573139.66,579766.26,6626.599999999977,0.011561928902285312,Budget
2025-08-01,PC10,2000,400000,Revenue,578767.64,585890.84,7123.199999999953,0.012307529840472687,Budget
2025-09-01,PC10,2000,400000,Revenue,594358.08,591241.77,-3116.3099999999395,-0.005243152410748651,Budget
2025-10-01,PC10,2000,400000,Revenue,610301.07,602558.29,-7742.7799999999115,-0.012686820293465833,Budget
2025-11-01,PC10,2000,400000,Revenue,636273.47,610187.19,-26086.280000000028,-0.0409985347966811,Budget
2025-12-01,PC10,2000,400000,Revenue,648589.68,623878.43,-24711.25,-0.03809997408531076,Budget
2025-01-01,PC10,3000,400000,Revenue,264491.42,264611.22,119.79999999998836,0.0004529447495876742,Budget
2025-02-01,PC10,3000,400000,Revenue,265686.72,269656.28,3969.560000000056,0.014940754283842476,Budget
2025-03-01,PC10,3000,400000,Revenue,268006.64,267255.77,-750.8699999999953,-0.0028016843164781115,Budget
2025-04-01,PC10,3000,400000,Revenue,272911.95,276703.86,3791.9099999999744,0.013894261500824623,Budget
2025-05-01,PC10,3000,400000,Revenue,277961.19,283053.26,5092.070000000007,0.01831935602232818,Budget
2025-06-01,PC10,3000,400000,Revenue,282783.08,286563.6,3780.5199999999604,0.013368975258349828,Budget
2025-07-01,PC10,3000,400000,Revenue,286569.83,289883.13,3313.2999999999884,0.011561928902285312,Budget
2025-08-01,PC10,3000,400000,Revenue,289383.82,292945.42,3561.5999999999767,0.012307529840472687,Budget
2025-09-01,PC10,3000,400000,Revenue,297179.04,295620.89,-1558.149999999965,-0.00524313558587431,Budget
2025-10-01,PC10,3000,400000,Revenue,305150.53,301279.14,-3871.390000000014,-0.012686820501344086,Budget
2025-11-01,PC10,3000,400000,Revenue,318136.73,305093.59,-13043.139999999956,-0.04099853544103492,Budget
2025-12-01,PC10,3000,400000,Revenue,324294.84,311939.22,-12355.620000000054,-0.0380999586672426,Budget
2025-01-01,PC20,1000,400000,Revenue,688510.48,705952.68,17442.20000000007,0.0253332382101142,Budget
2025-02-01,PC20,1000,400000,Revenue,712320.11,721293.05,8972.94000000006,0.012596780399756032,Budget
2025-03-01,PC20,1000,400000,Revenue,729276.61,722659.57,-6617.040000000037,-0.00907342962775131,Budget
2025-04-01,PC20,1000,400000,Revenue,740994.28,737956.15,-3038.1300000000047,-0.0041000721355096085,Budget
2025-05-01,PC20,1000,400000,Revenue,750235.67,729872.33,-20363.340000000084,-0.027142591074082206,Budget
2025-06-01,PC20,1000,400000,Revenue,769307.71,740221.91,-29085.79999999993,-0.03780775835458601,Budget
2025-07-01,PC20,1000,400000,Revenue,784735.77,749765.96,-34969.810000000056,-0.04456252835269642,Budget
2025-08-01,PC20,1000,400000,Revenue,789926.76,756625.11,-33301.65000000002,-0.04215789575225939,Budget
2025-09-01,PC20,1000,400000,Revenue,807935.81,772130.71,-35805.10000000009,-0.04431676323395059,Budget
2025-10-01,PC20,1000,400000,Revenue,830872.79,778226.1,-52646.69000000006,-0.06336311723482972,Budget
2025-11-01,PC20,1000,400000,Revenue,845533.92,790118.31,-55415.609999999986,-0.06553919208823696,Budget
2025-12-01,PC20,1000,400000,Revenue,859640.32,799546.3,-60094.0199999999,-0.0699060044089136,Budget
2025-01-01,PC20,2000,400000,Revenue,375551.17,385065.1,9513.929999999993,0.025333245533491464,Budget
2025-02-01,PC20,2000,400000,Revenue,388538.24,393432.57,4894.330000000016,0.012596778118931142,Budget
2025-03-01,PC20,2000,400000,Revenue,397787.25,394177.95,-3609.2999999999884,-0.009073443153343875,Budget
2025-04-01,PC20,2000,400000,Revenue,404178.69,402521.54,-1657.1500000000233,-0.004100042978515328,Budget
2025-05-01,PC20,2000,400000,Revenue,409219.46,398112.18,-11107.280000000028,-0.027142599718987036,Budget
2025-06-01,PC20,2000,400000,Revenue,419622.39,403757.41,-15864.98000000004,-0.03780775377596043,Budget
2025-07-01,PC20,2000,400000,Revenue,428037.7,408963.25,-19074.45000000001,-0.04456254671025475,Budget
2025-08-01,PC20,2000,400000,Revenue,430869.14,412704.6,-18164.540000000037,-0.04215790436975839,Budget
2025-09-01,PC20,2000,400000,Revenue,440692.26,421162.2,-19530.059999999998,-0.04431677561117138,Budget
2025-10-01,PC20,2000,400000,Revenue,453203.33,424486.96,-28716.369999999995,-0.06336310459148654,Budget
2025-11-01,PC20,2000,400000,Revenue,461200.32,430973.62,-30226.70000000001,-0.06553919997280143,Budget
2025-12-01,PC20,2000,400000,Revenue,468894.72,436116.17,-32778.54999999999,-0.06990599083734615,Budget
2025-01-01,PC20,3000,400000,Revenue,187775.58,192532.55,4756.970000000001,0.025333272835583846,Budget
2025-02-01,PC20,3000,400000,Revenue,194269.13,196716.29,2447.1600000000035,0.01259675173302111,Budget
2025-03-01,PC20,3000,400000,Revenue,198893.62,197088.97,-1804.6499999999942,-0.00907344338144177,Budget
2025-04-01,PC20,3000,400000,Revenue,202089.35,201260.77,-828.5800000000163,-0.004100067618605415,Budget
2025-05-01,PC20,3000,400000,Revenue,204609.73,199056.09,-5553.640000000014,-0.027142599718987036,Budget
2025-06-01,PC20,3000,400000,Revenue,209811.19,201878.7,-7932.489999999991,-0.037807754676954984,Budget
2025-07-01,PC20,3000,400000,Revenue,214018.85,204481.63,-9537.220000000001,-0.04456252334782661,Budget
2025-08-01,PC20,3000,400000,Revenue,215434.57,206352.3,-9082.270000000019,-0.04215790436975839,Budget
2025-09-01,PC20,3000,400000,Revenue,220346.13,210581.1,-9765.029999999999,-0.04431677561117138,Budget
2025-10-01,PC20,3000,400000,Revenue,226601.67,212243.48,-14358.190000000002,-0.06336312525852082,Budget
2025-11-01,PC20,3000,400000,Revenue,230600.16,215486.81,-15113.350000000006,-0.06553919997280143,Budget
2025-12-01,PC20,3000,400000,Revenue,234447.36,218058.08,-16389.28,-0.06990601216409517,Budget
2025-01-01,PC30,1000,400100,Revenue,169890.55,194563.74,24673.190000000002,0.14522991420064274,Budget
2025-02-01,PC30,1000,400100,Revenue,154377.64,207973.35,53595.70999999999,0.3471727511833967,Budget
2025-03-01,PC30,1000,400100,Revenue,195942.87,190624.69,-5318.179999999993,-0.027141482616846395,Budget
2025-04-01,PC30,1000,400100,Revenue,208736.37,182649.92,-26086.449999999983,-0.12497318986624124,Budget
2025-05-01,PC30,1000,400100,Revenue,174631.73,177939.26,3307.529999999999,0.01894002882523124,Budget
2025-06-01,PC30,1000,400100,Revenue,272376.38,213919.62,-58456.76000000001,-0.2146175817447901,Budget
2025-07-01,PC30,1000,400100,Revenue,160196.75,193896.15,33699.399999999994,0.21036256977747672,Budget
2025-08-01,PC30,1000,400100,Revenue,171875.49,197809.51,25934.02000000002,0.1508884134672141,Budget
2025-09-01,PC30,1000,400100,Revenue,318398.85,221661.97,-96736.87999999998,-0.30382295664698533,Budget
2025-10-01,PC30,1000,400100,Revenue,216867.92,191199.1,-25668.820000000007,-0.11836153544516868,Budget
2025-11-01,PC30,1000,400100,Revenue,241834.5,203856.03,-37978.47,-0.15704322584246666,Budget
2025-12-01,PC30,1000,400100,Revenue,251555.33,189651.92,-61903.409999999974,-0.24608268089568994,Budget
2025-01-01,PC30,2000,400100,Revenue,92667.58,106125.67,13458.089999999997,0.1452297556491709,Budget
2025-02-01,PC30,2000,400100,Revenue,84205.98,113440.01,29234.03,0.34717284924419856,Budget
2025-03-01,PC30,2000,400100,Revenue,106877.92,103977.11,-2900.8099999999977,-0.027141340325485354,Budget
2025-04-01,PC30,2000,400100,Revenue,113856.2,99627.23,-14228.970000000001,-0.12497316790829135,Budget
2025-05-01,PC30,2000,400100,Revenue,95253.66,97057.78,1804.1199999999953,0.018940164608897917,Budget
2025-06-01,PC30,2000,400100,Revenue,148568.94,116683.43,-31885.51000000001,-0.21461760446025938,Budget
2025-07-01,PC30,2000,400100,Revenue,87380.05,105761.54,18381.48999999999,0.21036254843067714,Budget
2025-08-01,PC30,2000,400100,Revenue,93750.27,107896.1,14145.830000000002,0.15088841877468728,Budget
2025-09-01,PC30,2000,400100,Revenue,173672.11,120906.53,-52765.57999999999,-0.3038229914981743,Budget
2025-10-01,PC30,2000,400100,Revenue,118291.59,104290.42,-14001.169999999998,-0.11836149974820694,Budget
2025-11-01,PC30,2000,400100,Revenue,131909.72,111194.2,-20715.520000000004,-0.15704316558324893,Budget
2025-12-01,PC30,2000,400100,Revenue,137212.0,103446.5,-33765.5,-0.24608270413666444,Budget
2025-01-01,PC30,3000,400100,Revenue,46333.79,53062.84,6729.049999999996,0.1452298635617763,Budget
2025-02-01,PC30,3000,400100,Revenue,42103.0,56720.0,14617.0,0.34717241051706527,Budget
2025-03-01,PC30,3000,400100,Revenue,53438.97,51988.55,-1450.4199999999983,-0.027141615940576666,Budget
2025-04-01,PC30,3000,400100,Revenue,56928.1,49813.61,-7114.489999999998,-0.12497325573837872,Budget
2025-05-01,PC30,3000,400100,Revenue,47626.84,48528.89,902.0500000000029,0.018939950666473002,Budget
2025-06-01,PC30,3000,400100,Revenue,74284.47,58341.71,-15942.760000000002,-0.2146176717690791,Budget
2025-07-01,PC30,3000,400100,Revenue,43690.02,52880.77,9190.75,0.21036268694772858,Budget
2025-08-01,PC30,3000,400100,Revenue,46875.14,53948.05,7072.9100000000035,0.15088829601362264,Budget
2025-09-01,PC30,3000,400100,Revenue,86836.05,60453.26,-26382.79,-0.3038230089922331,Budget
2025-10-01,PC30,3000,400100,Revenue,59145.79,52145.21,-7000.580000000002,-0.1183614252172471,Budget
2025-11-01,PC30,3000,400100,Revenue,65954.87,55597.1,-10357.769999999997,-0.15704329339137502,Budget
2025-12-01,PC30,3000,400100,Revenue,68606.0,51723.25,-16882.75,-0.24608270413666444,Budget
2025-01-01,PC40,1000,400200,Revenue,473083.18,387795.83,-85287.34999999998,-0.18027981886821676,Budget
2025-02-01,PC40,1000,400200,Revenue,475317.57,393890.16,-81427.41000000003,-0.17131159279468677,Budget
2025-03-01,PC40,1000,400200,Revenue,477646.65,399871.85,-77774.80000000005,-0.1628291541456431,Budget
2025-04-01,PC40,1000,400200,Revenue,480448.52,402865.59,-77582.93,-0.16148021436302892,Budget
2025-05-01,PC40,1000,400200,Revenue,479096.52,402757.94,-76338.58000000002,-0.15933862345733593,Budget
2025-06-01,PC40,1000,400200,Revenue,477241.83,407448.19,-69793.64000000001,-0.14624376073656412,Budget
2025-07-01,PC40,1000,400200,Revenue,475284.06,411464.01,-63820.04999999999,-0.13427769910903384,Budget
2025-08-01,PC40,1000,400200,Revenue,471744.06,413028.61,-58715.45000000001,-0.12446463024886845,Budget
2025-09-01,PC40,1000,400200,Revenue,475682.15,416862.46,-58819.69,-0.1236533470932218,Budget
2025-10-01,PC40,1000,400200,Revenue,475566.59,418355.93,-57210.66000000003,-0.12029999836615947,Budget
2025-11-01,PC40,1000,400200,Revenue,478834.48,417643.78,-61190.69999999995,-0.12779092265870234,Budget
2025-12-01,PC40,1000,400200,Revenue,475996.07,422550.62,-53445.45000000001,-0.11228128417110673,Budget
2025-01-01,PC40,2000,400200,Revenue,258045.36,211525.0,-46520.359999999986,-0.18027977716785912,Budget
2025-02-01,PC40,2000,400200,Revenue,259264.14,214849.18,-44414.96000000002,-0.1713116206506616,Budget
2025-03-01,PC40,2000,400200,Revenue,260534.54,218111.92,-42422.619999999995,-0.16282915885164398,Budget
2025-04-01,PC40,2000,400200,Revenue,262062.83,219744.86,-42317.97,-0.16148024502368383,Budget
2025-05-01,PC40,2000,400200,Revenue,261325.37,219686.15,-41639.22,-0.159338605356227,Budget
2025-06-01,PC40,2000,400200,Revenue,260313.72,222244.47,-38069.25,-0.14624373237031071,Budget
2025-07-01,PC40,2000,400200,Revenue,259245.86,224434.92,-34810.93999999997,-0.13427770842705058,Budget
2025-08-01,PC40,2000,400200,Revenue,257314.94,225288.33,-32026.610000000015,-0.1244646346613221,Budget
2025-09-01,PC40,2000,400200,Revenue,259462.99,227379.52,-32083.47,-0.12365335803769163,Budget
2025-10-01,PC40,2000,400200,Revenue,259399.95,228194.14,-31205.809999999998,-0.12029998463762231,Budget
2025-11-01,PC40,2000,400200,Revenue,261182.44,227805.7,-33376.73999999999,-0.12779090355385297,Budget
2025-12-01,PC40,2000,400200,Revenue,259634.23,230482.16,-29152.070000000007,-0.11228130435651727,Budget
2025-01-01,PC40,3000,400200,Revenue,129022.68,105762.5,-23260.179999999993,-0.18027977716785912,Budget
2025-02-01,PC40,3000,400200,Revenue,129632.07,107424.59,-22207.48000000001,-0.1713116206506616,Budget
2025-03-01,PC40,3000,400200,Revenue,130267.27,109055.96,-21211.309999999998,-0.16282915885164398,Budget
2025-04-01,PC40,3000,400200,Revenue,131031.41,109872.43,-21158.98000000001,-0.16148021302678503,Budget
2025-05-01,PC40,3000,400200,Revenue,130662.68,109843.07,-20819.609999999986,-0.15933861145355344,Budget
2025-06-01,PC40,3000,400200,Revenue,130156.86,111122.23,-19034.630000000005,-0.14624377078549686,Budget
2025-07-01,PC40,3000,400200,Revenue,129622.93,112217.46,-17405.469999999987,-0.13427770842705058,Budget
2025-08-01,PC40,3000,400200,Revenue,128657.48,112644.17,-16013.309999999998,-0.1244646638500925,Budget
2025-09-01,PC40,3000,400200,Revenue,129731.49,113689.76,-16041.73000000001,-0.12365332426228982,Budget
2025-10-01,PC40,3000,400200,Revenue,129699.98,114097.07,-15602.909999999989,-0.12030001855050393,Budget
2025-11-01,PC40,3000,400200,Revenue,130591.22,113902.85,-16688.369999999995,-0.12779090355385297,Budget
2025-12-01,PC40,3000,400200,Revenue,129817.11,115241.08,-14576.029999999999,-0.11228127016538882,Budget
2025-01-01,CC100,1000,600000,Opex,240197.99,220351.06,-19846.929999999993,-0.08262737752301755,Budget
2025-02-01,CC100,1000,600000,Opex,242228.88,232031.08,-10197.800000000017,-0.04209985200773755,Budget
2025-03-01,CC100,1000,600000,Opex,247868.87,229397.46,-18471.410000000003,-0.0745208948586404,Budget
2025-04-01,CC100,1000,600000,Opex,242548.74,250253.18,7704.440000000002,0.0317645022604529,Budget
2025-05-01,CC100,1000,600000,Opex,255928.23,241315.96,-14612.270000000019,-0.057095186412221964,Budget
2025-06-01,CC100,1000,600000,Opex,257405.9,241298.78,-16107.119999999995,-0.06257478946675268,Budget
2025-07-01,CC100,1000,600000,Opex,252389.99,240251.1,-12138.889999999985,-0.048095766397074566,Budget
2025-08-01,CC100,1000,600000,Opex,268452.94,242008.63,-26444.309999999998,-0.0985063154830787,Budget
2025-09-01,CC100,1000,600000,Opex,268859.19,248262.16,-20597.03,-0.07660898628758049,Budget
2025-10-01,CC100,1000,600000,Opex,261163.54,249895.35,-11268.190000000002,-0.04314610684171306,Budget
2025-11-01,CC100,1000,600000,Opex,274721.45,255936.2,-18785.25,-0.06837926197608522,Budget
2025-12-01,CC100,1000,600000,Opex,276405.41,261009.11,-15396.299999999988,-0.055701876457483195,Budget
2025-01-01,CC100,1000,600100,Opex,50349.88,46591.26,-3758.6199999999953,-0.07465002895736783,Budget
2025-02-01,CC100,1000,600100,Opex,51013.53,47472.5,-3541.029999999999,-0.06941354577893352,Budget
2025-03-01,CC100,1000,600100,Opex,49987.0,48157.91,-1829.0899999999965,-0.03659131374157274,Budget
2025-04-01,CC100,1000,600100,Opex,51135.59,48277.95,-2857.6399999999994,-0.05588358323429923,Budget
2025-05-01,CC100,1000,600100,Opex,51149.04,51757.43,608.3899999999994,0.011894455888126139,Budget
2025-06-01,CC100,1000,600100,Opex,50666.05,48626.52,-2039.530000000006,-0.040254371517021874,Budget
2025-07-01,CC100,1000,600100,Opex,51870.37,49387.33,-2483.040000000001,-0.047870103876259236,Budget
2025-08-01,CC100,1000,600100,Opex,52973.1,50551.08,-2422.019999999997,-0.045721696483686944,Budget
2025-09-01,CC100,1000,600100,Opex,52992.5,50421.09,-2571.4100000000035,-0.04852403642024821,Budget
2025-10-01,CC100,1000,600100,Opex,54302.78,51982.9,-2319.8799999999974,-0.04272120138232329,Budget
2025-11-01,CC100,1000,600100,Opex,54345.59,50070.32,-4275.269999999997,-0.07866820472461514,Budget
2025-12-01,CC100,1000,600100,Opex,56047.04,52132.01,-3915.029999999999,-0.06985257383797608,Budget
2025-01-01,CC100,1000,600200,Opex,19078.51,17675.61,-1402.8999999999978,-0.07353299602537085,Budget
2025-02-01,CC100,1000,600200,Opex,18927.97,18199.91,-728.0600000000013,-0.03846476933342568,Budget
2025-03-01,CC100,1000,600200,Opex,18041.08,17982.25,-58.830000000001746,-0.0032608912548473673,Budget
2025-04-01,CC100,1000,600200,Opex,19271.91,18345.68,-926.2299999999996,-0.04806114183804302,Budget
2025-05-01,CC100,1000,600200,Opex,18336.17,18394.04,57.87000000000262,0.0031560571264338533,Budget
2025-06-01,CC100,1000,600200,Opex,20006.88,18870.72,-1136.1599999999999,-0.05678846476811976,Budget
2025-07-01,CC100,1000,600200,Opex,19362.37,19560.84,198.47000000000116,0.010250294772799052,Budget
2025-08-01,CC100,1000,600200,Opex,19151.74,19182.83,31.090000000000146,0.0016233511941995946,Budget
2025-09-01,CC100,1000,600200,Opex,19620.86,19002.35,-618.510000000002,-0.03152308308606259,Budget
2025-10-01,CC100,1000,600200,Opex,20853.73,19433.49,-1420.239999999998,-0.06810484263486666,Budget
2025-11-01,CC100,1000,600200,Opex,20392.14,19808.98,-583.1599999999999,-0.028597292878530644,Budget
2025-12-01,CC100,1000,600200,Opex,20969.7,20492.0,-477.7000000000007,-0.022780488037501764,Budget
2025-01-01,CC100,1000,610000,Opex,123585.36,107330.76,-16254.600000000006,-0.13152528746123332,Budget
2025-02-01,CC100,1000,610000,Opex,77032.94,101369.2,24336.259999999995,0.31592017648553977,Budget
2025-03-01,CC100,1000,610000,Opex,109150.43,114143.13,4992.700000000012,0.04574145974505105,Budget
2025-04-01,CC100,1000,610000,Opex,124001.34,112284.86,-11716.479999999996,-0.0944867208693067,Budget
2025-05-01,CC100,1000,610000,Opex,115083.0,104382.64,-10700.36,-0.09297950175091022,Budget
2025-06-01,CC100,1000,610000,Opex,116921.68,108705.51,-8216.169999999998,-0.07027071455011594,Budget
2025-07-01,CC100,1000,610000,Opex,105484.88,109618.72,4133.8399999999965,0.03918893399698607,Budget
2025-08-01,CC100,1000,610000,Opex,108395.51,107403.16,-992.3499999999913,-0.009154899497220792,Budget
2025-09-01,CC100,1000,610000,Opex,108836.64,107220.85,-1615.7899999999936,-0.01484601141674342,Budget
2025-10-01,CC100,1000,610000,Opex,128054.73,118326.52,-9728.209999999992,-0.07596915787491795,Budget
2025-11-01,CC100,1000,610000,Opex,115951.87,108022.73,-7929.139999999999,-0.06838302823404228,Budget
2025-12-01,CC100,1000,610000,Opex,114756.13,93544.92,-21211.210000000006,-0.18483727187384244,Budget
2025-01-01,CC100,1000,620000,Opex,14621.8,13925.71,-696.0900000000001,-0.047606313860126676,Budget
2025-02-01,CC100,1000,620000,Opex,16610.7,14809.68,-1801.0200000000004,-0.10842529213097583,Budget
2025-03-01,CC100,1000,620000,Opex,18053.82,13611.73,-4442.09,-0.24604709695787375,Budget
2025-04-01,CC100,1000,620000,Opex,18414.76,15316.38,-3098.379999999999,-0.16825524742109044,Budget
2025-05-01,CC100,1000,620000,Opex,16823.74,18632.61,1808.869999999999,0.10751889888930753,Budget
2025-06-01,CC100,1000,620000,Opex,15676.74,16406.28,729.539999999999,0.04653646102442211,Budget
2025-07-01,CC100,1000,620000,Opex,16326.07,16883.47,557.4000000000015,0.034141713223084395,Budget
2025-08-01,CC100,1000,620000,Opex,18088.27,17364.38,-723.8899999999994,-0.04001985817328022,Budget
2025-09-01,CC100,1000,620000,Opex,14820.34,15572.61,752.2700000000004,0.050759294321182945,Budget
2025-10-01,CC100,1000,620000,Opex,17553.45,14695.47,-2857.9800000000014,-0.1628158567119285,Budget
2025-11-01,CC100,1000,620000,Opex,20328.19,19467.24,-860.9499999999971,-0.042352516382422496,Budget
2025-12-01,CC100,1000,620000,Opex,15648.8,18688.27,3039.470000000001,0.1942302285159246,Budget
2025-01-01,CC100,1000,630000,Opex,12134.89,11779.46,-355.4300000000003,-0.029289923518054164,Budget
2025-02-01,CC100,1000,630000,Opex,12713.46,12903.94,190.48000000000138,0.01498254605748564,Budget
2025-03-01,CC100,1000,630000,Opex,13815.23,13088.75,-726.4799999999996,-0.05258544374577909,Budget
2025-04-01,CC100,1000,630000,Opex,11429.85,11109.36,-320.4899999999998,-0.028039738054305156,Budget
2025-05-01,CC100,1000,630000,Opex,13417.15,11396.19,-2020.9599999999991,-0.15062513275919245,Budget
2025-06-01,CC100,1000,630000,Opex,13209.0,11832.75,-1376.25,-0.10419032477856008,Budget
2025-07-01,CC100,1000,630000,Opex,12208.03,11536.24,-671.7900000000009,-0.05502853449737598,Budget
2025-08-01,CC100,1000,630000,Opex,15871.62,14377.91,-1493.710000000001,-0.09411200620982614,Budget
2025-09-01,CC100,1000,630000,Opex,12261.94,12934.88,672.9399999999987,0.05488038597481301,Budget
2025-10-01,CC100,1000,630000,Opex,14108.05,10340.43,-3767.619999999999,-0.26705462484184556,Budget
2025-11-01,CC100,1000,630000,Opex,15882.53,12049.72,-3832.8100000000013,-0.24132238377638834,Budget
2025-12-01,CC100,1000,630000,Opex,15053.61,12921.08,-2132.5300000000007,-0.14166236537282423,Budget
2025-01-01,CC100,1000,640000,Opex,7730.79,6613.48,-1117.3100000000004,-0.14452727340931526,Budget
2025-02-01,CC100,1000,640000,Opex,9335.45,7290.82,-2044.630000000001,-0.2190178298850083,Budget
2025-03-01,CC100,1000,640000,Opex,10398.59,10375.98,-22.610000000000582,-0.002174333250950425,Budget
2025-04-01,CC100,1000,640000,Opex,8767.25,10276.19,1508.9400000000005,0.1721109812084748,Budget
2025-05-01,CC100,1000,640000,Opex,10867.07,8810.0,-2057.0699999999997,-0.18929389430637694,Budget
2025-06-01,CC100,1000,640000,Opex,8031.9,10519.3,2487.3999999999996,0.30969011068364893,Budget
2025-07-01,CC100,1000,640000,Opex,10534.52,8662.56,-1871.960000000001,-0.17769770241074115,Budget
2025-08-01,CC100,1000,640000,Opex,8285.43,8552.91,267.47999999999956,0.03228317661243889,Budget
2025-09-01,CC100,1000,640000,Opex,9609.86,8556.02,-1053.8400000000001,-0.10966236760993398,Budget
2025-10-01,CC100,1000,640000,Opex,10156.54,9207.24,-949.3000000000011,-0.09346686962292286,Budget
2025-11-01,CC100,1000,640000,Opex,12519.3,8141.37,-4377.929999999999,-0.34969447173564017,Budget
2025-12-01,CC100,1000,640000,Opex,11208.53,10765.3,-443.2300000000014,-0.03954399015749624,Budget
2025-01-01,CC100,2000,600000,Opex,129536.27,123362.49,-6173.779999999999,-0.04766062817772967,Budget
2025-02-01,CC100,2000,600000,Opex,131866.29,131092.01,-774.2799999999988,-0.00587170534637775,Budget
2025-03-01,CC100,2000,600000,Opex,137460.32,131438.51,-6021.809999999998,-0.043807623901937646,Budget
2025-04-01,CC100,2000,600000,Opex,131987.8,137659.07,5671.270000000019,0.04296813796426654,Budget
2025-05-01,CC100,2000,600000,Opex,134648.12,131455.27,-3192.850000000006,-0.023712547936057378,Budget
2025-06-01,CC100,2000,600000,Opex,139990.31,130620.41,-9369.899999999994,-0.06693248982733158,Budget
2025-07-01,CC100,2000,600000,Opex,144287.42,136125.02,-8162.400000000023,-0.05657042034572399,Budget
2025-08-01,CC100,2000,600000,Opex,134233.18,131296.52,-2936.6600000000035,-0.021877303361210722,Budget
2025-09-01,CC100,2000,600000,Opex,137719.69,131911.9,-5807.790000000008,-0.0421710940534357,Budget
2025-10-01,CC100,2000,600000,Opex,144573.97,138486.96,-6087.010000000009,-0.04210308397839534,Budget
2025-11-01,CC100,2000,600000,Opex,144756.76,137243.73,-7513.029999999999,-0.051901064931268136,Budget
2025-12-01,CC100,2000,600000,Opex,150819.16,140735.59,-10083.570000000007,-0.06685868028969268,Budget
2025-01-01,CC100,2000,600100,Opex,27527.97,25875.29,-1652.6800000000003,-0.06003639207685856,Budget
2025-02-01,CC100,2000,600100,Opex,27874.23,26237.97,-1636.2599999999984,-0.05870153184500517,Budget
2025-03-01,CC100,2000,600100,Opex,27565.49,26742.92,-822.5700000000033,-0.02984057239686301,Budget
2025-04-01,CC100,2000,600100,Opex,27642.96,27091.46,-551.5,-0.019950830157117763,Budget
2025-05-01,CC100,2000,600100,Opex,28608.71,27499.46,-1109.25,-0.03877315684628912,Budget
2025-06-01,CC100,2000,600100,Opex,27896.78,28205.98,309.2000000000007,0.011083716471936931,Budget
2025-07-01,CC100,2000,600100,Opex,28409.04,26593.91,-1815.130000000001,-0.0638926904957014,Budget
2025-08-01,CC100,2000,600100,Opex,29681.33,27314.2,-2367.130000000001,-0.07975148013919864,Budget
2025-09-01,CC100,2000,600100,Opex,29076.39,26852.99,-2223.399999999998,-0.0764675394710278,Budget
2025-10-01,CC100,2000,600100,Opex,27845.02,28625.82,780.7999999999993,0.02804092078224398,Budget
2025-11-01,CC100,2000,600100,Opex,29964.57,27297.55,-2667.0200000000004,-0.08900578249579422,Budget
2025-12-01,CC100,2000,600100,Opex,29689.11,29479.74,-209.36999999999898,-0.0070520807124228035,Budget
2025-01-01,CC100,2000,600200,Opex,10454.79,9427.1,-1027.6900000000005,-0.09829848327895639,Budget
2025-02-01,CC100,2000,600200,Opex,10416.72,9744.1,-672.619999999999,-0.0645711893955102,Budget
2025-03-01,CC100,2000,600200,Opex,10359.49,9774.98,-584.5100000000002,-0.0564226617333479,Budget
2025-04-01,CC100,2000,600200,Opex,10512.0,9936.63,-575.3700000000008,-0.05473458904109597,Budget
2025-05-01,CC100,2000,600200,Opex,10836.71,10183.92,-652.789999999999,-0.0602387625026414,Budget
2025-06-01,CC100,2000,600200,Opex,10392.22,9869.6,-522.619999999999,-0.050289543523905286,Budget
2025-07-01,CC100,2000,600200,Opex,10830.04,10164.25,-665.7900000000009,-0.06147622723461786,Budget
2025-08-01,CC100,2000,600200,Opex,10812.63,10334.86,-477.7699999999986,-0.044186289552125495,Budget
2025-09-01,CC100,2000,600200,Opex,11096.94,10026.01,-1070.9300000000003,-0.09650678475327434,Budget
2025-10-01,CC100,2000,600200,Opex,10933.05,10592.04,-341.0099999999984,-0.03119074732119568,Budget
2025-11-01,CC100,2000,600200,Opex,10831.83,10817.76,-14.069999999999709,-0.001298949484990044,Budget
2025-12-01,CC100,2000,600200,Opex,11217.81,10724.83,-492.97999999999956,-0.043946189140304535,Budget
2025-01-01,CC100,2000,610000,Opex,51785.21,56424.29,4639.080000000002,0.08958310683687488,Budget
2025-02-01,CC100,2000,610000,Opex,55025.16,56800.82,1775.6599999999962,0.03226996523045087,Budget
2025-03-01,CC100,2000,610000,Opex,56474.97,53243.88,-3231.090000000004,-0.05721277939589881,Budget
2025-04-01,CC100,2000,610000,Opex,66751.73,49887.34,-16864.39,-0.25264348953952204,Budget
2025-05-01,CC100,2000,610000,Opex,50760.32,51513.09,752.7699999999968,0.014829890749309634,Budget
2025-06-01,CC100,2000,610000,Opex,52821.58,62251.59,9430.009999999995,0.1785257086213626,Budget
2025-07-01,CC100,2000,610000,Opex,66015.89,59991.39,-6024.5,-0.09125833189554818,Budget
2025-08-01,CC100,2000,610000,Opex,57151.68,56774.94,-376.73999999999796,-0.006591932205667409,Budget
2025-09-01,CC100,2000,610000,Opex,57812.81,53064.13,-4748.68,-0.08213888928768556,Budget
2025-10-01,CC100,2000,610000,Opex,65705.01,63536.77,-2168.239999999998,-0.03299961448906252,Budget
2025-11-01,CC100,2000,610000,Opex,74786.26,49331.14,-25455.119999999995,-0.34037161371620933,Budget
2025-12-01,CC100,2000,610000,Opex,54961.22,56123.16,1161.9400000000023,0.021141088207285105,Budget
2025-01-01,CC100,2000,620000,Opex,7939.61,8371.44,431.83000000000084,0.05438932138984168,Budget
2025-02-01,CC100,2000,620000,Opex,8865.94,8156.7,-709.2400000000007,-0.07999602974980663,Budget
2025-03-01,CC100,2000,620000,Opex,8327.18,9348.44,1021.2600000000002,0.12264175867460535,Budget
2025-04-01,CC100,2000,620000,Opex,8613.12,8650.55,37.42999999999847,0.004345695868628147,Budget
2025-05-01,CC100,2000,620000,Opex,9102.17,8001.71,-1100.46,-0.1209008401293318,Budget
2025-06-01,CC100,2000,620000,Opex,9891.39,8927.74,-963.6499999999996,-0.09742311242403744,Budget
2025-07-01,CC100,2000,620000,Opex,9405.97,8636.26,-769.7099999999991,-0.08183207048289536,Budget
2025-08-01,CC100,2000,620000,Opex,9418.86,9717.17,298.3099999999995,0.03167156110187427,Budget
2025-09-01,CC100,2000,620000,Opex,10463.59,8768.89,-1694.7000000000007,-0.1619616212026657,Budget
2025-10-01,CC100,2000,620000,Opex,8110.31,9033.43,923.1199999999999,0.11382055679745902,Budget
2025-11-01,CC100,2000,620000,Opex,8221.82,8906.66,684.8400000000001,0.08329542607354579,Budget
2025-12-01,CC100,2000,620000,Opex,9022.71,10286.6,1263.8900000000012,0.14007875682583185,Budget
2025-01-01,CC100,2000,630000,Opex,6733.88,6191.08,-542.8000000000002,-0.08060731702970653,Budget
2025-02-01,CC100,2000,630000,Opex,6153.12,5416.04,-737.0799999999999,-0.11978963517695088,Budget
2025-03-01,CC100,2000,630000,Opex,7302.78,7166.11,-136.67000000000007,-0.018714790805693184,Budget
2025-04-01,CC100,2000,630000,Opex,6721.16,7491.12,769.96,0.11455760612751371,Budget
2025-05-01,CC100,2000,630000,Opex,6700.43,6350.53,-349.90000000000055,-0.05222052913022008,Budget
2025-06-01,CC100,2000,630000,Opex,6672.71,6275.63,-397.0799999999999,-0.059508055947283776,Budget
2025-07-01,CC100,2000,630000,Opex,7240.2,6710.54,-529.6599999999999,-0.07315543769509128,Budget
2025-08-01,CC100,2000,630000,Opex,5267.42,7138.17,1870.75,0.355154895565571,Budget
2025-09-01,CC100,2000,630000,Opex,7638.01,6288.54,-1349.4700000000003,-0.1766782185412169,Budget
2025-10-01,CC100,2000,630000,Opex,7615.46,6575.23,-1040.2300000000005,-0.13659450643821916,Budget
2025-11-01,CC100,2000,630000,Opex,7608.55,5628.8,-1979.75,-0.2602006952704523,Budget
2025-12-01,CC100,2000,630000,Opex,8261.75,7123.94,-1137.8100000000004,-0.13772021666111905,Budget
2025-01-01,CC100,2000,640000,Opex,5205.64,4889.97,-315.6700000000001,-0.060639998155846364,Budget
2025-02-01,CC100,2000,640000,Opex,4406.31,5646.86,1240.5499999999993,0.2815394286829567,Budget
2025-03-01,CC100,2000,640000,Opex,5780.51,4966.55,-813.96,-0.14081110490250862,Budget
2025-04-01,CC100,2000,640000,Opex,5286.46,5300.23,13.769999999999527,0.002604767651698779,Budget
2025-05-01,CC100,2000,640000,Opex,5248.99,5031.72,-217.26999999999953,-0.041392725076633705,Budget
2025-06-01,CC100,2000,640000,Opex,6159.69,5330.55,-829.1399999999994,-0.13460742342552945,Budget
2025-07-01,CC100,2000,640000,Opex,5789.46,5327.53,-461.9300000000003,-0.07978809768095821,Budget
2025-08-01,CC100,2000,640000,Opex,5366.33,5156.09,-210.23999999999978,-0.039177613005536335,Budget
2025-09-01,CC100,2000,640000,Opex,6011.8,5444.74,-567.0600000000004,-0.09432449515951967,Budget
2025-10-01,CC100,2000,640000,Opex,5386.71,5153.9,-232.8100000000004,-0.04321933053756382,Budget
2025-11-01,CC100,2000,640000,Opex,4972.45,5158.15,185.69999999999982,0.03734577522147026,Budget
2025-12-01,CC100,2000,640000,Opex,5371.91,5524.02,152.11000000000058,0.028315813183765286,Budget
2025-01-01,CC100,3000,600000,Opex,64763.22,61300.61,-3462.6100000000006,-0.05346568623363694,Budget
2025-02-01,CC100,3000,600000,Opex,65151.21,63507.89,-1643.3199999999997,-0.025223169301076674,Budget
2025-03-01,CC100,3000,600000,Opex,66884.9,63872.0,-3012.899999999994,-0.0450460417822258,Budget
2025-04-01,CC100,3000,600000,Opex,67031.34,65365.71,-1665.6299999999974,-0.02484852607750341,Budget
2025-05-01,CC100,3000,600000,Opex,68798.41,66895.86,-1902.550000000003,-0.027653982119644958,Budget
2025-06-01,CC100,3000,600000,Opex,68683.73,68177.03,-506.6999999999971,-0.007377292992095757,Budget
2025-07-01,CC100,3000,600000,Opex,70254.32,67544.03,-2710.290000000008,-0.03857826821183392,Budget
2025-08-01,CC100,3000,600000,Opex,70195.9,64848.42,-5347.479999999996,-0.07617937799786022,Budget
2025-09-01,CC100,3000,600000,Opex,69919.4,66957.23,-2962.1699999999983,-0.042365495127246494,Budget
2025-10-01,CC100,3000,600000,Opex,74495.55,70149.64,-4345.9100000000035,-0.05833784702576199,Budget
2025-11-01,CC100,3000,600000,Opex,71279.01,71980.15,701.1399999999994,0.00983655637192491,Budget
2025-12-01,CC100,3000,600000,Opex,74190.38,72416.61,-1773.770000000004,-0.023908355773349644,Budget
2025-01-01,CC100,3000,600100,Opex,13617.93,12768.37,-849.5599999999995,-0.06238539924937193,Budget
2025-02-01,CC100,3000,600100,Opex,13767.42,13131.83,-635.5900000000001,-0.04616623884504142,Budget
2025-03-01,CC100,3000,600100,Opex,13634.47,12677.07,-957.3999999999996,-0.07021908442352359,Budget
2025-04-01,CC100,3000,600100,Opex,14567.97,13250.96,-1317.0100000000002,-0.09040449698894219,Budget
2025-05-01,CC100,3000,600100,Opex,13878.47,13720.15,-158.3199999999997,-0.011407597523358102,Budget
2025-06-01,CC100,3000,600100,Opex,13755.27,13031.51,-723.7600000000002,-0.05261692427702257,Budget
2025-07-01,CC100,3000,600100,Opex,13920.16,13866.6,-53.55999999999949,-0.0038476569234836017,Budget
2025-08-01,CC100,3000,600100,Opex,14569.8,13335.14,-1234.6599999999999,-0.08474103968482752,Budget
2025-09-01,CC100,3000,600100,Opex,14782.05,13184.92,-1597.1299999999992,-0.10804523053297745,Budget
2025-10-01,CC100,3000,600100,Opex,15227.26,13662.34,-1564.92,-0.10277095156975057,Budget
2025-11-01,CC100,3000,600100,Opex,14547.83,14398.42,-149.40999999999985,-0.010270260238124851,Budget
2025-12-01,CC100,3000,600100,Opex,14968.81,14197.49,-771.3199999999997,-0.051528478215703166,Budget
2025-01-01,CC100,3000,600200,Opex,5015.79,4866.69,-149.10000000000036,-0.029726124897573536,Budget
2025-02-01,CC100,3000,600200,Opex,5171.99,4974.08,-197.90999999999985,-0.038265735239240574,Budget
2025-03-01,CC100,3000,600200,Opex,5159.44,4848.53,-310.90999999999985,-0.06026041585908546,Budget
2025-04-01,CC100,3000,600200,Opex,5075.24,4918.54,-156.69999999999982,-0.030875387173808496,Budget
2025-05-01,CC100,3000,600200,Opex,5184.62,4921.14,-263.47999999999956,-0.05081953932978686,Budget
2025-06-01,CC100,3000,600200,Opex,5221.34,5164.95,-56.39000000000033,-0.010799909601749804,Budget
2025-07-01,CC100,3000,600200,Opex,5445.59,5023.64,-421.9499999999998,-0.07748471699117998,Budget
2025-08-01,CC100,3000,600200,Opex,5255.73,5164.7,-91.02999999999975,-0.017320143919112997,Budget
2025-09-01,CC100,3000,600200,Opex,5331.09,5214.41,-116.68000000000029,-0.02188670609575158,Budget
2025-10-01,CC100,3000,600200,Opex,5484.48,5390.46,-94.01999999999953,-0.017142919656922724,Budget
2025-11-01,CC100,3000,600200,Opex,5480.89,5268.16,-212.73000000000047,-0.03881303948811242,Budget
2025-12-01,CC100,3000,600200,Opex,5671.29,5501.0,-170.28999999999996,-0.03002667823369991,Budget
2025-01-01,CC100,3000,610000,Opex,29496.02,28486.97,-1009.0499999999993,-0.03420970015615664,Budget
2025-02-01,CC100,3000,610000,Opex,31124.63,25565.98,-5558.6500000000015,-0.17859328769530758,Budget
2025-03-01,CC100,3000,610000,Opex,31905.8,34426.48,2520.680000000004,0.07900381748772962,Budget
2025-04-01,CC100,3000,610000,Opex,31154.2,31780.69,626.489999999998,0.020109327153321154,Budget
2025-05-01,CC100,3000,610000,Opex,30762.61,32930.58,2167.970000000001,0.07047418928367916,Budget
2025-06-01,CC100,3000,610000,Opex,35003.45,22391.77,-12611.679999999997,-0.3602981991775096,Budget
2025-07-01,CC100,3000,610000,Opex,33993.64,29044.52,-4949.119999999999,-0.14558958675799352,Budget
2025-08-01,CC100,3000,610000,Opex,31561.13,23569.97,-7991.16,-0.25319625754844644,Budget
2025-09-01,CC100,3000,610000,Opex,34622.68,32458.41,-2164.2700000000004,-0.0625101811875915,Budget
2025-10-01,CC100,3000,610000,Opex,31806.57,29479.67,-2326.9000000000015,-0.07315784128876524,Budget
2025-11-01,CC100,3000,610000,Opex,30620.46,31173.41,552.9500000000007,0.01805818723820611,Budget
2025-12-01,CC100,3000,610000,Opex,29097.11,29840.87,743.7599999999984,0.02556130144883799,Budget
2025-01-01,CC100,3000,620000,Opex,4450.34,3771.67,-678.6700000000001,-0.15249846079175974,Budget
2025-02-01,CC100,3000,620000,Opex,4536.04,4260.25,-275.78999999999996,-0.06079972839745681,Budget
2025-03-01,CC100,3000,620000,Opex,3678.71,3600.19,-78.51999999999998,-0.021344438675513965,Budget
2025-04-01,CC100,3000,620000,Opex,5254.16,4573.21,-680.9499999999998,-0.1296020676949312,Budget
2025-05-01,CC100,3000,620000,Opex,3903.52,4359.37,455.8499999999999,0.11677921465753983,Budget
2025-06-01,CC100,3000,620000,Opex,4381.12,3849.78,-531.3399999999997,-0.12127949017602797,Budget
2025-07-01,CC100,3000,620000,Opex,4119.99,4780.8,660.8100000000004,0.16039116599797582,Budget
2025-08-01,CC100,3000,620000,Opex,4056.72,4713.25,656.5300000000002,0.1618376422331342,Budget
2025-09-01,CC100,3000,620000,Opex,4619.82,3862.87,-756.9499999999998,-0.16384837504491515,Budget
2025-10-01,CC100,3000,620000,Opex,4579.26,4928.28,349.0199999999995,0.07621755480143069,Budget
2025-11-01,CC100,3000,620000,Opex,4370.12,4475.33,105.21000000000004,0.024074853779758917,Budget
2025-12-01,CC100,3000,620000,Opex,4735.65,4470.34,-265.3099999999995,-0.05602398825926737,Budget
2025-01-01,CC100,3000,630000,Opex,3378.02,3277.21,-100.80999999999995,-0.029842925737562226,Budget
2025-02-01,CC100,3000,630000,Opex,3558.15,3167.03,-391.1199999999999,-0.10992229107822882,Budget
2025-03-01,CC100,3000,630000,Opex,2649.8,3365.68,715.8799999999997,0.270163785946109,Budget
2025-04-01,CC100,3000,630000,Opex,3498.28,2834.08,-664.2000000000003,-0.18986473352619007,Budget
2025-05-01,CC100,3000,630000,Opex,3123.31,3872.55,749.2400000000002,0.2398865306357679,Budget
2025-06-01,CC100,3000,630000,Opex,3365.19,3964.41,599.2199999999998,0.17806424005776786,Budget
2025-07-01,CC100,3000,630000,Opex,3581.91,3722.11,140.20000000000027,0.03914112861573861,Budget
2025-08-01,CC100,3000,630000,Opex,3667.68,3369.74,-297.94000000000005,-0.08123391353662263,Budget
2025-09-01,CC100,3000,630000,Opex,3834.43,3575.5,-258.92999999999984,-0.06752763774537542,Budget
2025-10-01,CC100,3000,630000,Opex,3524.01,2991.47,-532.5400000000004,-0.1511176188489818,Budget
2025-11-01,CC100,3000,630000,Opex,4007.13,3742.74,-264.3900000000003,-0.06597989084456964,Budget
2025-12-01,CC100,3000,630000,Opex,2632.89,3650.37,1017.48,0.38644987067443004,Budget
2025-01-01,CC100,3000,640000,Opex,2421.4,2575.8,154.4000000000001,0.06376476418600813,Budget
2025-02-01,CC100,3000,640000,Opex,2374.84,2647.26,272.4200000000001,0.11471088578598981,Budget
2025-03-01,CC100,3000,640000,Opex,2437.67,2726.9,289.23,0.11865018644853488,Budget
2025-04-01,CC100,3000,640000,Opex,2572.09,2913.9,341.80999999999995,0.13289192835398447,Budget
2025-05-01,CC100,3000,640000,Opex,2806.34,2664.51,-141.82999999999993,-0.05053913638404467,Budget
2025-06-01,CC100,3000,640000,Opex,2713.02,2408.02,-305.0,-0.11242084466756604,Budget
2025-07-01,CC100,3000,640000,Opex,2859.15,2210.57,-648.5799999999999,-0.22684364234125523,Budget
2025-08-01,CC100,3000,640000,Opex,2442.11,3400.72,958.6099999999997,0.3925335058617342,Budget
2025-09-01,CC100,3000,640000,Opex,2404.7,2353.07,-51.629999999999654,-0.021470453694847447,Budget
2025-10-01,CC100,3000,640000,Opex,2822.01,2763.88,-58.13000000000011,-0.020598793058848163,Budget
2025-11-01,CC100,3000,640000,Opex,2467.67,2314.0,-153.67000000000007,-0.062273318555560536,Budget
2025-12-01,CC100,3000,640000,Opex,2764.73,2310.35,-454.3800000000001,-0.16434877908511866,Budget
2025-01-01,CC200,1000,600000,Opex,438768.23,419155.18,-19613.04999999999,-0.04470025097304786,Budget
2025-02-01,CC200,1000,600000,Opex,451882.95,422412.28,-29470.669999999984,-0.06521748607687008,Budget
2025-03-01,CC200,1000,600000,Opex,442811.14,436174.8,-6636.340000000026,-0.014986840665300392,Budget
2025-04-01,CC200,1000,600000,Opex,455296.38,458857.3,3560.9199999999837,0.007821103255861564,Budget
2025-05-01,CC200,1000,600000,Opex,460989.05,471125.06,10136.01000000001,0.021987528771019636,Budget
2025-06-01,CC200,1000,600000,Opex,477634.44,454229.79,-23404.650000000023,-0.04900117755327699,Budget
2025-07-01,CC200,1000,600000,Opex,481745.18,479043.91,-2701.2700000000186,-0.005607259007760116,Budget
2025-08-01,CC200,1000,600000,Opex,486996.6,507626.56,20629.96000000002,0.04236160991678386,Budget
2025-09-01,CC200,1000,600000,Opex,488134.54,497894.19,9759.650000000023,0.01999377056989252,Budget
2025-10-01,CC200,1000,600000,Opex,495452.41,488560.52,-6891.889999999956,-0.013910296651902361,Budget
2025-11-01,CC200,1000,600000,Opex,511399.56,512560.87,1161.3099999999977,0.0022708466937280854,Budget
2025-12-01,CC200,1000,600000,Opex,498445.59,505014.22,6568.629999999946,0.01317822874107472,Budget
2025-01-01,CC200,1000,600100,Opex,90042.08,91734.72,1692.6399999999994,0.01879832185129441,Budget
2025-02-01,CC200,1000,600100,Opex,93371.22,90319.55,-3051.6699999999983,-0.03268319724214804,Budget
2025-03-01,CC200,1000,600100,Opex,92159.95,92114.2,-45.75,-0.0004964195401581707,Budget
2025-04-01,CC200,1000,600100,Opex,93727.23,95660.97,1933.7400000000052,0.020631570995963557,Budget
2025-05-01,CC200,1000,600100,Opex,98075.39,95440.57,-2634.8199999999924,-0.026865251313300843,Budget
2025-06-01,CC200,1000,600100,Opex,99170.63,95037.74,-4132.889999999999,-0.041674536100053,Budget
2025-07-01,CC200,1000,600100,Opex,101364.49,93718.79,-7645.700000000012,-0.0754277952762354,Budget
2025-08-01,CC200,1000,600100,Opex,98712.86,99172.99,460.13000000000466,0.00466129742365893,Budget
2025-09-01,CC200,1000,600100,Opex,103173.12,99355.14,-3817.979999999996,-0.037005568892362624,Budget
2025-10-01,CC200,1000,600100,Opex,100862.79,98837.26,-2025.5299999999988,-0.020082034216979315,Budget
2025-11-01,CC200,1000,600100,Opex,106985.91,98289.0,-8696.910000000003,-0.08129023719104696,Budget
2025-12-01,CC200,1000,600100,Opex,108241.08,108075.35,-165.72999999999593,-0.001531119238647618,Budget
2025-01-01,CC200,1000,600200,Opex,33575.24,33395.03,-180.20999999999913,-0.005367348081502891,Budget
2025-02-01,CC200,1000,600200,Opex,34982.42,33527.93,-1454.489999999998,-0.041577741048217876,Budget
2025-03-01,CC200,1000,600200,Opex,34811.62,35061.27,249.64999999999418,0.007171455967863436,Budget
2025-04-01,CC200,1000,600200,Opex,36243.52,33959.36,-2284.159999999996,-0.06302257617361659,Budget
2025-05-01,CC200,1000,600200,Opex,36630.39,36414.07,-216.3199999999997,-0.0059054790298437914,Budget
2025-06-01,CC200,1000,600200,Opex,37429.87,37260.63,-169.24000000000524,-0.004521522516642597,Budget
2025-07-01,CC200,1000,600200,Opex,38972.44,36626.65,-2345.790000000001,-0.060190996509328146,Budget
2025-08-01,CC200,1000,600200,Opex,38261.42,37245.94,-1015.4799999999959,-0.02654057272312413,Budget
2025-09-01,CC200,1000,600200,Opex,37508.07,36854.06,-654.010000000002,-0.017436514328783168,Budget
2025-10-01,CC200,1000,600200,Opex,39180.57,38310.35,-870.2200000000012,-0.022210498724240132,Budget
2025-11-01,CC200,1000,600200,Opex,38763.68,38475.08,-288.59999999999854,-0.007445113570228589,Budget
2025-12-01,CC200,1000,600200,Opex,40250.67,40161.35,-89.31999999999971,-0.002219093495834969,Budget
2025-01-01,CC200,1000,620000,Opex,8930.72,7252.35,-1678.369999999999,-0.1879322159915437,Budget
2025-02-01,CC200,1000,620000,Opex,8918.43,7883.9,-1034.5300000000007,-0.11599911643641321,Budget
2025-03-01,CC200,1000,620000,Opex,9013.9,7168.27,-1845.6299999999992,-0.2047537691787128,Budget
2025-04-01,CC200,1000,620000,Opex,7563.0,9162.64,1599.6399999999994,0.21150866058442408,Budget
2025-05-01,CC200,1000,620000,Opex,10157.14,10879.31,722.1700000000001,0.07109973870597433,Budget
2025-06-01,CC200,1000,620000,Opex,8718.01,10284.68,1566.67,0.17970500148543073,Budget
2025-07-01,CC200,1000,620000,Opex,9585.93,8384.83,-1201.1000000000004,-0.12529822354221243,Budget
2025-08-01,CC200,1000,620000,Opex,9478.49,7802.83,-1675.6599999999999,-0.1767855428449046,Budget
2025-09-01,CC200,1000,620000,Opex,10369.02,9176.19,-1192.83,-0.1150378724315316,Budget
2025-10-01,CC200,1000,620000,Opex,10540.88,8106.46,-2434.419999999999,-0.23095035708593584,Budget
2025-11-01,CC200,1000,620000,Opex,10946.54,9763.54,-1183.0,-0.10807067804073249,Budget
2025-12-01,CC200,1000,620000,Opex,8968.36,9575.2,606.8400000000001,0.06766454513422746,Budget
2025-01-01,CC200,1000,630000,Opex,38441.86,40893.63,2451.769999999997,0.06377865170936049,Budget
2025-02-01,CC200,1000,630000,Opex,44986.45,41304.74,-3681.709999999999,-0.08184042083783004,Budget
2025-03-01,CC200,1000,630000,Opex,38887.69,40201.82,1314.1299999999974,0.033792956074274336,Budget
2025-04-01,CC200,1000,630000,Opex,32051.41,35151.52,3100.109999999997,0.09672304588160074,Budget
2025-05-01,CC200,1000,630000,Opex,35035.99,43529.75,8493.760000000002,0.24242957027901887,Budget
2025-06-01,CC200,1000,630000,Opex,40911.91,34098.04,-6813.870000000003,-0.1665497895356145,Budget
2025-07-01,CC200,1000,630000,Opex,40002.91,50792.78,10789.869999999995,0.269727127351485,Budget
2025-08-01,CC200,1000,630000,Opex,47847.2,47881.59,34.38999999999942,0.0007187463425236884,Budget
2025-09-01,CC200,1000,630000,Opex,46671.6,42888.5,-3783.0999999999985,-0.08105785959769965,Budget
2025-10-01,CC200,1000,630000,Opex,47990.61,48993.15,1002.5400000000009,0.0208903366721115,Budget
2025-11-01,CC200,1000,630000,Opex,42412.89,43240.58,827.6900000000023,0.019515057804360945,Budget
2025-12-01,CC200,1000,630000,Opex,48398.06,45750.54,-2647.519999999997,-0.054703019087955114,Budget
2025-01-01,CC200,1000,640000,Opex,19616.53,18823.21,-793.3199999999997,-0.0404414032451203,Budget
2025-02-01,CC200,1000,640000,Opex,18451.76,17766.14,-685.619999999999,-0.0371574310526475,Budget
2025-03-01,CC200,1000,640000,Opex,19993.04,22143.75,2150.709999999999,0.10757293538151272,Budget
2025-04-01,CC200,1000,640000,Opex,20342.07,17188.11,-3153.959999999999,-0.15504616786787181,Budget
2025-05-01,CC200,1000,640000,Opex,16917.71,17556.07,638.3600000000006,0.037733239309575624,Budget
2025-06-01,CC200,1000,640000,Opex,15776.21,16009.56,233.35000000000036,0.014791258483501447,Budget
2025-07-01,CC200,1000,640000,Opex,16036.9,16561.87,524.9699999999993,0.032735129607343025,Budget
2025-08-01,CC200,1000,640000,Opex,18441.7,21841.23,3399.529999999999,0.1843392962687821,Budget
2025-09-01,CC200,1000,640000,Opex,16503.11,18875.97,2372.8600000000006,0.1437825961288509,Budget
2025-10-01,CC200,1000,640000,Opex,17793.01,17460.36,-332.6499999999978,-0.018695543924271266,Budget
2025-11-01,CC200,1000,640000,Opex,19131.4,20716.89,1585.489999999998,0.08287370500851991,Budget
2025-12-01,CC200,1000,640000,Opex,22831.42,20210.67,-2620.75,-0.11478699090989523,Budget
2025-01-01,CC200,1000,660000,Opex,16662.9,16214.26,-448.64000000000124,-0.026924484933595064,Budget
2025-02-01,CC200,1000,660000,Opex,18153.26,16364.32,-1788.9399999999987,-0.09854648696707913,Budget
2025-03-01,CC200,1000,660000,Opex,17719.68,18118.77,399.09000000000015,0.022522415754686324,Budget
2025-04-01,CC200,1000,660000,Opex,17402.33,19015.18,1612.8499999999985,0.09268011812211344,Budget
2025-05-01,CC200,1000,660000,Opex,17257.02,18517.79,1260.7700000000004,0.0730583843560476,Budget
2025-06-01,CC200,1000,660000,Opex,18424.72,19552.15,1127.4300000000003,0.061191160571232577,Budget
2025-07-01,CC200,1000,660000,Opex,19277.85,18995.09,-282.7599999999984,-0.014667610755348674,Budget
2025-08-01,CC200,1000,660000,Opex,17516.95,16995.74,-521.2099999999991,-0.029754609107178996,Budget
2025-09-01,CC200,1000,660000,Opex,17938.54,17980.96,42.419999999998254,0.0023647409432427753,Budget
2025-10-01,CC200,1000,660000,Opex,18738.28,18984.24,245.96000000000276,0.01312607133632344,Budget
2025-11-01,CC200,1000,660000,Opex,19772.9,18113.75,-1659.1500000000015,-0.08391030147322857,Budget
2025-12-01,CC200,1000,660000,Opex,21548.6,21069.3,-479.2999999999993,-0.022242744308214886,Budget
2025-01-01,CC200,2000,600000,Opex,243197.28,237028.57,-6168.709999999992,-0.0253650452011634,Budget
2025-02-01,CC200,2000,600000,Opex,243910.05,239446.81,-4463.239999999991,-0.01829871298866115,Budget
2025-03-01,CC200,2000,600000,Opex,251330.68,242814.52,-8516.160000000003,-0.033884283446812,Budget
2025-04-01,CC200,2000,600000,Opex,247874.38,250842.05,2967.6699999999837,0.011972475735491437,Budget
2025-05-01,CC200,2000,600000,Opex,254310.75,255003.2,692.4500000000116,0.002722849899188342,Budget
2025-06-01,CC200,2000,600000,Opex,252312.11,253193.55,881.4400000000023,0.0034934510277766784,Budget
2025-07-01,CC200,2000,600000,Opex,262767.46,251559.74,-11207.72000000003,-0.04265261764146911,Budget
2025-08-01,CC200,2000,600000,Opex,266660.08,261091.81,-5568.270000000019,-0.02088152827374843,Budget
2025-09-01,CC200,2000,600000,Opex,274329.81,269169.21,-5160.599999999977,-0.01881166323120326,Budget
2025-10-01,CC200,2000,600000,Opex,275797.76,270387.2,-5410.559999999998,-0.019617853313964543,Budget
2025-11-01,CC200,2000,600000,Opex,274546.82,270289.49,-4257.330000000016,-0.0155067540028328,Budget
2025-12-01,CC200,2000,600000,Opex,285823.96,279475.53,-6348.429999999993,-0.02221097909356512,Budget
2025-01-01,CC200,2000,600100,Opex,48872.32,48136.9,-735.4199999999983,-0.015047781648180367,Budget
2025-02-01,CC200,2000,600100,Opex,49176.46,48343.48,-832.9799999999959,-0.016938592163811626,Budget
2025-03-01,CC200,2000,600100,Opex,49761.52,50752.47,990.9500000000044,0.019913981727246365,Budget
2025-04-01,CC200,2000,600100,Opex,51890.01,50492.01,-1398.0,-0.02694160205403699,Budget
2025-05-01,CC200,2000,600100,Opex,53141.97,50394.85,-2747.1200000000026,-0.05169398123554702,Budget
2025-06-01,CC200,2000,600100,Opex,51763.3,50755.07,-1008.2300000000032,-0.01947769945115561,Budget
2025-07-01,CC200,2000,600100,Opex,55724.96,52571.1,-3153.8600000000006,-0.05659690020414551,Budget
2025-08-01,CC200,2000,600100,Opex,54974.07,54864.04,-110.02999999999884,-0.0020014890656631177,Budget
2025-09-01,CC200,2000,600100,Opex,56354.41,55959.14,-395.2700000000041,-0.0070140029857468835,Budget
2025-10-01,CC200,2000,600100,Opex,57212.42,56170.51,-1041.9099999999962,-0.018211255528082823,Budget
2025-11-01,CC200,2000,600100,Opex,57472.92,56782.93,-689.989999999998,-0.012005480146127916,Budget
2025-12-01,CC200,2000,600100,Opex,57285.15,57825.85,540.6999999999971,0.009438746341765659,Budget
2025-01-01,CC200,2000,600200,Opex,18883.19,18975.13,91.94000000000233,0.004868880734664129,Budget
2025-02-01,CC200,2000,600200,Opex,18711.05,18770.7,59.650000000001455,0.00318795578014069,Budget
2025-03-01,CC200,2000,600200,Opex,19492.35,18908.24,-584.109999999997,-0.029966114911747273,Budget
2025-04-01,CC200,2000,600200,Opex,18617.66,18636.28,18.61999999999898,0.0010001256871163713,Budget
2025-05-01,CC200,2000,600200,Opex,20055.14,18893.41,-1161.7299999999996,-0.05792679582391345,Budget
2025-06-01,CC200,2000,600200,Opex,19926.16,20334.88,408.72000000000116,0.020511729304592614,Budget
2025-07-01,CC200,2000,600200,Opex,19763.0,20205.03,442.02999999999884,0.02236654354096032,Budget
2025-08-01,CC200,2000,600200,Opex,21717.65,20539.09,-1178.5600000000013,-0.05426738159975878,Budget
2025-09-01,CC200,2000,600200,Opex,20580.88,20853.52,272.6399999999994,0.013247246959313664,Budget
2025-10-01,CC200,2000,600200,Opex,21094.14,21231.16,137.02000000000044,0.006495642865743777,Budget
2025-11-01,CC200,2000,600200,Opex,20875.18,21175.78,300.59999999999854,0.014399875833405917,Budget
2025-12-01,CC200,2000,600200,Opex,22074.27,22079.34,5.069999999999709,0.00022967916945836528,Budget
2025-01-01,CC200,2000,620000,Opex,4819.08,4678.41,-140.67000000000007,-0.029190218879952205,Budget
2025-02-01,CC200,2000,620000,Opex,4625.24,4441.98,-183.26000000000022,-0.039621727737371513,Budget
2025-03-01,CC200,2000,620000,Opex,4262.19,3815.15,-447.0399999999995,-0.10488504735828284,Budget
2025-04-01,CC200,2000,620000,Opex,4152.66,5531.33,1378.67,0.33199684057929135,Budget
2025-05-01,CC200,2000,620000,Opex,5638.59,4550.53,-1088.0600000000004,-0.1929666813866588,Budget
2025-06-01,CC200,2000,620000,Opex,4572.25,4482.81,-89.4399999999996,-0.01956148504565577,Budget
2025-07-01,CC200,2000,620000,Opex,5949.54,5363.19,-586.3500000000004,-0.09855383777569364,Budget
2025-08-01,CC200,2000,620000,Opex,5673.28,3906.66,-1766.62,-0.3113930565739748,Budget
2025-09-01,CC200,2000,620000,Opex,4936.77,5829.48,892.7099999999991,0.18082876050535046,Budget
2025-10-01,CC200,2000,620000,Opex,5173.41,5325.66,152.25,0.029429331910674005,Budget
2025-11-01,CC200,2000,620000,Opex,5172.18,5671.46,499.27999999999975,0.09653182990537834,Budget
2025-12-01,CC200,2000,620000,Opex,5067.61,4570.29,-497.3199999999997,-0.09813699159959029,Budget
2025-01-01,CC200,2000,630000,Opex,22321.02,19562.18,-2758.84,-0.12359829434317966,Budget
2025-02-01,CC200,2000,630000,Opex,20269.57,20741.34,471.77000000000044,0.023274790733103883,Budget
2025-03-01,CC200,2000,630000,Opex,22109.3,20263.45,-1845.8499999999985,-0.08348749168901769,Budget
2025-04-01,CC200,2000,630000,Opex,23474.77,24928.35,1453.579999999998,0.06192094746828182,Budget
2025-05-01,CC200,2000,630000,Opex,22457.26,23287.56,830.3000000000029,0.03697245345157882,Budget
2025-06-01,CC200,2000,630000,Opex,22976.09,26400.08,3423.9900000000016,0.14902405065439775,Budget
2025-07-01,CC200,2000,630000,Opex,25332.68,21817.11,-3515.5699999999997,-0.13877607896203636,Budget
2025-08-01,CC200,2000,630000,Opex,21398.23,26264.68,4866.450000000001,0.22742301582887933,Budget
2025-09-01,CC200,2000,630000,Opex,25767.62,24795.38,-972.239999999998,-0.037731074891666286,Budget
2025-10-01,CC200,2000,630000,Opex,25746.26,24163.6,-1582.6599999999999,-0.061471452552720275,Budget
2025-11-01,CC200,2000,630000,Opex,26600.21,23311.21,-3289.0,-0.12364564039156083,Budget
2025-12-01,CC200,2000,630000,Opex,22395.59,23224.46,828.869999999999,0.0370104114247492,Budget
2025-01-01,CC200,2000,640000,Opex,9126.16,8660.0,-466.15999999999985,-0.051079533998965594,Budget
2025-02-01,CC200,2000,640000,Opex,8752.4,6546.79,-2205.6099999999997,-0.2520005941227549,Budget
2025-03-01,CC200,2000,640000,Opex,10187.91,9586.01,-601.8999999999996,-0.0590798308976031,Budget
2025-04-01,CC200,2000,640000,Opex,11562.8,8595.66,-2967.1399999999994,-0.2566108555021275,Budget
2025-05-01,CC200,2000,640000,Opex,9282.96,9837.65,554.6900000000005,0.059753569981988566,Budget
2025-06-01,CC200,2000,640000,Opex,9927.49,10420.94,493.4500000000007,0.04970541395659937,Budget
2025-07-01,CC200,2000,640000,Opex,9538.17,9747.84,209.67000000000007,0.021982204133497312,Budget
2025-08-01,CC200,2000,640000,Opex,11828.73,8948.58,-2880.1499999999996,-0.24348767788257908,Budget
2025-09-01,CC200,2000,640000,Opex,10707.67,9736.79,-970.8799999999992,-0.09067145326667699,Budget
2025-10-01,CC200,2000,640000,Opex,10009.11,12350.74,2341.629999999999,0.23394987166691136,Budget
2025-11-01,CC200,2000,640000,Opex,11108.98,10094.75,-1014.2299999999996,-0.09129821099686916,Budget
2025-12-01,CC200,2000,640000,Opex,9902.2,12474.6,2572.3999999999996,0.2597806548039829,Budget
2025-01-01,CC200,2000,660000,Opex,8500.57,8618.25,117.68000000000029,0.013843777534918281,Budget
2025-02-01,CC200,2000,660000,Opex,9014.25,8750.64,-263.6100000000006,-0.02924369747899166,Budget
2025-03-01,CC200,2000,660000,Opex,8806.0,9654.07,848.0699999999997,0.09630592777651598,Budget
2025-04-01,CC200,2000,660000,Opex,9707.4,9378.15,-329.25,-0.03391742382100254,Budget
2025-05-01,CC200,2000,660000,Opex,10731.28,9764.9,-966.380000000001,-0.09005263118658734,Budget
2025-06-01,CC200,2000,660000,Opex,9781.05,9734.48,-46.56999999999971,-0.004761247514326142,Budget
2025-07-01,CC200,2000,660000,Opex,11164.85,10193.85,-971.0,-0.0869693726292785,Budget
2025-08-01,CC200,2000,660000,Opex,10462.78,10604.73,141.9499999999989,0.01356713989972062,Budget
2025-09-01,CC200,2000,660000,Opex,9909.62,9822.4,-87.22000000000116,-0.0088015483943886,Budget
2025-10-01,CC200,2000,660000,Opex,10445.53,10237.28,-208.25,-0.01993675763699879,Budget
2025-11-01,CC200,2000,660000,Opex,10225.37,10330.16,104.78999999999905,0.010248039924227587,Budget
2025-12-01,CC200,2000,660000,Opex,10506.58,11671.68,1165.1000000000004,0.11089241218360307,Budget
2025-01-01,CC200,3000,600000,Opex,117224.37,118258.88,1034.5100000000093,0.008825042096622139,Budget
2025-02-01,CC200,3000,600000,Opex,121871.53,116581.15,-5290.380000000005,-0.043409482099716026,Budget
2025-03-01,CC200,3000,600000,Opex,126151.1,122554.79,-3596.310000000012,-0.028507955935382346,Budget
2025-04-01,CC200,3000,600000,Opex,123957.03,128151.85,4194.820000000007,0.033840920518989584,Budget
2025-05-01,CC200,3000,600000,Opex,130860.16,129516.04,-1344.12000000001,-0.010271422562833562,Budget
2025-06-01,CC200,3000,600000,Opex,126257.74,126452.34,194.59999999999127,0.0015412916467536268,Budget
2025-07-01,CC200,3000,600000,Opex,129364.8,131009.64,1644.8399999999965,0.012714741568030843,Budget
2025-08-01,CC200,3000,600000,Opex,138851.79,130522.95,-8328.840000000011,-0.059983670358156785,Budget
2025-09-01,CC200,3000,600000,Opex,130341.08,136455.41,6114.330000000002,0.046910229683534935,Budget
2025-10-01,CC200,3000,600000,Opex,135155.5,131065.32,-4090.179999999993,-0.030262771400349917,Budget
2025-11-01,CC200,3000,600000,Opex,136287.01,137617.69,1330.679999999993,0.009763806543264784,Budget
2025-12-01,CC200,3000,600000,Opex,137331.69,139254.22,1922.5299999999988,0.013999172368737316,Budget
2025-01-01,CC200,3000,600100,Opex,24012.99,24606.98,593.989999999998,0.02473619486786102,Budget
2025-02-01,CC200,3000,600100,Opex,24201.57,24108.81,-92.7599999999984,-0.003832809193783643,Budget
2025-03-01,CC200,3000,600100,Opex,25652.34,25309.63,-342.7099999999991,-0.013359794856921401,Budget
2025-04-01,CC200,3000,600100,Opex,25987.73,25823.04,-164.6899999999987,-0.006337221450276677,Budget
2025-05-01,CC200,3000,600100,Opex,26372.61,26107.4,-265.2099999999991,-0.010056266710044972,Budget
2025-06-01,CC200,3000,600100,Opex,26856.56,26194.59,-661.9700000000012,-0.02464835407066285,Budget
2025-07-01,CC200,3000,600100,Opex,26653.38,26549.82,-103.56000000000131,-0.003885435918446415,Budget
2025-08-01,CC200,3000,600100,Opex,27719.43,26125.83,-1593.5999999999985,-0.057490359650252496,Budget
2025-09-01,CC200,3000,600100,Opex,28023.6,28375.8,352.2000000000007,0.01256797841819041,Budget
2025-10-01,CC200,3000,600100,Opex,28044.94,27634.66,-410.27999999999884,-0.014629376992783685,Budget
2025-11-01,CC200,3000,600100,Opex,28765.45,29506.37,740.9199999999983,0.02575728869181599,Budget
2025-12-01,CC200,3000,600100,Opex,29482.7,28639.78,-842.9200000000019,-0.028590325852109945,Budget
2025-01-01,CC200,3000,600200,Opex,9251.52,9108.36,-143.15999999999985,-0.015474213967002163,Budget
2025-02-01,CC200,3000,600200,Opex,9473.07,9290.51,-182.5599999999995,-0.019271471655967865,Budget
2025-03-01,CC200,3000,600200,Opex,9375.5,9569.73,194.22999999999956,0.02071676177270541,Budget
2025-04-01,CC200,3000,600200,Opex,9666.8,9527.73,-139.0699999999997,-0.014386353291678707,Budget
2025-05-01,CC200,3000,600200,Opex,9713.28,9435.63,-277.65000000000146,-0.028584576991500445,Budget
2025-06-01,CC200,3000,600200,Opex,10099.92,10041.59,-58.32999999999993,-0.005775293269649653,Budget
2025-07-01,CC200,3000,600200,Opex,10279.84,10098.36,-181.47999999999956,-0.017653971268035258,Budget
2025-08-01,CC200,3000,600200,Opex,10398.3,10238.95,-159.34999999999854,-0.015324620370637369,Budget
2025-09-01,CC200,3000,600200,Opex,10109.26,10495.19,385.9300000000003,0.038175890223418954,Budget
2025-10-01,CC200,3000,600200,Opex,10227.28,10347.64,120.35999999999876,0.011768524964604348,Budget
2025-11-01,CC200,3000,600200,Opex,10935.22,10302.71,-632.5100000000002,-0.05784154319711906,Budget
2025-12-01,CC200,3000,600200,Opex,10736.16,10384.35,-351.8099999999995,-0.03276869942325743,Budget
2025-01-01,CC200,3000,620000,Opex,2453.43,1945.18,-508.2499999999998,-0.2071589570519639,Budget
2025-02-01,CC200,3000,620000,Opex,2513.67,2177.0,-336.6700000000001,-0.13393563992091248,Budget
2025-03-01,CC200,3000,620000,Opex,2103.03,2136.43,33.399999999999636,0.01588184666885381,Budget
2025-04-01,CC200,3000,620000,Opex,2851.67,2490.78,-360.8899999999999,-0.1265539140223097,Budget
2025-05-01,CC200,3000,620000,Opex,2571.49,2320.4,-251.0899999999997,-0.09764377850973549,Budget
2025-06-01,CC200,3000,620000,Opex,2103.55,2775.41,671.8599999999997,0.31939340638444513,Budget
2025-07-01,CC200,3000,620000,Opex,2532.94,2381.51,-151.42999999999984,-0.05978428229646175,Budget
2025-08-01,CC200,3000,620000,Opex,2862.33,2435.48,-426.8499999999999,-0.1491267603665545,Budget
2025-09-01,CC200,3000,620000,Opex,2786.16,2868.06,81.90000000000009,0.02939529675251963,Budget
2025-10-01,CC200,3000,620000,Opex,2570.95,2297.27,-273.67999999999984,-0.10645092281063415,Budget
2025-11-01,CC200,3000,620000,Opex,2111.36,2471.25,359.8899999999999,0.1704541148832979,Budget
2025-12-01,CC200,3000,620000,Opex,2206.81,2534.13,327.32000000000016,0.14832269203057816,Budget
2025-01-01,CC200,3000,630000,Opex,12627.33,10597.73,-2029.6000000000004,-0.16073073246680022,Budget
2025-02-01,CC200,3000,630000,Opex,11006.3,12252.22,1245.92,0.11320062146225345,Budget
2025-03-01,CC200,3000,630000,Opex,10170.32,11335.24,1164.92,0.11454113538217088,Budget
2025-04-01,CC200,3000,630000,Opex,10550.42,10567.3,16.8799999999992,0.001599936305853151,Budget
2025-05-01,CC200,3000,630000,Opex,10561.82,11139.69,577.8700000000008,0.05471310815749566,Budget
2025-06-01,CC200,3000,630000,Opex,9412.94,12386.0,2973.0599999999995,0.3158481834580906,Budget
2025-07-01,CC200,3000,630000,Opex,11334.0,11550.16,216.15999999999985,0.019071819304746766,Budget
2025-08-01,CC200,3000,630000,Opex,11973.72,12855.63,881.9099999999999,0.07365380182599893,Budget
2025-09-01,CC200,3000,630000,Opex,12291.27,11882.12,-409.14999999999964,-0.033287853899556324,Budget
2025-10-01,CC200,3000,630000,Opex,11708.42,13321.17,1612.75,0.13774275265151062,Budget
2025-11-01,CC200,3000,630000,Opex,11658.14,10080.98,-1577.1599999999999,-0.13528401614665803,Budget
2025-12-01,CC200,3000,630000,Opex,13034.52,12018.39,-1016.130000000001,-0.07795684075823282,Budget
2025-01-01,CC200,3000,640000,Opex,5641.78,4342.02,-1299.7599999999993,-0.2303811917515393,Budget
2025-02-01,CC200,3000,640000,Opex,4331.04,4780.28,449.2399999999998,0.10372566404374002,Budget
2025-03-01,CC200,3000,640000,Opex,5311.15,4755.09,-556.0599999999995,-0.10469672293194497,Budget
2025-04-01,CC200,3000,640000,Opex,5067.26,4614.1,-453.15999999999985,-0.08942900107750537,Budget
2025-05-01,CC200,3000,640000,Opex,5194.37,4439.35,-755.0199999999995,-0.14535352699172363,Budget
2025-06-01,CC200,3000,640000,Opex,4487.64,4353.53,-134.11000000000058,-0.02988430444509822,Budget
2025-07-01,CC200,3000,640000,Opex,5030.11,5241.54,211.4300000000003,0.04203287800863208,Budget
2025-08-01,CC200,3000,640000,Opex,5790.24,5042.36,-747.8800000000001,-0.12916217635193017,Budget
2025-09-01,CC200,3000,640000,Opex,5080.47,4923.01,-157.46000000000004,-0.030993195511438906,Budget
2025-10-01,CC200,3000,640000,Opex,5126.76,5449.76,323.0,0.06300275417612683,Budget
2025-11-01,CC200,3000,640000,Opex,5581.05,5717.82,136.76999999999953,0.024506141317493936,Budget
2025-12-01,CC200,3000,640000,Opex,5088.25,4835.06,-253.1899999999996,-0.04975974057878438,Budget
2025-01-01,CC200,3000,660000,Opex,4728.08,4658.42,-69.65999999999985,-0.014733253244445918,Budget
2025-02-01,CC200,3000,660000,Opex,4937.51,4740.77,-196.73999999999978,-0.03984599524861717,Budget
2025-03-01,CC200,3000,660000,Opex,5165.97,4518.84,-647.1300000000001,-0.12526785869836643,Budget
2025-04-01,CC200,3000,660000,Opex,4785.43,4795.38,9.949999999999818,0.002079227989961157,Budget
2025-05-01,CC200,3000,660000,Opex,5282.39,4728.14,-554.25,-0.10492409685767237,Budget
2025-06-01,CC200,3000,660000,Opex,4786.72,4955.59,168.8699999999999,0.03527885483170101,Budget
2025-07-01,CC200,3000,660000,Opex,4568.04,4966.33,398.28999999999996,0.08719056750816542,Budget
2025-08-01,CC200,3000,660000,Opex,4997.61,5063.99,66.38000000000011,0.013282348962804244,Budget
2025-09-01,CC200,3000,660000,Opex,5139.13,4827.8,-311.3299999999999,-0.060580292773290405,Budget
2025-10-01,CC200,3000,660000,Opex,5213.37,5253.73,40.35999999999967,0.007741633530710399,Budget
2025-11-01,CC200,3000,660000,Opex,5180.45,5217.96,37.51000000000022,0.00724068372438692,Budget
2025-12-01,CC200,3000,660000,Opex,5468.87,5359.1,-109.76999999999953,-0.02007178813904875,Budget
2025-01-01,CC300,1000,600000,Opex,83893.48,81495.45,-2398.029999999999,-0.028584223708445506,Budget
2025-02-01,CC300,1000,600000,Opex,84421.03,78181.15,-6239.880000000005,-0.07391381033849036,Budget
2025-03-01,CC300,1000,600000,Opex,87498.75,80956.15,-6542.600000000006,-0.07477363962342326,Budget
2025-04-01,CC300,1000,600000,Opex,90590.15,79030.04,-11560.11,-0.1276089067078485,Budget
2025-05-01,CC300,1000,600000,Opex,90669.85,80832.8,-9837.050000000003,-0.10849306577655088,Budget
2025-06-01,CC300,1000,600000,Opex,89556.65,82914.71,-6641.939999999988,-0.0741646767716299,Budget
2025-07-01,CC300,1000,600000,Opex,90730.3,80346.24,-10384.059999999998,-0.11444974832002096,Budget
2025-08-01,CC300,1000,600000,Opex,88558.25,81538.67,-7019.580000000002,-0.07926511646289308,Budget
2025-09-01,CC300,1000,600000,Opex,91406.66,81449.34,-9957.320000000007,-0.10893429428446469,Budget
2025-10-01,CC300,1000,600000,Opex,92103.68,84358.86,-7744.819999999992,-0.08408806249652558,Budget
2025-11-01,CC300,1000,600000,Opex,93220.09,82117.54,-11102.550000000003,-0.11910039992452275,Budget
2025-12-01,CC300,1000,600000,Opex,89084.41,85202.23,-3882.1800000000076,-0.0435786688153405,Budget
2025-01-01,CC300,1000,600100,Opex,17658.21,16156.11,-1502.0999999999985,-0.08506524727024985,Budget
2025-02-01,CC300,1000,600100,Opex,17619.46,15960.92,-1658.539999999999,-0.09413114817366702,Budget
2025-03-01,CC300,1000,600100,Opex,18511.06,16687.37,-1823.6900000000023,-0.09851893948806834,Budget
2025-04-01,CC300,1000,600100,Opex,17845.06,16351.79,-1493.2700000000004,-0.08367974105999085,Budget
2025-05-01,CC300,1000,600100,Opex,17808.16,16320.77,-1487.3899999999994,-0.0835229467839462,Budget
2025-06-01,CC300,1000,600100,Opex,17867.79,17269.7,-598.0900000000001,-0.033473082009582614,Budget
2025-07-01,CC300,1000,600100,Opex,18359.69,16802.41,-1557.2799999999988,-0.084820604269462,Budget
2025-08-01,CC300,1000,600100,Opex,18582.35,16396.46,-2185.8899999999994,-0.11763259221788415,Budget
2025-09-01,CC300,1000,600100,Opex,19150.72,16902.67,-2248.050000000003,-0.11738723139391119,Budget
2025-10-01,CC300,1000,600100,Opex,19097.82,17596.88,-1500.9399999999987,-0.07859221628437166,Budget
2025-11-01,CC300,1000,600100,Opex,18785.84,17023.05,-1762.7900000000009,-0.09383610208540054,Budget
2025-12-01,CC300,1000,600100,Opex,18974.31,17220.08,-1754.2299999999996,-0.09245290079059526,Budget
2025-01-01,CC300,1000,600200,Opex,6589.01,6083.6,-505.40999999999985,-0.07670499817119716,Budget
2025-02-01,CC300,1000,600200,Opex,6606.44,5929.53,-676.9099999999999,-0.10246214299986073,Budget
2025-03-01,CC300,1000,600200,Opex,6809.08,6054.05,-755.0299999999997,-0.11088575842845139,Budget
2025-04-01,CC300,1000,600200,Opex,6738.17,6161.97,-576.1999999999998,-0.0855128321191065,Budget
2025-05-01,CC300,1000,600200,Opex,7029.89,6261.85,-768.04,-0.1092534876079142,Budget
2025-06-01,CC300,1000,600200,Opex,6773.27,6151.73,-621.5400000000009,-0.09176365330187647,Budget
2025-07-01,CC300,1000,600200,Opex,6912.33,6203.05,-709.2799999999997,-0.10261084178562073,Budget
2025-08-01,CC300,1000,600200,Opex,6884.83,6228.72,-656.1099999999997,-0.0952979231150224,Budget
2025-09-01,CC300,1000,600200,Opex,7125.35,6547.46,-577.8900000000003,-0.08110338439515256,Budget
2025-10-01,CC300,1000,600200,Opex,7217.73,6516.8,-700.9299999999994,-0.09711224997332948,Budget
2025-11-01,CC300,1000,600200,Opex,7040.84,6622.14,-418.6999999999998,-0.05946733628373885,Budget
2025-12-01,CC300,1000,600200,Opex,6930.16,6470.4,-459.7600000000002,-0.06634190264005452,Budget
2025-01-01,CC300,1000,630000,Opex,4387.95,3525.04,-862.9099999999999,-0.19665447418498386,Budget
2025-02-01,CC300,1000,630000,Opex,4844.13,3888.66,-955.4700000000003,-0.19724284856104196,Budget
2025-03-01,CC300,1000,630000,Opex,4320.79,3688.49,-632.3000000000002,-0.14633897967732756,Budget
2025-04-01,CC300,1000,630000,Opex,5259.41,4289.45,-969.96,-0.18442372813680624,Budget
2025-05-01,CC300,1000,630000,Opex,4413.78,2959.2,-1454.58,-0.32955425961420826,Budget
2025-06-01,CC300,1000,630000,Opex,4695.68,3971.49,-724.1900000000005,-0.1542247342237973,Budget
2025-07-01,CC300,1000,630000,Opex,4069.32,4312.28,242.95999999999958,0.05970530702918413,Budget
2025-08-01,CC300,1000,630000,Opex,5241.72,4348.21,-893.5100000000002,-0.1704612226521066,Budget
2025-09-01,CC300,1000,630000,Opex,4940.04,3847.19,-1092.85,-0.22122290507769166,Budget
2025-10-01,CC300,1000,630000,Opex,4160.1,4294.41,134.3099999999995,0.032285281603807475,Budget
2025-11-01,CC300,1000,630000,Opex,4923.26,4646.85,-276.40999999999985,-0.056143693406401414,Budget
2025-12-01,CC300,1000,630000,Opex,5183.01,3909.62,-1273.3900000000003,-0.24568542217746064,Budget
2025-01-01,CC300,1000,640000,Opex,3189.22,3543.7,354.48,0.11114943465800417,Budget
2025-02-01,CC300,1000,640000,Opex,3289.8,3082.8,-207.0,-0.06292175816159036,Budget
2025-03-01,CC300,1000,640000,Opex,3371.27,3398.2,26.929999999999836,0.0079880875753054,Budget
2025-04-01,CC300,1000,640000,Opex,3556.93,2774.77,-782.1599999999999,-0.2198974958742511,Budget
2025-05-01,CC300,1000,640000,Opex,3528.65,3783.36,254.71000000000004,0.07218341291995523,Budget
2025-06-01,CC300,1000,640000,Opex,3474.17,2652.58,-821.5900000000001,-0.23648526122786165,Budget
2025-07-01,CC300,1000,640000,Opex,3774.45,3219.73,-554.7199999999998,-0.14696710779053898,Budget
2025-08-01,CC300,1000,640000,Opex,3338.41,3212.62,-125.78999999999996,-0.037679613947957255,Budget
2025-09-01,CC300,1000,640000,Opex,2995.53,3095.52,99.98999999999978,0.03337973580635139,Budget
2025-10-01,CC300,1000,640000,Opex,3177.24,3325.89,148.6500000000001,0.04678588964006499,Budget
2025-11-01,CC300,1000,640000,Opex,3520.41,2754.1,-766.31,-0.21767635019784626,Budget
2025-12-01,CC300,1000,640000,Opex,3600.25,3793.78,193.5300000000002,0.05375460037497402,Budget
2025-01-01,CC300,1000,650000,Opex,15697.16,16189.62,492.46000000000095,0.03137255401614056,Budget
2025-02-01,CC300,1000,650000,Opex,15197.51,12515.91,-2681.6000000000004,-0.17644995792073837,Budget
2025-03-01,CC300,1000,650000,Opex,18168.91,15277.5,-2891.41,-0.159140531820566,Budget
2025-04-01,CC300,1000,650000,Opex,17985.27,12106.6,-5878.67,-0.3268602584225869,Budget
2025-05-01,CC300,1000,650000,Opex,15494.67,14814.84,-679.8299999999999,-0.04387508736875325,Budget
2025-06-01,CC300,1000,650000,Opex,15519.28,15672.65,153.36999999999898,0.009882546097499303,Budget
2025-07-01,CC300,1000,650000,Opex,19972.53,14007.2,-5965.329999999998,-0.29867673249207777,Budget
2025-08-01,CC300,1000,650000,Opex,17380.84,16621.1,-759.7400000000016,-0.043711351119968975,Budget
2025-09-01,CC300,1000,650000,Opex,18254.23,16579.87,-1674.3600000000006,-0.09172449344617661,Budget
2025-10-01,CC300,1000,650000,Opex,16581.85,17225.82,643.9700000000012,0.03883583556720156,Budget
2025-11-01,CC300,1000,650000,Opex,16740.22,17329.28,589.0599999999977,0.03518830696370762,Budget
2025-12-01,CC300,1000,650000,Opex,21352.78,14315.8,-7036.98,-0.3295580247630519,Budget
2025-01-01,CC300,1000,660000,Opex,3015.98,3058.79,42.809999999999945,0.01419439120949076,Budget
2025-02-01,CC300,1000,660000,Opex,3310.45,3020.17,-290.27999999999975,-0.08768596414384744,Budget
2025-03-01,CC300,1000,660000,Opex,3434.08,3142.7,-291.3800000000001,-0.0848495084564134,Budget
2025-04-01,CC300,1000,660000,Opex,3381.03,2898.76,-482.27,-0.14263996474447135,Budget
2025-05-01,CC300,1000,660000,Opex,3786.02,3309.82,-476.1999999999998,-0.12577852203633363,Budget
2025-06-01,CC300,1000,660000,Opex,3325.74,3200.33,-125.40999999999985,-0.03770890087619593,Budget
2025-07-01,CC300,1000,660000,Opex,3441.91,3276.07,-165.8399999999997,-0.048182549805195284,Budget
2025-08-01,CC300,1000,660000,Opex,3490.9,3002.31,-488.59000000000015,-0.13996104156521244,Budget
2025-09-01,CC300,1000,660000,Opex,3672.88,3096.52,-576.3600000000001,-0.15692317745202677,Budget
2025-10-01,CC300,1000,660000,Opex,3460.42,3401.59,-58.82999999999993,-0.017000826489270066,Budget
2025-11-01,CC300,1000,660000,Opex,3186.12,3023.82,-162.29999999999973,-0.05093970095288305,Budget
2025-12-01,CC300,1000,660000,Opex,3787.67,3097.22,-690.4500000000003,-0.18228884776128867,Budget
2025-01-01,CC300,2000,600000,Opex,48411.71,44753.2,-3658.510000000002,-0.07557076583330773,Budget
2025-02-01,CC300,2000,600000,Opex,45890.3,42355.07,-3535.230000000003,-0.07703654149133919,Budget
2025-03-01,CC300,2000,600000,Opex,47777.63,45219.87,-2557.7599999999948,-0.05353467721190848,Budget
2025-04-01,CC300,2000,600000,Opex,48864.09,42153.18,-6710.909999999996,-0.1373382784781216,Budget
2025-05-01,CC300,2000,600000,Opex,52020.84,44115.1,-7905.739999999998,-0.15197255561424997,Budget
2025-06-01,CC300,2000,600000,Opex,49258.19,46784.41,-2473.779999999999,-0.050220684113646864,Budget
2025-07-01,CC300,2000,600000,Opex,48919.27,44258.97,-4660.299999999996,-0.09526511740669875,Budget
2025-08-01,CC300,2000,600000,Opex,50212.72,44578.65,-5634.07,-0.11220403913590021,Budget
2025-09-01,CC300,2000,600000,Opex,50882.06,44201.69,-6680.369999999995,-0.1312912645439276,Budget
2025-10-01,CC300,2000,600000,Opex,50023.55,44454.58,-5568.970000000001,-0.11132696499948526,Budget
2025-11-01,CC300,2000,600000,Opex,48348.46,43171.79,-5176.669999999998,-0.10707000802093797,Budget
2025-12-01,CC300,2000,600000,Opex,49745.25,47388.85,-2356.4000000000015,-0.047369346822058414,Budget
2025-01-01,CC300,2000,600100,Opex,9574.34,8759.67,-814.6700000000001,-0.08508889385586892,Budget
2025-02-01,CC300,2000,600100,Opex,9931.04,8595.39,-1335.6500000000015,-0.13449246000418902,Budget
2025-03-01,CC300,2000,600100,Opex,10149.18,8772.35,-1376.83,-0.1356592355244463,Budget
2025-04-01,CC300,2000,600100,Opex,9772.88,8627.74,-1145.1399999999994,-0.1171752850746146,Budget
2025-05-01,CC300,2000,600100,Opex,10167.99,9121.31,-1046.6800000000003,-0.10293873223714818,Budget
2025-06-01,CC300,2000,600100,Opex,9958.55,8801.51,-1157.039999999999,-0.11618558926751375,Budget
2025-07-01,CC300,2000,600100,Opex,10250.7,9232.46,-1018.2400000000016,-0.09933370403972426,Budget
2025-08-01,CC300,2000,600100,Opex,10462.68,8778.05,-1684.630000000001,-0.16101323943769674,Budget
2025-09-01,CC300,2000,600100,Opex,10101.37,9377.65,-723.7200000000012,-0.07164572726273774,Budget
2025-10-01,CC300,2000,600100,Opex,10174.83,9303.14,-871.6900000000005,-0.08567121023152234,Budget
2025-11-01,CC300,2000,600100,Opex,10231.2,9236.88,-994.3200000000015,-0.09718508092892343,Budget
2025-12-01,CC300,2000,600100,Opex,10492.67,9363.38,-1129.2900000000009,-0.10762656216196648,Budget
2025-01-01,CC300,2000,600200,Opex,3686.66,3454.97,-231.69000000000005,-0.06284550243309664,Budget
2025-02-01,CC300,2000,600200,Opex,3586.26,3325.38,-260.8800000000001,-0.07274430744006294,Budget
2025-03-01,CC300,2000,600200,Opex,3711.88,3323.14,-388.74000000000024,-0.10472860114012313,Budget
2025-04-01,CC300,2000,600200,Opex,3804.28,3264.83,-539.4500000000003,-0.1418008138202236,Budget
2025-05-01,CC300,2000,600200,Opex,3753.49,3339.08,-414.40999999999985,-0.11040658160805007,Budget
2025-06-01,CC300,2000,600200,Opex,3755.22,3424.46,-330.75999999999976,-0.08808005922422649,Budget
2025-07-01,CC300,2000,600200,Opex,3809.93,3471.98,-337.9499999999998,-0.08870241710477617,Budget
2025-08-01,CC300,2000,600200,Opex,3684.67,3453.9,-230.76999999999998,-0.0626297606027134,Budget
2025-09-01,CC300,2000,600200,Opex,3847.77,3354.47,-493.3000000000002,-0.12820412862515176,Budget
2025-10-01,CC300,2000,600200,Opex,3774.79,3458.95,-315.84000000000015,-0.08367087970456638,Budget
2025-11-01,CC300,2000,600200,Opex,3919.4,3588.19,-331.21000000000004,-0.08450528142062562,Budget
2025-12-01,CC300,2000,600200,Opex,3908.0,3528.58,-379.4200000000001,-0.09708802456499491,Budget
2025-01-01,CC300,2000,630000,Opex,2221.17,2345.41,124.23999999999978,0.05593448497863728,Budget
2025-02-01,CC300,2000,630000,Opex,2519.6,2360.25,-159.3499999999999,-0.06324416574059372,Budget
2025-03-01,CC300,2000,630000,Opex,2251.63,2376.62,124.98999999999978,0.05551089655049887,Budget
2025-04-01,CC300,2000,630000,Opex,2392.6,2674.18,281.5799999999999,0.11768787093538408,Budget
2025-05-01,CC300,2000,630000,Opex,2734.47,2711.95,-22.519999999999982,-0.008235599586025806,Budget
2025-06-01,CC300,2000,630000,Opex,2854.57,2312.57,-542.0,-0.18987097881642417,Budget
2025-07-01,CC300,2000,630000,Opex,2767.05,2100.4,-666.6500000000001,-0.24092445022677583,Budget
2025-08-01,CC300,2000,630000,Opex,2626.37,1956.19,-670.1799999999998,-0.2551734904069114,Budget
2025-09-01,CC300,2000,630000,Opex,2543.09,2489.84,-53.25,-0.020939093779614563,Budget
2025-10-01,CC300,2000,630000,Opex,2630.36,2630.29,-0.07000000000016371,-2.6612326829849793e-05,Budget
2025-11-01,CC300,2000,630000,Opex,2459.84,2295.22,-164.62000000000035,-0.06692305190581514,Budget
2025-12-01,CC300,2000,630000,Opex,2925.13,2651.46,-273.6700000000001,-0.09355823501861459,Budget
2025-01-01,CC300,2000,640000,Opex,1370.36,1705.88,335.5200000000002,0.24484077176800273,Budget
2025-02-01,CC300,2000,640000,Opex,2088.89,1478.07,-610.8199999999999,-0.2924136742480456,Budget
2025-03-01,CC300,2000,640000,Opex,1394.7,1638.12,243.41999999999985,0.17453215745321563,Budget
2025-04-01,CC300,2000,640000,Opex,1791.07,1589.66,-201.40999999999985,-0.11245233296297737,Budget
2025-05-01,CC300,2000,640000,Opex,1823.23,1736.39,-86.83999999999992,-0.0476297559825145,Budget
2025-06-01,CC300,2000,640000,Opex,1642.52,1693.95,51.430000000000064,0.031311643085015745,Budget
2025-07-01,CC300,2000,640000,Opex,1829.41,1742.72,-86.69000000000005,-0.04738686243105703,Budget
2025-08-01,CC300,2000,640000,Opex,2160.52,1619.98,-540.54,-0.25018976912965396,Budget
2025-09-01,CC300,2000,640000,Opex,1997.87,1912.67,-85.19999999999982,-0.04264541736949843,Budget
2025-10-01,CC300,2000,640000,Opex,2052.92,1651.75,-401.1700000000001,-0.19541433665218327,Budget
2025-11-01,CC300,2000,640000,Opex,1839.73,1756.49,-83.24000000000001,-0.045245769759693,Budget
2025-12-01,CC300,2000,640000,Opex,2088.78,1744.66,-344.1200000000001,-0.16474688574191637,Budget
2025-01-01,CC300,2000,650000,Opex,11075.23,8980.42,-2094.8099999999995,-0.18914370175608086,Budget
2025-02-01,CC300,2000,650000,Opex,9248.61,7131.71,-2116.9000000000005,-0.2288884491831746,Budget
2025-03-01,CC300,2000,650000,Opex,9161.61,8564.87,-596.7399999999998,-0.06513483983710285,Budget
2025-04-01,CC300,2000,650000,Opex,10226.21,7794.67,-2431.539999999999,-0.23777528527186506,Budget
2025-05-01,CC300,2000,650000,Opex,9921.61,9997.51,75.89999999999964,0.007649968099935356,Budget
2025-06-01,CC300,2000,650000,Opex,11018.97,9115.42,-1903.5499999999993,-0.17275208118363145,Budget
2025-07-01,CC300,2000,650000,Opex,10000.31,8967.22,-1033.0900000000001,-0.1033057975202769,Budget
2025-08-01,CC300,2000,650000,Opex,9059.93,9833.45,773.5200000000004,0.08537814309823591,Budget
2025-09-01,CC300,2000,650000,Opex,9628.6,10009.94,381.34000000000015,0.03960492698834723,Budget
2025-10-01,CC300,2000,650000,Opex,9246.2,9116.09,-130.11000000000058,-0.0140717267634272,Budget
2025-11-01,CC300,2000,650000,Opex,7041.88,9257.08,2215.2,0.3145750850625117,Budget
2025-12-01,CC300,2000,650000,Opex,9988.03,9765.22,-222.8100000000013,-0.022307702319676784,Budget
2025-01-01,CC300,2000,660000,Opex,1808.31,1646.16,-162.14999999999986,-0.08966935978897417,Budget
2025-02-01,CC300,2000,660000,Opex,1718.37,1580.91,-137.4599999999998,-0.07999441331028813,Budget
2025-03-01,CC300,2000,660000,Opex,1857.28,1601.15,-256.1299999999999,-0.13790597002067534,Budget
2025-04-01,CC300,2000,660000,Opex,1904.4,1692.81,-211.59000000000015,-0.11110586011342162,Budget
2025-05-01,CC300,2000,660000,Opex,2052.71,1797.09,-255.62000000000012,-0.12452806290221226,Budget
2025-06-01,CC300,2000,660000,Opex,1966.19,1602.04,-364.1500000000001,-0.1852059058381947,Budget
2025-07-01,CC300,2000,660000,Opex,1834.17,1748.34,-85.83000000000015,-0.04679500809630522,Budget
2025-08-01,CC300,2000,660000,Opex,1881.58,1749.13,-132.44999999999982,-0.07039296761232572,Budget
2025-09-01,CC300,2000,660000,Opex,2071.68,1684.63,-387.0499999999997,-0.18682904695705888,Budget
2025-10-01,CC300,2000,660000,Opex,1883.62,1546.67,-336.9499999999998,-0.17888427602170281,Budget
2025-11-01,CC300,2000,660000,Opex,2076.73,1699.78,-376.95000000000005,-0.18151131827440256,Budget
2025-12-01,CC300,2000,660000,Opex,1974.32,1729.96,-244.3599999999999,-0.12376919648283961,Budget
2025-01-01,CC300,3000,600000,Opex,23946.63,22189.67,-1756.9600000000028,-0.07336982281014083,Budget
2025-02-01,CC300,3000,600000,Opex,22065.58,21080.06,-985.5200000000004,-0.0446632266181084,Budget
2025-03-01,CC300,3000,600000,Opex,25553.7,22148.6,-3405.100000000002,-0.13325271878436398,Budget
2025-04-01,CC300,3000,600000,Opex,24218.99,21987.41,-2231.5800000000017,-0.09214174496954669,Budget
2025-05-01,CC300,3000,600000,Opex,24600.03,21937.11,-2662.9199999999983,-0.10824864847725789,Budget
2025-06-01,CC300,3000,600000,Opex,24940.58,22010.25,-2930.3300000000017,-0.11749245606958625,Budget
2025-07-01,CC300,3000,600000,Opex,24063.43,22691.15,-1372.2799999999988,-0.057027614101564025,Budget
2025-08-01,CC300,3000,600000,Opex,23726.99,23306.98,-420.01000000000204,-0.01770178181050365,Budget
2025-09-01,CC300,3000,600000,Opex,26112.12,22718.29,-3393.829999999998,-0.12997144620965276,Budget
2025-10-01,CC300,3000,600000,Opex,24557.6,22647.73,-1909.869999999999,-0.07777103625761471,Budget
2025-11-01,CC300,3000,600000,Opex,25475.16,22979.08,-2496.079999999998,-0.09798093515408728,Budget
2025-12-01,CC300,3000,600000,Opex,24878.1,22909.08,-1969.0199999999968,-0.07914671940381286,Budget
2025-01-01,CC300,3000,600100,Opex,4994.55,4457.48,-537.0700000000006,-0.10753120901782956,Budget
2025-02-01,CC300,3000,600100,Opex,4834.9,4410.13,-424.7699999999995,-0.0878549711472832,Budget
2025-03-01,CC300,3000,600100,Opex,5078.97,4528.99,-549.9800000000005,-0.10828573509983332,Budget
2025-04-01,CC300,3000,600100,Opex,5005.14,4486.13,-519.0100000000002,-0.10369540112764082,Budget
2025-05-01,CC300,3000,600100,Opex,5073.05,4364.32,-708.7300000000005,-0.13970491124668602,Budget
2025-06-01,CC300,3000,600100,Opex,4918.7,4425.98,-492.72000000000025,-0.1001728098887918,Budget
2025-07-01,CC300,3000,600100,Opex,4962.3,4459.72,-502.5799999999999,-0.10127964855006749,Budget
2025-08-01,CC300,3000,600100,Opex,5119.55,4622.24,-497.3100000000004,-0.09713939701731605,Budget
2025-09-01,CC300,3000,600100,Opex,5105.3,4540.2,-565.1000000000004,-0.11068889193583145,Budget
2025-10-01,CC300,3000,600100,Opex,4985.27,4769.89,-215.3800000000001,-0.04320327685361076,Budget
2025-11-01,CC300,3000,600100,Opex,5306.57,4766.34,-540.2299999999996,-0.10180399014806167,Budget
2025-12-01,CC300,3000,600100,Opex,5176.55,4736.36,-440.1900000000005,-0.08503540002511335,Budget
2025-01-01,CC300,3000,600200,Opex,1758.03,1601.3,-156.73000000000002,-0.08915092461448326,Budget
2025-02-01,CC300,3000,600200,Opex,1871.49,1703.14,-168.3499999999999,-0.08995506254374852,Budget
2025-03-01,CC300,3000,600200,Opex,1874.46,1643.54,-230.92000000000007,-0.12319281286343804,Budget
2025-04-01,CC300,3000,600200,Opex,1958.34,1675.3,-283.03999999999996,-0.14453057181081935,Budget
2025-05-01,CC300,3000,600200,Opex,1908.72,1667.72,-241.0,-0.12626262626262627,Budget
2025-06-01,CC300,3000,600200,Opex,1918.78,1611.44,-307.3399999999999,-0.1601746943370266,Budget
2025-07-01,CC300,3000,600200,Opex,2003.7,1750.82,-252.8800000000001,-0.1262065179418077,Budget
2025-08-01,CC300,3000,600200,Opex,1872.23,1724.8,-147.43000000000006,-0.0787456669319475,Budget
2025-09-01,CC300,3000,600200,Opex,1990.55,1734.42,-256.1299999999999,-0.12867297982969525,Budget
2025-10-01,CC300,3000,600200,Opex,1903.58,1775.5,-128.07999999999993,-0.06728374956660604,Budget
2025-11-01,CC300,3000,600200,Opex,1980.41,1703.52,-276.8900000000001,-0.13981448285960993,Budget
2025-12-01,CC300,3000,600200,Opex,1974.35,1795.66,-178.68999999999983,-0.09050573606503398,Budget
2025-01-01,CC300,3000,630000,Opex,1145.66,1090.6,-55.06000000000017,-0.048059633748232605,Budget
2025-02-01,CC300,3000,630000,Opex,1229.54,1222.67,-6.869999999999891,-0.005587455471151724,Budget
2025-03-01,CC300,3000,630000,Opex,1252.94,1246.76,-6.180000000000064,-0.004932398997557795,Budget
2025-04-01,CC300,3000,630000,Opex,1208.04,1280.9,72.86000000000013,0.060312572431376554,Budget
2025-05-01,CC300,3000,630000,Opex,1361.11,1070.09,-291.02,-0.21381078678431575,Budget
2025-06-01,CC300,3000,630000,Opex,1117.3,1231.17,113.87000000000012,0.10191533160297156,Budget
2025-07-01,CC300,3000,630000,Opex,1090.97,1121.59,30.61999999999989,0.028066766272216367,Budget
2025-08-01,CC300,3000,630000,Opex,1185.29,1178.07,-7.220000000000027,-0.006091336297446218,Budget
2025-09-01,CC300,3000,630000,Opex,1361.43,1320.0,-41.430000000000064,-0.03043123774266768,Budget
2025-10-01,CC300,3000,630000,Opex,1342.63,1138.29,-204.34000000000015,-0.1521938285305707,Budget
2025-11-01,CC300,3000,630000,Opex,1417.69,1283.04,-134.6500000000001,-0.09497845086020222,Budget
2025-12-01,CC300,3000,630000,Opex,1170.34,1248.93,78.59000000000015,0.06715142608130983,Budget
2025-01-01,CC300,3000,640000,Opex,891.63,859.27,-32.360000000000014,-0.03629308121081616,Budget
2025-02-01,CC300,3000,640000,Opex,858.81,878.89,20.08000000000004,0.023381190251627302,Budget
2025-03-01,CC300,3000,640000,Opex,988.89,848.35,-140.53999999999996,-0.1421189414393916,Budget
2025-04-01,CC300,3000,640000,Opex,878.86,990.56,111.69999999999993,0.1270964658762487,Budget
2025-05-01,CC300,3000,640000,Opex,883.68,822.4,-61.27999999999997,-0.06934636972659784,Budget
2025-06-01,CC300,3000,640000,Opex,857.32,846.98,-10.340000000000032,-0.012060840759576391,Budget
2025-07-01,CC300,3000,640000,Opex,820.93,809.08,-11.849999999999909,-0.014434848281826599,Budget
2025-08-01,CC300,3000,640000,Opex,930.66,1053.09,122.42999999999995,0.1315518019470053,Budget
2025-09-01,CC300,3000,640000,Opex,1090.29,779.38,-310.90999999999997,-0.2851626631446679,Budget
2025-10-01,CC300,3000,640000,Opex,782.31,765.97,-16.339999999999918,-0.020886860707392107,Budget
2025-11-01,CC300,3000,640000,Opex,1008.69,843.67,-165.0200000000001,-0.16359833050788655,Budget
2025-12-01,CC300,3000,640000,Opex,1228.27,1026.63,-201.63999999999987,-0.16416585929803698,Budget
2025-01-01,CC300,3000,650000,Opex,4729.71,3701.63,-1028.08,-0.2173663924426656,Budget
2025-02-01,CC300,3000,650000,Opex,5075.64,4391.72,-683.9200000000001,-0.13474556903168863,Budget
2025-03-01,CC300,3000,650000,Opex,4564.72,4752.89,188.17000000000007,0.041222681785520264,Budget
2025-04-01,CC300,3000,650000,Opex,4582.48,3693.35,-889.1299999999997,-0.19402812450899945,Budget
2025-05-01,CC300,3000,650000,Opex,4907.63,4259.4,-648.2300000000005,-0.132086159714567,Budget
2025-06-01,CC300,3000,650000,Opex,5445.52,4716.42,-729.1000000000004,-0.1338898764488975,Budget
2025-07-01,CC300,3000,650000,Opex,5319.0,5328.4,9.399999999999636,0.0017672494829854553,Budget
2025-08-01,CC300,3000,650000,Opex,4176.82,3511.63,-665.1899999999996,-0.15925752127216392,Budget
2025-09-01,CC300,3000,650000,Opex,5568.43,4598.37,-970.0600000000004,-0.17420709248387792,Budget
2025-10-01,CC300,3000,650000,Opex,4357.93,4579.58,221.64999999999964,0.05086130341698917,Budget
2025-11-01,CC300,3000,650000,Opex,3885.21,4532.91,647.6999999999998,0.16670913541352972,Budget
2025-12-01,CC300,3000,650000,Opex,4994.22,4412.39,-581.8299999999999,-0.11650067478004571,Budget
2025-01-01,CC300,3000,660000,Opex,1020.33,831.08,-189.25,-0.18547920770731038,Budget
2025-02-01,CC300,3000,660000,Opex,939.67,789.18,-150.49,-0.16015196824417086,Budget
2025-03-01,CC300,3000,660000,Opex,882.24,840.44,-41.799999999999955,-0.047379397896264004,Budget
2025-04-01,CC300,3000,660000,Opex,974.67,768.37,-206.29999999999995,-0.21166138282700808,Budget
2025-05-01,CC300,3000,660000,Opex,915.53,836.95,-78.57999999999993,-0.08583006564503613,Budget
2025-06-01,CC300,3000,660000,Opex,991.96,852.28,-139.68000000000006,-0.14081212952135172,Budget
2025-07-01,CC300,3000,660000,Opex,968.84,888.9,-79.94000000000005,-0.08251104413525459,Budget
2025-08-01,CC300,3000,660000,Opex,919.49,886.64,-32.85000000000002,-0.03572632655058785,Budget
2025-09-01,CC300,3000,660000,Opex,1081.95,860.39,-221.56000000000006,-0.20477840935348218,Budget
2025-10-01,CC300,3000,660000,Opex,935.27,900.94,-34.32999999999993,-0.03670597795289053,Budget
2025-11-01,CC300,3000,660000,Opex,1012.51,911.04,-101.47000000000003,-0.1002162941600577,Budget
2025-12-01,CC300,3000,660000,Opex,1064.63,898.92,-165.71000000000015,-0.15565031982942443,Budget
2025-01-01,CC400,1000,600000,Opex,126510.26,132594.03,6083.770000000004,0.04808914312562479,Budget
2025-02-01,CC400,1000,600000,Opex,129716.06,128865.55,-850.5099999999948,-0.006556705468852468,Budget
2025-03-01,CC400,1000,600000,Opex,137149.89,132134.44,-5015.450000000012,-0.03656911427344208,Budget
2025-04-01,CC400,1000,600000,Opex,135542.0,129620.18,-5921.820000000007,-0.0436899263696862,Budget
2025-05-01,CC400,1000,600000,Opex,134882.63,135121.71,239.0799999999872,0.0017725039910623569,Budget
2025-06-01,CC400,1000,600000,Opex,138977.33,139943.21,965.8800000000047,0.0069499104638145286,Budget
2025-07-01,CC400,1000,600000,Opex,141653.22,139530.81,-2122.4100000000035,-0.014983139811435302,Budget
2025-08-01,CC400,1000,600000,Opex,134237.97,139588.56,5350.5899999999965,0.03985899071626304,Budget
2025-09-01,CC400,1000,600000,Opex,146873.18,139530.5,-7342.679999999993,-0.04999333438548817,Budget
2025-10-01,CC400,1000,600000,Opex,147520.43,139269.05,-8251.380000000005,-0.05593381201505449,Budget
2025-11-01,CC400,1000,600000,Opex,161087.32,150656.43,-10430.890000000014,-0.06475301718347548,Budget
2025-12-01,CC400,1000,600000,Opex,152302.44,145910.51,-6391.929999999993,-0.04196866445475196,Budget
2025-01-01,CC400,1000,600100,Opex,26890.83,25515.37,-1375.4600000000028,-0.051149778567638214,Budget
2025-02-01,CC400,1000,600100,Opex,27395.34,26194.78,-1200.5600000000013,-0.04382351158992739,Budget
2025-03-01,CC400,1000,600100,Opex,27913.73,26345.44,-1568.2900000000009,-0.056183462403627205,Budget
2025-04-01,CC400,1000,600100,Opex,27542.22,26992.79,-549.4300000000003,-0.019948646114946445,Budget
2025-05-01,CC400,1000,600100,Opex,28539.39,27791.2,-748.1899999999987,-0.026216047364712374,Budget
2025-06-01,CC400,1000,600100,Opex,28666.95,28228.57,-438.380000000001,-0.015292174437810824,Budget
2025-07-01,CC400,1000,600100,Opex,29058.0,29122.52,64.52000000000044,0.002220386812581748,Budget
2025-08-01,CC400,1000,600100,Opex,29323.53,28830.84,-492.6899999999987,-0.016801865259741876,Budget
2025-09-01,CC400,1000,600100,Opex,29670.57,27907.09,-1763.4799999999996,-0.05943532598126695,Budget
2025-10-01,CC400,1000,600100,Opex,30190.05,30321.86,131.8100000000013,0.004366008005949024,Budget
2025-11-01,CC400,1000,600100,Opex,29360.68,29195.87,-164.8100000000013,-0.005613289610458658,Budget
2025-12-01,CC400,1000,600100,Opex,30914.26,28841.36,-2072.899999999998,-0.06705319810339946,Budget
2025-01-01,CC400,1000,600200,Opex,10127.0,9985.39,-141.61000000000058,-0.01398341068430933,Budget
2025-02-01,CC400,1000,600200,Opex,10279.17,10244.3,-34.8700000000008,-0.0033922972380066485,Budget
2025-03-01,CC400,1000,600200,Opex,10468.23,10058.83,-409.39999999999964,-0.03910880827035704,Budget
2025-04-01,CC400,1000,600200,Opex,10740.76,9982.89,-757.8700000000008,-0.07056018382311874,Budget
2025-05-01,CC400,1000,600200,Opex,10774.3,10189.98,-584.3199999999997,-0.05423275758053885,Budget
2025-06-01,CC400,1000,600200,Opex,10705.25,10728.97,23.719999999999345,0.0022157352700777045,Budget
2025-07-01,CC400,1000,600200,Opex,10723.47,10398.16,-325.3099999999995,-0.030336262422518037,Budget
2025-08-01,CC400,1000,600200,Opex,11077.95,10739.98,-337.97000000000116,-0.030508352177072574,Budget
2025-09-01,CC400,1000,600200,Opex,11302.67,10893.02,-409.64999999999964,-0.03624364862461698,Budget
2025-10-01,CC400,1000,600200,Opex,11887.34,11019.1,-868.2399999999998,-0.07303904826479261,Budget
2025-11-01,CC400,1000,600200,Opex,11885.46,11057.65,-827.8099999999995,-0.06964896604759088,Budget
2025-12-01,CC400,1000,600200,Opex,11527.04,10567.48,-959.5600000000013,-0.08324426739214935,Budget
2025-01-01,CC400,1000,620000,Opex,3377.15,3571.08,193.92999999999984,0.05742415942436665,Budget
2025-02-01,CC400,1000,620000,Opex,4328.21,3623.52,-704.69,-0.16281326460592255,Budget
2025-03-01,CC400,1000,620000,Opex,3446.75,3644.62,197.8699999999999,0.057407702908536994,Budget
2025-04-01,CC400,1000,620000,Opex,3278.64,3145.98,-132.65999999999985,-0.04046189883610273,Budget
2025-05-01,CC400,1000,620000,Opex,4128.5,3024.49,-1104.0100000000002,-0.26741189293932427,Budget
2025-06-01,CC400,1000,620000,Opex,3074.14,3973.68,899.54,0.29261517042164636,Budget
2025-07-01,CC400,1000,620000,Opex,3710.61,3765.42,54.809999999999945,0.014771156224987252,Budget
2025-08-01,CC400,1000,620000,Opex,3191.18,3875.59,684.4100000000003,0.21446925588653737,Budget
2025-09-01,CC400,1000,620000,Opex,3699.25,3518.45,-180.80000000000018,-0.0488747719132257,Budget
2025-10-01,CC400,1000,620000,Opex,3382.42,3409.57,27.15000000000009,0.008026797381756283,Budget
2025-11-01,CC400,1000,620000,Opex,3939.76,3723.4,-216.36000000000013,-0.054917050784819406,Budget
2025-12-01,CC400,1000,620000,Opex,3888.62,3682.86,-205.75999999999976,-0.052913372867495354,Budget
2025-01-01,CC400,1000,630000,Opex,9268.78,6788.9,-2479.880000000001,-0.26755193240102804,Budget
2025-02-01,CC400,1000,630000,Opex,9379.33,7320.42,-2058.91,-0.2195156796914065,Budget
2025-03-01,CC400,1000,630000,Opex,8977.09,6574.2,-2402.8900000000003,-0.2676691444554973,Budget
2025-04-01,CC400,1000,630000,Opex,9958.12,8911.91,-1046.210000000001,-0.10506099544894025,Budget
2025-05-01,CC400,1000,630000,Opex,9245.56,8053.62,-1191.9399999999996,-0.12892026010322788,Budget
2025-06-01,CC400,1000,630000,Opex,9206.88,8520.78,-686.0999999999985,-0.07452035868828513,Budget
2025-07-01,CC400,1000,630000,Opex,8869.34,9538.86,669.5200000000004,0.07548701481733708,Budget
2025-08-01,CC400,1000,630000,Opex,9588.6,8224.17,-1364.4300000000003,-0.1422971028095864,Budget
2025-09-01,CC400,1000,630000,Opex,9359.73,8321.89,-1037.8400000000001,-0.11088354044400855,Budget
2025-10-01,CC400,1000,630000,Opex,9728.64,8551.82,-1176.8199999999997,-0.1209644924676008,Budget
2025-11-01,CC400,1000,630000,Opex,9299.08,8468.0,-831.0799999999999,-0.08937228198918602,Budget
2025-12-01,CC400,1000,630000,Opex,8728.51,9656.31,927.7999999999993,0.10629534708673063,Budget
2025-01-01,CC400,1000,640000,Opex,5171.11,4931.37,-239.73999999999978,-0.04636141950180905,Budget
2025-02-01,CC400,1000,640000,Opex,5287.81,5434.9,147.08999999999924,0.02781680884903187,Budget
2025-03-01,CC400,1000,640000,Opex,5507.19,4241.53,-1265.6599999999999,-0.22981956315289648,Budget
2025-04-01,CC400,1000,640000,Opex,4255.52,6191.56,1936.04,0.45494792645787113,Budget
2025-05-01,CC400,1000,640000,Opex,5301.55,5714.4,412.84999999999945,0.07787345210362996,Budget
2025-06-01,CC400,1000,640000,Opex,5873.21,5438.24,-434.97000000000025,-0.07406001147583693,Budget
2025-07-01,CC400,1000,640000,Opex,5435.5,5257.44,-178.0600000000004,-0.03275871584950794,Budget
2025-08-01,CC400,1000,640000,Opex,5292.43,5492.44,200.0099999999993,0.03779171382521815,Budget
2025-09-01,CC400,1000,640000,Opex,5341.1,5139.57,-201.53000000000065,-0.037731927880024836,Budget
2025-10-01,CC400,1000,640000,Opex,5586.06,5396.76,-189.30000000000018,-0.033887928164036935,Budget
2025-11-01,CC400,1000,640000,Opex,5718.43,5738.16,19.729999999999563,0.0034502477078498053,Budget
2025-12-01,CC400,1000,640000,Opex,5937.28,5290.08,-647.1999999999998,-0.10900614422765978,Budget
2025-01-01,CC400,2000,600000,Opex,70516.44,71380.68,864.2399999999907,0.012255865440739644,Budget
2025-02-01,CC400,2000,600000,Opex,71283.81,73538.65,2254.8399999999965,0.03163186703965454,Budget
2025-03-01,CC400,2000,600000,Opex,73827.8,73236.58,-591.2200000000012,-0.008008094511823475,Budget
2025-04-01,CC400,2000,600000,Opex,76206.58,74341.02,-1865.5599999999977,-0.024480300782425843,Budget
2025-05-01,CC400,2000,600000,Opex,75870.72,71009.41,-4861.309999999998,-0.0640735978253534,Budget
2025-06-01,CC400,2000,600000,Opex,76792.65,75265.88,-1526.7699999999895,-0.019881720451110745,Budget
2025-07-01,CC400,2000,600000,Opex,72623.86,76335.07,3711.2100000000064,0.05110180042757306,Budget
2025-08-01,CC400,2000,600000,Opex,76950.22,76013.22,-937.0,-0.012176703328463517,Budget
2025-09-01,CC400,2000,600000,Opex,81183.68,74949.25,-6234.429999999993,-0.07679412906633444,Budget
2025-10-01,CC400,2000,600000,Opex,77631.72,76635.11,-996.6100000000006,-0.01283766481020903,Budget
2025-11-01,CC400,2000,600000,Opex,80777.28,78162.85,-2614.429999999993,-0.03236590783943199,Budget
2025-12-01,CC400,2000,600000,Opex,80401.75,79101.32,-1300.429999999993,-0.016174150438267736,Budget
2025-01-01,CC400,2000,600100,Opex,14657.58,14269.46,-388.1200000000008,-0.026479132298783348,Budget
2025-02-01,CC400,2000,600100,Opex,14765.14,14433.11,-332.02999999999884,-0.022487426465309428,Budget
2025-03-01,CC400,2000,600100,Opex,14861.03,14488.07,-372.96000000000095,-0.025096510807124467,Budget
2025-04-01,CC400,2000,600100,Opex,15113.54,14958.11,-155.4300000000003,-0.010284155796722693,Budget
2025-05-01,CC400,2000,600100,Opex,15022.49,15557.26,534.7700000000004,0.0355979601251191,Budget
2025-06-01,CC400,2000,600100,Opex,15321.67,14988.81,-332.8600000000006,-0.021724785875168996,Budget
2025-07-01,CC400,2000,600100,Opex,15517.49,15873.35,355.8600000000006,0.022932832565060495,Budget
2025-08-01,CC400,2000,600100,Opex,15975.79,15282.91,-692.880000000001,-0.043370625177221345,Budget
2025-09-01,CC400,2000,600100,Opex,15883.81,15618.61,-265.1999999999989,-0.016696246051797328,Budget
2025-10-01,CC400,2000,600100,Opex,16484.39,16148.51,-335.8799999999992,-0.020375640226905526,Budget
2025-11-01,CC400,2000,600100,Opex,16521.03,15645.45,-875.5799999999981,-0.05299790630487313,Budget
2025-12-01,CC400,2000,600100,Opex,17025.73,16127.76,-897.9699999999993,-0.052741938231136015,Budget
2025-01-01,CC400,2000,600200,Opex,5429.64,5584.46,154.8199999999997,0.02851386095579075,Budget
2025-02-01,CC400,2000,600200,Opex,5343.75,5534.87,191.1199999999999,0.03576514619883039,Budget
2025-03-01,CC400,2000,600200,Opex,5548.24,5445.98,-102.26000000000022,-0.01843107003301952,Budget
2025-04-01,CC400,2000,600200,Opex,5837.12,5700.27,-136.84999999999945,-0.023444780987884342,Budget
2025-05-01,CC400,2000,600200,Opex,5714.59,5860.52,145.9300000000003,0.02553639018722258,Budget
2025-06-01,CC400,2000,600200,Opex,5767.09,5800.4,33.30999999999949,0.005775876568598633,Budget
2025-07-01,CC400,2000,600200,Opex,5746.38,5934.18,187.80000000000018,0.03268144466603325,Budget
2025-08-01,CC400,2000,600200,Opex,5999.15,5997.49,-1.6599999999998545,-0.0002767058666644199,Budget
2025-09-01,CC400,2000,600200,Opex,6241.13,5832.54,-408.59000000000015,-0.06546731120806651,Budget
2025-10-01,CC400,2000,600200,Opex,6088.47,5945.47,-143.0,-0.02348701726377891,Budget
2025-11-01,CC400,2000,600200,Opex,6308.11,6013.91,-294.1999999999998,-0.04663837504418912,Budget
2025-12-01,CC400,2000,600200,Opex,6322.57,6191.8,-130.76999999999953,-0.020683045027575737,Budget
2025-01-01,CC400,2000,620000,Opex,1755.04,1920.96,165.92000000000007,0.0945391558027168,Budget
2025-02-01,CC400,2000,620000,Opex,1771.01,1706.69,-64.31999999999994,-0.03631825907250661,Budget
2025-03-01,CC400,2000,620000,Opex,2160.68,1770.53,-390.14999999999986,-0.18056815446988905,Budget
2025-04-01,CC400,2000,620000,Opex,2086.39,1756.85,-329.53999999999996,-0.15794745948744002,Budget
2025-05-01,CC400,2000,620000,Opex,2082.73,1406.0,-676.73,-0.3249244981346598,Budget
2025-06-01,CC400,2000,620000,Opex,2022.98,1799.73,-223.25,-0.1103569980919238,Budget
2025-07-01,CC400,2000,620000,Opex,2530.37,2103.59,-426.77999999999975,-0.168663080893308,Budget
2025-08-01,CC400,2000,620000,Opex,1989.53,1840.64,-148.88999999999987,-0.07483677049353359,Budget
2025-09-01,CC400,2000,620000,Opex,1736.07,1810.36,74.28999999999996,0.0427920533158225,Budget
2025-10-01,CC400,2000,620000,Opex,1950.46,2347.72,397.25999999999976,0.2036750305056242,Budget
2025-11-01,CC400,2000,620000,Opex,2245.73,2085.96,-159.76999999999998,-0.07114390420932168,Budget
2025-12-01,CC400,2000,620000,Opex,1932.19,1867.65,-64.53999999999996,-0.03340251217530365,Budget
2025-01-01,CC400,2000,630000,Opex,4839.16,5010.3,171.14000000000033,0.03536564197092064,Budget
2025-02-01,CC400,2000,630000,Opex,4295.76,5585.21,1289.4499999999998,0.30016807270424783,Budget
2025-03-01,CC400,2000,630000,Opex,4724.84,4271.52,-453.3199999999997,-0.09594398963774428,Budget
2025-04-01,CC400,2000,630000,Opex,3845.15,5169.37,1324.2199999999998,0.3443870850291926,Budget
2025-05-01,CC400,2000,630000,Opex,5133.12,4608.41,-524.71,-0.10222048189015648,Budget
2025-06-01,CC400,2000,630000,Opex,4073.61,4406.24,332.62999999999965,0.08165484668389945,Budget
2025-07-01,CC400,2000,630000,Opex,4956.96,4304.8,-652.1599999999999,-0.13156450727865462,Budget
2025-08-01,CC400,2000,630000,Opex,4571.16,5194.7,623.54,0.13640738893409987,Budget
2025-09-01,CC400,2000,630000,Opex,5298.53,4699.98,-598.5500000000002,-0.11296529414762212,Budget
2025-10-01,CC400,2000,630000,Opex,5632.01,4575.01,-1057.0,-0.18767722358447517,Budget
2025-11-01,CC400,2000,630000,Opex,4430.02,5720.77,1290.75,0.29136437307280777,Budget
2025-12-01,CC400,2000,630000,Opex,4276.9,5089.47,812.5700000000006,0.18999041361733982,Budget
2025-01-01,CC400,2000,640000,Opex,2836.66,2687.3,-149.35999999999967,-0.0526534727461168,Budget
2025-02-01,CC400,2000,640000,Opex,2624.71,2309.72,-314.99000000000024,-0.12000944866289999,Budget
2025-03-01,CC400,2000,640000,Opex,2458.59,3122.47,663.8799999999997,0.2700246889477301,Budget
2025-04-01,CC400,2000,640000,Opex,2525.14,2564.82,39.68000000000029,0.015713980214958494,Budget
2025-05-01,CC400,2000,640000,Opex,2794.94,2748.19,-46.75,-0.01672665602839417,Budget
2025-06-01,CC400,2000,640000,Opex,3051.15,2648.52,-402.6300000000001,-0.131960080625338,Budget
2025-07-01,CC400,2000,640000,Opex,3030.38,2897.35,-133.0300000000002,-0.043898784970861804,Budget
2025-08-01,CC400,2000,640000,Opex,3095.37,3215.34,119.97000000000025,0.038757886779286564,Budget
2025-09-01,CC400,2000,640000,Opex,3139.09,3022.49,-116.60000000000036,-0.037144522775708996,Budget
2025-10-01,CC400,2000,640000,Opex,3059.67,2976.29,-83.38000000000011,-0.027251304879284403,Budget
2025-11-01,CC400,2000,640000,Opex,3002.99,3282.67,279.6800000000003,0.09313384326954147,Budget
2025-12-01,CC400,2000,640000,Opex,3039.97,3327.4,287.4300000000003,0.09455027516718925,Budget
2025-01-01,CC400,3000,600000,Opex,35125.49,35462.79,337.3000000000029,0.009602713015533816,Budget
2025-02-01,CC400,3000,600000,Opex,36118.17,33812.5,-2305.6699999999983,-0.0638368444469916,Budget
2025-03-01,CC400,3000,600000,Opex,35792.08,34102.3,-1689.7799999999988,-0.04721100310459741,Budget
2025-04-01,CC400,3000,600000,Opex,37497.65,36022.93,-1474.7200000000012,-0.0393283312420912,Budget
2025-05-01,CC400,3000,600000,Opex,37774.56,36678.45,-1096.1100000000006,-0.02901714804884559,Budget
2025-06-01,CC400,3000,600000,Opex,37866.47,36688.04,-1178.4300000000003,-0.031120672193631998,Budget
2025-07-01,CC400,3000,600000,Opex,37760.26,37623.95,-136.31000000000495,-0.0036098798048531697,Budget
2025-08-01,CC400,3000,600000,Opex,39192.28,37954.02,-1238.260000000002,-0.03159448748580083,Budget
2025-09-01,CC400,3000,600000,Opex,37327.02,39689.34,2362.3199999999997,0.06328713087731086,Budget
2025-10-01,CC400,3000,600000,Opex,39340.6,39094.02,-246.58000000000175,-0.006267825096719464,Budget
2025-11-01,CC400,3000,600000,Opex,39813.6,38402.31,-1411.2900000000009,-0.035447435047320536,Budget
2025-12-01,CC400,3000,600000,Opex,42365.74,39188.03,-3177.709999999999,-0.07500659731188454,Budget
2025-01-01,CC400,3000,600100,Opex,7371.81,7089.36,-282.4500000000007,-0.03831487789294633,Budget
2025-02-01,CC400,3000,600100,Opex,7264.85,7309.6,44.75,0.00615979682994143,Budget
2025-03-01,CC400,3000,600100,Opex,7588.9,7549.64,-39.25999999999931,-0.0051733452806071115,Budget
2025-04-01,CC400,3000,600100,Opex,7583.19,7504.93,-78.25999999999931,-0.010320195063027475,Budget
2025-05-01,CC400,3000,600100,Opex,7524.17,7381.19,-142.98000000000047,-0.019002760437363916,Budget
2025-06-01,CC400,3000,600100,Opex,7952.04,8016.51,64.47000000000025,0.008107353584740552,Budget
2025-07-01,CC400,3000,600100,Opex,7938.28,7717.78,-220.5,-0.027776797996543333,Budget
2025-08-01,CC400,3000,600100,Opex,7922.06,7740.71,-181.35000000000036,-0.022891773099421156,Budget
2025-09-01,CC400,3000,600100,Opex,8092.5,7902.82,-189.6800000000003,-0.023438986716095185,Budget
2025-10-01,CC400,3000,600100,Opex,8458.02,7801.77,-656.25,-0.07758908113246363,Budget
2025-11-01,CC400,3000,600100,Opex,8280.54,8033.62,-246.92000000000098,-0.02981931130095392,Budget
2025-12-01,CC400,3000,600100,Opex,8467.47,8158.65,-308.8199999999997,-0.0364713426796906,Budget
2025-01-01,CC400,3000,600200,Opex,2700.76,2742.78,42.01999999999998,0.015558583509826855,Budget
2025-02-01,CC400,3000,600200,Opex,2831.99,2600.79,-231.19999999999982,-0.08163870635136418,Budget
2025-03-01,CC400,3000,600200,Opex,2839.38,2779.27,-60.11000000000013,-0.021170114602483685,Budget
2025-04-01,CC400,3000,600200,Opex,2788.65,2774.37,-14.2800000000002,-0.005120757355709824,Budget
2025-05-01,CC400,3000,600200,Opex,2889.13,2795.94,-93.19000000000005,-0.032255384839034604,Budget
2025-06-01,CC400,3000,600200,Opex,2896.95,2960.43,63.48000000000002,0.021912701289287018,Budget
2025-07-01,CC400,3000,600200,Opex,2951.18,2881.25,-69.92999999999984,-0.023695606503161392,Budget
2025-08-01,CC400,3000,600200,Opex,2975.73,2904.08,-71.65000000000009,-0.0240781253675569,Budget
2025-09-01,CC400,3000,600200,Opex,3050.26,3014.16,-36.100000000000364,-0.011835056683692656,Budget
2025-10-01,CC400,3000,600200,Opex,3045.47,2983.2,-62.26999999999998,-0.02044676191195447,Budget
2025-11-01,CC400,3000,600200,Opex,3212.19,2984.67,-227.51999999999998,-0.07083018127819338,Budget
2025-12-01,CC400,3000,600200,Opex,3056.47,2998.7,-57.76999999999998,-0.0189008889339663,Budget
2025-01-01,CC400,3000,620000,Opex,1014.9,995.11,-19.789999999999964,-0.019499458074687125,Budget
2025-02-01,CC400,3000,620000,Opex,922.44,940.26,17.819999999999936,0.019318329647456674,Budget
2025-03-01,CC400,3000,620000,Opex,968.56,821.25,-147.30999999999995,-0.15209176509457334,Budget
2025-04-01,CC400,3000,620000,Opex,1012.67,848.19,-164.4799999999999,-0.16242211184294975,Budget
2025-05-01,CC400,3000,620000,Opex,1025.76,1004.3,-21.460000000000036,-0.020921073155513996,Budget
2025-06-01,CC400,3000,620000,Opex,873.02,843.67,-29.350000000000023,-0.033618931983230654,Budget
2025-07-01,CC400,3000,620000,Opex,1033.44,955.25,-78.19000000000005,-0.07565993187799974,Budget
2025-08-01,CC400,3000,620000,Opex,1114.23,1029.31,-84.92000000000007,-0.07621406711361216,Budget
2025-09-01,CC400,3000,620000,Opex,1011.4,1000.64,-10.759999999999991,-0.01063871860787027,Budget
2025-10-01,CC400,3000,620000,Opex,1104.9,800.68,-304.22000000000014,-0.27533713458231523,Budget
2025-11-01,CC400,3000,620000,Opex,1081.91,1020.88,-61.030000000000086,-0.05640949801739524,Budget
2025-12-01,CC400,3000,620000,Opex,884.81,1017.7,132.8900000000001,0.15019043636486942,Budget
2025-01-01,CC400,3000,630000,Opex,1853.5,2617.86,764.3600000000001,0.41238737523603997,Budget
2025-02-01,CC400,3000,630000,Opex,2308.28,2168.3,-139.98000000000002,-0.06064255636231307,Budget
2025-03-01,CC400,3000,630000,Opex,2404.72,2022.83,-381.8899999999999,-0.15880850993047005,Budget
2025-04-01,CC400,3000,630000,Opex,2272.64,1941.97,-330.66999999999985,-0.145500387214869,Budget
2025-05-01,CC400,3000,630000,Opex,2640.82,2714.44,73.61999999999989,0.02787770465234279,Budget
2025-06-01,CC400,3000,630000,Opex,2567.58,2864.51,296.9300000000003,0.11564586108319909,Budget
2025-07-01,CC400,3000,630000,Opex,2538.13,2695.28,157.1500000000001,0.061915662318321005,Budget
2025-08-01,CC400,3000,630000,Opex,2461.71,2022.18,-439.53,-0.17854662003241648,Budget
2025-09-01,CC400,3000,630000,Opex,2349.71,2120.36,-229.3499999999999,-0.09760778989747666,Budget
2025-10-01,CC400,3000,630000,Opex,3022.4,2544.86,-477.53999999999996,-0.1580002646903123,Budget
2025-11-01,CC400,3000,630000,Opex,2471.38,2238.21,-233.17000000000007,-0.09434809701462343,Budget
2025-12-01,CC400,3000,630000,Opex,2744.15,2359.06,-385.09000000000015,-0.14033125011387867,Budget
2025-01-01,CC400,3000,640000,Opex,1229.34,1249.94,20.600000000000136,0.01675695901866053,Budget
2025-02-01,CC400,3000,640000,Opex,1339.52,1376.31,36.789999999999964,0.027465062111801216,Budget
2025-03-01,CC400,3000,640000,Opex,1386.59,1611.7,225.11000000000013,0.16234791827432776,Budget
2025-04-01,CC400,3000,640000,Opex,1436.5,1373.1,-63.40000000000009,-0.04413505046989216,Budget
2025-05-01,CC400,3000,640000,Opex,1527.79,1281.93,-245.8599999999999,-0.16092525805248098,Budget
2025-06-01,CC400,3000,640000,Opex,1454.79,1452.1,-2.6900000000000546,-0.001849064126093838,Budget
2025-07-01,CC400,3000,640000,Opex,1762.04,1283.2,-478.8399999999999,-0.2717531951601552,Budget
2025-08-01,CC400,3000,640000,Opex,1524.77,1204.45,-320.31999999999994,-0.2100775854719072,Budget
2025-09-01,CC400,3000,640000,Opex,1791.45,1315.49,-475.96000000000004,-0.26568422227804295,Budget
2025-10-01,CC400,3000,640000,Opex,1606.46,1779.28,172.81999999999994,0.107578153206429,Budget
2025-11-01,CC400,3000,640000,Opex,1452.18,1336.87,-115.31000000000017,-0.07940475698604868,Budget
2025-12-01,CC400,3000,640000,Opex,1740.17,1515.75,-224.42000000000007,-0.12896441152301216,Budget
2025-01-01,CC500,1000,500000,Opex,288212.04,381752.78,93540.74000000005,0.32455528228452935,Budget
2025-02-01,CC500,1000,500000,Opex,347221.91,338063.4,-9158.509999999951,-0.0263765325177779,Budget
2025-03-01,CC500,1000,500000,Opex,373013.7,394967.19,21953.48999999999,0.05885437987934489,Budget
2025-04-01,CC500,1000,500000,Opex,443949.03,406211.99,-37737.04000000004,-0.08500309145849476,Budget
2025-05-01,CC500,1000,500000,Opex,414482.89,414713.06,230.1699999999837,0.000555318459587038,Budget
2025-06-01,CC500,1000,500000,Opex,387528.52,453614.06,66085.53999999998,0.17053077796699964,Budget
2025-07-01,CC500,1000,500000,Opex,420101.83,428859.41,8757.579999999958,0.020846326710835698,Budget
2025-08-01,CC500,1000,500000,Opex,389681.15,403019.71,13338.559999999998,0.03422942064300518,Budget
2025-09-01,CC500,1000,500000,Opex,494170.87,453211.41,-40959.46000000002,-0.08288521741477806,Budget
2025-10-01,CC500,1000,500000,Opex,402469.64,433178.34,30708.70000000001,0.07630066208223808,Budget
2025-11-01,CC500,1000,500000,Opex,416416.63,379814.76,-36601.869999999995,-0.08789723407540183,Budget
2025-12-01,CC500,1000,500000,Opex,374014.38,417004.17,42989.78999999998,0.11494154315670958,Budget
2025-01-01,CC500,1000,500100,Opex,206345.39,127281.24,-79064.15000000001,-0.38316412108843334,Budget
2025-02-01,CC500,1000,500100,Opex,154454.57,149293.15,-5161.420000000013,-0.03341707532512643,Budget
2025-03-01,CC500,1000,500100,Opex,134988.32,148372.05,13383.729999999981,0.09914731881987998,Budget
2025-04-01,CC500,1000,500100,Opex,165486.67,190389.08,24902.409999999974,0.15047985435926636,Budget
2025-05-01,CC500,1000,500100,Opex,173022.22,160267.31,-12754.910000000003,-0.0737183351363773,Budget
2025-06-01,CC500,1000,500100,Opex,182198.35,166112.09,-16086.26000000001,-0.08828982260267455,Budget
2025-07-01,CC500,1000,500100,Opex,154898.47,158599.28,3700.8099999999977,0.023891843476568864,Budget
2025-08-01,CC500,1000,500100,Opex,166369.27,169629.83,3260.5599999999977,0.01959833086963715,Budget
2025-09-01,CC500,1000,500100,Opex,177107.0,181692.36,4585.359999999986,0.02589033747960265,Budget
2025-10-01,CC500,1000,500100,Opex,192431.46,180967.65,-11463.809999999998,-0.05957347099065817,Budget
2025-11-01,CC500,1000,500100,Opex,193799.79,204220.91,10421.119999999995,0.05377260728713893,Budget
2025-12-01,CC500,1000,500100,Opex,158269.02,201628.85,43359.830000000016,0.2739628387160041,Budget
2025-01-01,CC500,1000,600000,Opex,80604.85,81996.5,1391.6499999999942,0.017265090127951285,Budget
2025-02-01,CC500,1000,600000,Opex,83089.3,83978.29,888.9899999999907,0.010699211571164886,Budget
2025-03-01,CC500,1000,600000,Opex,86498.92,83528.87,-2970.050000000003,-0.03433626685743594,Budget
2025-04-01,CC500,1000,600000,Opex,86159.75,86040.15,-119.60000000000582,-0.0013881191623699677,Budget
2025-05-01,CC500,1000,600000,Opex,86422.94,85239.15,-1183.7900000000081,-0.013697636298880923,Budget
2025-06-01,CC500,1000,600000,Opex,87208.9,87615.25,406.3500000000058,0.0046595014958336345,Budget
2025-07-01,CC500,1000,600000,Opex,86689.45,89428.75,2739.300000000003,0.031599000801135584,Budget
2025-08-01,CC500,1000,600000,Opex,89304.2,88946.19,-358.00999999999476,-0.00400888200107044,Budget
2025-09-01,CC500,1000,600000,Opex,91130.41,89514.0,-1616.4100000000035,-0.01773732829688798,Budget
2025-10-01,CC500,1000,600000,Opex,92946.82,95702.53,2755.709999999992,0.029648244017385337,Budget
2025-11-01,CC500,1000,600000,Opex,95891.65,94853.3,-1038.3499999999913,-0.01082836722488341,Budget
2025-12-01,CC500,1000,600000,Opex,94764.08,98068.33,3304.25,0.034868169458301075,Budget
2025-01-01,CC500,1000,600100,Opex,16553.79,16267.2,-286.59000000000015,-0.01731265166466411,Budget
2025-02-01,CC500,1000,600100,Opex,17271.61,17156.91,-114.70000000000073,-0.006640955880777804,Budget
2025-03-01,CC500,1000,600100,Opex,16678.29,17061.53,383.23999999999796,0.022978374881357618,Budget
2025-04-01,CC500,1000,600100,Opex,18160.16,18373.34,213.1800000000003,0.011738883357855895,Budget
2025-05-01,CC500,1000,600100,Opex,17712.65,17943.94,231.28999999999724,0.01305789929795921,Budget
2025-06-01,CC500,1000,600100,Opex,18032.5,18192.95,160.45000000000073,0.008897823374462816,Budget
2025-07-01,CC500,1000,600100,Opex,18366.31,18555.97,189.65999999999985,0.010326516322549268,Budget
2025-08-01,CC500,1000,600100,Opex,19163.0,17928.46,-1234.5400000000009,-0.06442310702917084,Budget
2025-09-01,CC500,1000,600100,Opex,18484.5,18640.95,156.45000000000073,0.008463848088939421,Budget
2025-10-01,CC500,1000,600100,Opex,19075.5,18985.27,-90.22999999999956,-0.004730151241120787,Budget
2025-11-01,CC500,1000,600100,Opex,19642.02,19781.14,139.11999999999898,0.007082774582247599,Budget
2025-12-01,CC500,1000,600100,Opex,19586.94,19818.31,231.37000000000262,0.011812462794086398,Budget
2025-01-01,CC500,1000,600200,Opex,6455.21,6333.85,-121.35999999999967,-0.018800317882764414,Budget
2025-02-01,CC500,1000,600200,Opex,6261.21,6569.2,307.9899999999998,0.04919017250659214,Budget
2025-03-01,CC500,1000,600200,Opex,6354.17,6698.11,343.9399999999996,0.054128233899942806,Budget
2025-04-01,CC500,1000,600200,Opex,6346.15,6444.76,98.61000000000058,0.01553855487185153,Budget
2025-05-01,CC500,1000,600200,Opex,6553.6,6744.36,190.7599999999993,0.029107666015624895,Budget
2025-06-01,CC500,1000,600200,Opex,6682.1,6791.58,109.47999999999956,0.016384070875922172,Budget
2025-07-01,CC500,1000,600200,Opex,6696.32,7104.17,407.85000000000036,0.06090658749880537,Budget
2025-08-01,CC500,1000,600200,Opex,7087.5,7002.27,-85.22999999999956,-0.012025396825396764,Budget
2025-09-01,CC500,1000,600200,Opex,7291.51,7264.41,-27.100000000000364,-0.003716651283479055,Budget
2025-10-01,CC500,1000,600200,Opex,6823.78,7018.28,194.5,0.028503263587044133,Budget
2025-11-01,CC500,1000,600200,Opex,7534.78,7433.88,-100.89999999999964,-0.013391233718834477,Budget
2025-12-01,CC500,1000,600200,Opex,7554.01,7197.59,-356.4200000000001,-0.047182886969966954,Budget
2025-01-01,CC500,2000,500000,Opex,206422.42,175452.55,-30969.870000000024,-0.15003152273866385,Budget
2025-02-01,CC500,2000,500000,Opex,218734.08,213003.39,-5730.689999999973,-0.02619934671359842,Budget
2025-03-01,CC500,2000,500000,Opex,210735.26,230118.5,19383.23999999999,0.09197910212083156,Budget
2025-04-01,CC500,2000,500000,Opex,225474.82,224380.6,-1094.2200000000012,-0.004852958747233954,Budget
2025-05-01,CC500,2000,500000,Opex,234498.73,215508.14,-18990.589999999997,-0.080983764816125,Budget
2025-06-01,CC500,2000,500000,Opex,241046.21,188159.58,-52886.630000000005,-0.2194045282852612,Budget
2025-07-01,CC500,2000,500000,Opex,236586.51,217954.11,-18632.400000000023,-0.07875512428836294,Budget
2025-08-01,CC500,2000,500000,Opex,228499.78,209582.42,-18917.359999999986,-0.08278940137272774,Budget
2025-09-01,CC500,2000,500000,Opex,211316.75,230076.18,18759.429999999993,0.08877398502485011,Budget
2025-10-01,CC500,2000,500000,Opex,265731.13,263789.04,-1942.0900000000256,-0.007308477557748035,Budget
2025-11-01,CC500,2000,500000,Opex,249291.12,231382.63,-17908.48999999999,-0.07183765711349843,Budget
2025-12-01,CC500,2000,500000,Opex,166666.93,222121.74,55454.81,0.3327283342892318,Budget
2025-01-01,CC500,2000,500100,Opex,90492.9,88867.11,-1625.7899999999936,-0.017965939869315644,Budget
2025-02-01,CC500,2000,500100,Opex,88468.88,97683.23,9214.349999999991,0.10415357355038281,Budget
2025-03-01,CC500,2000,500100,Opex,77153.97,93902.45,16748.479999999996,0.2170786545397469,Budget
2025-04-01,CC500,2000,500100,Opex,87349.01,92757.95,5408.940000000002,0.06192331201006174,Budget
2025-05-01,CC500,2000,500100,Opex,86226.77,91107.16,4880.389999999999,0.05659947600959655,Budget
2025-06-01,CC500,2000,500100,Opex,79037.11,106559.07,27521.960000000006,0.348215667298564,Budget
2025-07-01,CC500,2000,500100,Opex,81296.63,99906.68,18610.04999999999,0.22891539292588128,Budget
2025-08-01,CC500,2000,500100,Opex,111116.74,98061.39,-13055.350000000006,-0.1174921978452572,Budget
2025-09-01,CC500,2000,500100,Opex,106899.54,79036.15,-27863.39,-0.2606502329196178,Budget
2025-10-01,CC500,2000,500100,Opex,109435.93,104369.53,-5066.399999999994,-0.046295581350658734,Budget
2025-11-01,CC500,2000,500100,Opex,97495.46,96134.86,-1360.6000000000058,-0.013955521621211959,Budget
2025-12-01,CC500,2000,500100,Opex,95155.68,86679.67,-8476.009999999995,-0.0890751871039122,Budget
2025-01-01,CC500,2000,600000,Opex,45670.21,43447.15,-2223.0599999999977,-0.048676369125519627,Budget
2025-02-01,CC500,2000,600000,Opex,43620.22,44717.99,1097.7699999999968,0.025166539737763744,Budget
2025-03-01,CC500,2000,600000,Opex,45743.37,46563.61,820.239999999998,0.017931341744169656,Budget
2025-04-01,CC500,2000,600000,Opex,45181.29,49458.54,4277.25,0.0946686117195857,Budget
2025-05-01,CC500,2000,600000,Opex,47556.32,48753.3,1196.9800000000032,0.025169735589297138,Budget
2025-06-01,CC500,2000,600000,Opex,46786.3,50265.16,3478.8600000000006,0.07435638210330803,Budget
2025-07-01,CC500,2000,600000,Opex,47886.71,51772.34,3885.6299999999974,0.08114213734875496,Budget
2025-08-01,CC500,2000,600000,Opex,49678.32,48397.56,-1280.760000000002,-0.02578106506017116,Budget
2025-09-01,CC500,2000,600000,Opex,50496.75,48844.96,-1651.7900000000009,-0.03271081802294209,Budget
2025-10-01,CC500,2000,600000,Opex,50548.21,51719.99,1171.7799999999988,0.02318143412002124,Budget
2025-11-01,CC500,2000,600000,Opex,51805.72,52922.05,1116.3300000000017,0.021548392725745377,Budget
2025-12-01,CC500,2000,600000,Opex,51213.98,52978.97,1764.989999999998,0.034463050909146246,Budget
2025-01-01,CC500,2000,600100,Opex,9215.43,9072.58,-142.85000000000036,-0.015501175745461726,Budget
2025-02-01,CC500,2000,600100,Opex,9044.58,9471.59,427.0100000000002,0.0472117002669002,Budget
2025-03-01,CC500,2000,600100,Opex,9729.27,9315.2,-414.0699999999997,-0.042559205366898,Budget
2025-04-01,CC500,2000,600100,Opex,9186.5,9625.99,439.4899999999998,0.04784085342622324,Budget
2025-05-01,CC500,2000,600100,Opex,9558.45,10282.54,724.0900000000001,0.07575391407602698,Budget
2025-06-01,CC500,2000,600100,Opex,9370.68,10217.07,846.3899999999994,0.09032322094020918,Budget
2025-07-01,CC500,2000,600100,Opex,9847.14,10170.68,323.5400000000009,0.0328562404921633,Budget
2025-08-01,CC500,2000,600100,Opex,10224.18,9901.41,-322.77000000000044,-0.03156927988357017,Budget
2025-09-01,CC500,2000,600100,Opex,10425.32,10295.75,-129.5699999999997,-0.012428395483304083,Budget
2025-10-01,CC500,2000,600100,Opex,10087.32,10574.66,487.34000000000015,0.04831213840742637,Budget
2025-11-01,CC500,2000,600100,Opex,10880.9,10581.74,-299.15999999999985,-0.027494049205488504,Budget
2025-12-01,CC500,2000,600100,Opex,10850.25,10878.63,28.3799999999992,0.0026156079353009563,Budget
2025-01-01,CC500,2000,600200,Opex,3436.65,3401.0,-35.65000000000009,-0.01037347416815797,Budget
2025-02-01,CC500,2000,600200,Opex,3415.37,3556.75,141.3800000000001,0.04139522218676164,Budget
2025-03-01,CC500,2000,600200,Opex,3532.61,3644.88,112.26999999999998,0.031781034419310364,Budget
2025-04-01,CC500,2000,600200,Opex,3525.72,3674.95,149.23000000000002,0.04232610644067028,Budget
2025-05-01,CC500,2000,600200,Opex,3466.52,3772.82,306.3000000000002,0.0883595075176258,Budget
2025-06-01,CC500,2000,600200,Opex,3757.7,3960.08,202.3800000000001,0.05385741277909362,Budget
2025-07-01,CC500,2000,600200,Opex,3787.09,3890.69,103.59999999999991,0.02735609663356295,Budget
2025-08-01,CC500,2000,600200,Opex,3813.87,3837.48,23.610000000000127,0.00619056234218789,Budget
2025-09-01,CC500,2000,600200,Opex,3750.81,3899.51,148.70000000000027,0.039644770062999796,Budget
2025-10-01,CC500,2000,600200,Opex,3888.05,3990.36,102.30999999999995,0.02631396201180539,Budget
2025-11-01,CC500,2000,600200,Opex,3920.07,3901.11,-18.960000000000036,-0.004836648325157468,Budget
2025-12-01,CC500,2000,600200,Opex,3864.94,4180.56,315.62000000000035,0.08166232852256447,Budget
2025-01-01,CC500,3000,500000,Opex,98365.59,108181.73,9816.14,0.09979241724672215,Budget
2025-02-01,CC500,3000,500000,Opex,104500.06,109399.8,4899.740000000005,0.046887437193816016,Budget
2025-03-01,CC500,3000,500000,Opex,113719.29,93392.98,-20326.309999999998,-0.17874109133111893,Budget
2025-04-01,CC500,3000,500000,Opex,92217.3,113382.38,21165.08,0.22951311738686778,Budget
2025-05-01,CC500,3000,500000,Opex,116856.16,106856.25,-9999.910000000003,-0.08557452170257865,Budget
2025-06-01,CC500,3000,500000,Opex,109009.96,114126.63,5116.669999999998,0.04693763762503901,Budget
2025-07-01,CC500,3000,500000,Opex,108154.36,120307.24,12152.880000000005,0.11236606642580109,Budget
2025-08-01,CC500,3000,500000,Opex,99360.14,117397.03,18036.89,0.18153044067772045,Budget
2025-09-01,CC500,3000,500000,Opex,133113.41,86730.23,-46383.18000000001,-0.34844858981525606,Budget
2025-10-01,CC500,3000,500000,Opex,92331.42,151536.46,59205.03999999999,0.641223106933696,Budget
2025-11-01,CC500,3000,500000,Opex,114654.96,114683.21,28.25,0.00024639143391616027,Budget
2025-12-01,CC500,3000,500000,Opex,111476.89,117477.16,6000.270000000004,0.05382523678226047,Budget
2025-01-01,CC500,3000,500100,Opex,42354.79,48909.49,6554.699999999997,0.15475699442731264,Budget
2025-02-01,CC500,3000,500100,Opex,42657.82,51454.59,8796.769999999997,0.20621705469243382,Budget
2025-03-01,CC500,3000,500100,Opex,45609.36,47430.27,1820.9099999999962,0.03992404190718739,Budget
2025-04-01,CC500,3000,500100,Opex,46822.91,46063.71,-759.2000000000044,-0.0162142848447481,Budget
2025-05-01,CC500,3000,500100,Opex,48075.55,45822.77,-2252.780000000006,-0.046859162297675346,Budget
2025-06-01,CC500,3000,500100,Opex,44319.44,46244.32,1924.8799999999974,0.043431956721474756,Budget
2025-07-01,CC500,3000,500100,Opex,45918.51,45929.68,11.169999999998254,0.00024325702205925788,Budget
2025-08-01,CC500,3000,500100,Opex,49375.55,45567.05,-3808.5,-0.07713331800860952,Budget
2025-09-01,CC500,3000,500100,Opex,45064.84,46858.12,1793.280000000006,0.039793328901201165,Budget
2025-10-01,CC500,3000,500100,Opex,43288.19,43831.74,543.5499999999956,0.012556542558143355,Budget
2025-11-01,CC500,3000,500100,Opex,50783.14,49572.98,-1210.1599999999962,-0.0238299561626161,Budget
2025-12-01,CC500,3000,500100,Opex,55575.18,53764.87,-1810.3099999999977,-0.03257407353426471,Budget
2025-01-01,CC500,3000,600000,Opex,22651.35,21930.46,-720.8899999999994,-0.03182547618574608,Budget
2025-02-01,CC500,3000,600000,Opex,22500.2,22174.87,-325.33000000000175,-0.014458982586821528,Budget
2025-03-01,CC500,3000,600000,Opex,22187.15,23773.58,1586.4300000000003,0.07150219834453728,Budget
2025-04-01,CC500,3000,600000,Opex,24203.66,23607.9,-595.7599999999984,-0.024614459135519108,Budget
2025-05-01,CC500,3000,600000,Opex,23140.15,23537.36,397.2099999999991,0.01716540299004108,Budget
2025-06-01,CC500,3000,600000,Opex,23924.83,25170.99,1246.1599999999999,0.05208647250576074,Budget
2025-07-01,CC500,3000,600000,Opex,24664.73,25074.48,409.75,0.01661279081506264,Budget
2025-08-01,CC500,3000,600000,Opex,25221.88,24276.55,-945.3300000000017,-0.03748055259956838,Budget
2025-09-01,CC500,3000,600000,Opex,25581.75,24326.75,-1255.0,-0.04905841078112326,Budget
2025-10-01,CC500,3000,600000,Opex,24772.04,25138.29,366.25,0.014784813846578641,Budget
2025-11-01,CC500,3000,600000,Opex,25818.97,26650.78,831.8099999999977,0.032217009431437335,Budget
2025-12-01,CC500,3000,600000,Opex,26195.3,26562.36,367.0600000000013,0.014012437345630756,Budget
2025-01-01,CC500,3000,600100,Opex,4638.22,4458.65,-179.57000000000062,-0.03871528301805447,Budget
2025-02-01,CC500,3000,600100,Opex,4675.87,4813.78,137.90999999999985,0.029493976522016192,Budget
2025-03-01,CC500,3000,600100,Opex,4573.43,5012.15,438.71999999999935,0.09592800152183358,Budget
2025-04-01,CC500,3000,600100,Opex,4679.33,4894.55,215.22000000000025,0.04599376406451357,Budget
2025-05-01,CC500,3000,600100,Opex,4897.03,4977.69,80.65999999999985,0.016471208058762118,Budget
2025-06-01,CC500,3000,600100,Opex,4792.19,4949.28,157.09000000000015,0.03278041980806273,Budget
2025-07-01,CC500,3000,600100,Opex,4982.15,5181.8,199.65000000000055,0.04007306082715305,Budget
2025-08-01,CC500,3000,600100,Opex,5084.48,5087.92,3.4400000000005093,0.0006765686953239091,Budget
2025-09-01,CC500,3000,600100,Opex,5133.61,5074.06,-59.54999999999927,-0.01160002415454218,Budget
2025-10-01,CC500,3000,600100,Opex,5184.57,5410.68,226.11000000000058,0.04361210283591515,Budget
2025-11-01,CC500,3000,600100,Opex,5312.74,5414.87,102.13000000000011,0.019223602133738922,Budget
2025-12-01,CC500,3000,600100,Opex,5442.33,5413.32,-29.01000000000022,-0.0053304375148144675,Budget
2025-01-01,CC500,3000,600200,Opex,1723.3,1653.14,-70.15999999999985,-0.040712586316949954,Budget
2025-02-01,CC500,3000,600200,Opex,1719.37,1800.14,80.77000000000021,0.046976508837539455,Budget
2025-03-01,CC500,3000,600200,Opex,1717.03,1815.59,98.55999999999995,0.0574014431896938,Budget
2025-04-01,CC500,3000,600200,Opex,1806.77,1727.44,-79.32999999999993,-0.04390708280522697,Budget
2025-05-01,CC500,3000,600200,Opex,1797.07,1800.7,3.630000000000109,0.0020199547040460914,Budget
2025-06-01,CC500,3000,600200,Opex,1824.9,1930.96,106.05999999999995,0.058118253054961884,Budget
2025-07-01,CC500,3000,600200,Opex,1847.5,1937.07,89.56999999999994,0.048481732070365324,Budget
2025-08-01,CC500,3000,600200,Opex,1935.2,1950.64,15.440000000000055,0.007978503513848725,Budget
2025-09-01,CC500,3000,600200,Opex,1870.18,1925.65,55.47000000000003,0.029660246607278458,Budget
2025-10-01,CC500,3000,600200,Opex,1893.92,2039.99,146.06999999999994,0.07712574976767758,Budget
2025-11-01,CC500,3000,600200,Opex,1998.66,1963.31,-35.350000000000136,-0.017686850189627117,Budget
2025-12-01,CC500,3000,600200,Opex,1974.57,2010.23,35.66000000000008,0.01805962817220969,Budget
2026-01-01,PC10,1000,400000,Revenue,1164289.36,1152491.42,-11797.940000000177,-0.010133168270128463,Budget
2026-02-01,PC10,1000,400000,Revenue,1186487.64,1175572.31,-10915.329999999842,-0.009199699712000239,Budget
2026-03-01,PC10,1000,400000,Revenue,1175925.4,1172185.94,-3739.4599999999627,-0.003180014650589198,Budget
2026-04-01,PC10,1000,400000,Revenue,1217496.96,1172103.89,-45393.070000000065,-0.03728392882393732,Budget
2026-05-01,PC10,1000,400000,Revenue,1245434.34,1179376.33,-66058.01000000001,-0.053040138591328716,Budget
2026-06-01,PC10,1000,400000,Revenue,1260879.83,1191556.93,-69322.90000000014,-0.054979783442170006,Budget
2026-07-01,PC10,1000,400000,Revenue,1275485.76,1204652.45,-70833.31000000006,-0.05553437930973064,Budget
2026-08-01,PC10,1000,400000,Revenue,1288959.85,1211929.88,-77029.9700000002,-0.05976134167406393,Budget
2026-09-01,PC10,1000,400000,Revenue,1300731.9,1214176.95,-86554.94999999995,-0.06654326690996043,Budget
2026-10-01,PC10,1000,400000,Revenue,1325628.24,1219886.13,-105742.1100000001,-0.07976754478314381,Budget
2026-11-01,PC10,1000,400000,Revenue,1342411.81,1241589.93,-100821.88000000012,-0.07510503054945569,Budget
2026-12-01,PC10,1000,400000,Revenue,1372532.56,1256876.32,-115656.23999999999,-0.0842648425039913,Budget
2026-01-01,PC10,2000,400000,Revenue,635066.92,628631.69,-6435.230000000098,-0.010133152581778463,Budget
2026-02-01,PC10,2000,400000,Revenue,647175.07,641221.26,-5953.8099999999395,-0.009199689969516193,Budget
2026-03-01,PC10,2000,400000,Revenue,641413.85,639374.15,-2039.6999999999534,-0.0031800061691838327,Budget
2026-04-01,PC10,2000,400000,Revenue,664089.25,639329.4,-24759.849999999977,-0.037283919292474585,Budget
2026-05-01,PC10,2000,400000,Revenue,679327.82,643296.18,-36031.6399999999,-0.05304013605684499,Budget
2026-06-01,PC10,2000,400000,Revenue,687752.63,649940.14,-37812.48999999999,-0.054979782483710736,Budget
2026-07-01,PC10,2000,400000,Revenue,695719.51,657083.15,-38636.359999999986,-0.055534392013816006,Budget
2026-08-01,PC10,2000,400000,Revenue,703069.01,661052.66,-42016.34999999998,-0.05976134547588718,Budget
2026-09-01,PC10,2000,400000,Revenue,709490.12,662278.34,-47211.78000000003,-0.06654325221611265,Budget
2026-10-01,PC10,2000,400000,Revenue,723069.95,665392.44,-57677.51000000001,-0.07976753839652721,Budget
2026-11-01,PC10,2000,400000,Revenue,732224.63,677230.87,-54993.76000000001,-0.07510503982910273,Budget
2026-12-01,PC10,2000,400000,Revenue,748654.12,685568.9,-63085.21999999997,-0.084264840484682,Budget
2026-01-01,PC10,3000,400000,Revenue,317533.46,314315.84,-3217.6199999999953,-0.010133168328150347,Budget
2026-02-01,PC10,3000,400000,Revenue,323587.54,320610.63,-2976.9099999999744,-0.00919970527913397,Budget
2026-03-01,PC10,3000,400000,Revenue,320706.92,319687.08,-1019.8399999999674,-0.003179975037644861,Budget
2026-04-01,PC10,3000,400000,Revenue,332044.63,319664.7,-12379.929999999993,-0.03728393378926198,Budget
2026-05-01,PC10,3000,400000,Revenue,339663.91,321648.09,-18015.81999999995,-0.05304013605684499,Budget
2026-06-01,PC10,3000,400000,Revenue,343876.32,324970.07,-18906.25,-0.05497979622440998,Budget
2026-07-01,PC10,3000,400000,Revenue,347859.76,328541.58,-19318.179999999993,-0.0555343912155864,Budget
2026-08-01,PC10,3000,400000,Revenue,351534.5,330526.33,-21008.169999999984,-0.059761332102538964,Budget
2026-09-01,PC10,3000,400000,Revenue,354745.07,331139.17,-23605.900000000023,-0.06654327852956497,Budget
2026-10-01,PC10,3000,400000,Revenue,361534.97,332696.22,-28838.75,-0.07976752566978515,Budget
2026-11-01,PC10,3000,400000,Revenue,366112.31,338615.43,-27496.880000000005,-0.07510504085481312,Budget
2026-12-01,PC10,3000,400000,Revenue,374327.06,342784.45,-31542.609999999986,-0.084264840484682,Budget
2026-01-01,PC20,1000,400000,Revenue,847143.22,804658.8,-42484.419999999925,-0.05015022135218166,Budget
2026-02-01,PC20,1000,400000,Revenue,865551.66,808691.65,-56860.01000000001,-0.0656922199190283,Budget
2026-03-01,PC20,1000,400000,Revenue,867191.48,818473.99,-48717.48999999999,-0.05617846937333839,Budget
2026-04-01,PC20,1000,400000,Revenue,885547.38,830621.99,-54925.390000000014,-0.06202422506179174,Budget
2026-05-01,PC20,1000,400000,Revenue,875846.8,844127.52,-31719.280000000028,-0.03621555733262943,Budget
2026-06-01,PC20,1000,400000,Revenue,888266.29,854602.56,-33663.72999999998,-0.03789824107813433,Budget
2026-07-01,PC20,1000,400000,Revenue,899719.15,869435.11,-30284.040000000037,-0.03365943694762975,Budget
2026-08-01,PC20,1000,400000,Revenue,907950.13,874393.34,-33556.79000000004,-0.03695884706795519,Budget
2026-09-01,PC20,1000,400000,Revenue,926556.85,891151.36,-35405.48999999999,-0.03821189169342388,Budget
2026-10-01,PC20,1000,400000,Revenue,933871.32,901527.56,-32343.759999999893,-0.034634065001589186,Budget
2026-11-01,PC20,1000,400000,Revenue,948141.97,912545.61,-35596.359999999986,-0.0375432805701028,Budget
2026-12-01,PC20,1000,400000,Revenue,959455.56,926532.64,-32922.92000000004,-0.03431416875628929,Budget
2026-01-01,PC20,2000,400000,Revenue,462078.12,438904.8,-23173.320000000007,-0.050150221352181765,Budget
2026-02-01,PC20,2000,400000,Revenue,472119.08,441104.54,-31014.540000000037,-0.06569219782432863,Budget
2026-03-01,PC20,2000,400000,Revenue,473013.54,446440.36,-26573.179999999993,-0.05617847641316989,Budget
2026-04-01,PC20,2000,400000,Revenue,483025.85,453066.54,-29959.309999999998,-0.06202423741917746,Budget
2026-05-01,PC20,2000,400000,Revenue,477734.62,460433.19,-17301.429999999993,-0.03621556670940028,Budget
2026-06-01,PC20,2000,400000,Revenue,484508.89,466146.85,-18362.040000000037,-0.03789825198047457,Budget
2026-07-01,PC20,2000,400000,Revenue,490755.9,474237.33,-16518.570000000007,-0.033659442504919465,Budget
2026-08-01,PC20,2000,400000,Revenue,495245.52,476941.82,-18303.70000000001,-0.03695884013246604,Budget
2026-09-01,PC20,2000,400000,Revenue,505394.64,486082.56,-19312.080000000016,-0.03821188131318531,Budget
2026-10-01,PC20,2000,400000,Revenue,509384.35,491742.3,-17642.04999999999,-0.034634063649580105,Budget
2026-11-01,PC20,2000,400000,Revenue,517168.34,497752.15,-19416.190000000002,-0.03754326879329079,Budget
2026-12-01,PC20,2000,400000,Revenue,523339.4,505381.44,-17957.96000000002,-0.034314175466246224,Budget
2026-01-01,PC20,3000,400000,Revenue,231039.06,219452.4,-11586.660000000003,-0.050150221352181765,Budget
2026-02-01,PC20,3000,400000,Revenue,236059.55,220552.27,-15507.279999999999,-0.06569223740365514,Budget
2026-03-01,PC20,3000,400000,Revenue,236506.76,223220.18,-13286.580000000016,-0.05617843650642382,Budget
2026-04-01,PC20,3000,400000,Revenue,241512.92,226533.27,-14979.650000000023,-0.06202421800042839,Budget
2026-05-01,PC20,3000,400000,Revenue,238867.31,230216.6,-8650.709999999992,-0.0362155457772769,Budget
2026-06-01,PC20,3000,400000,Revenue,242254.44,233073.42,-9181.01999999999,-0.03789825276267378,Budget
2026-07-01,PC20,3000,400000,Revenue,245377.96,237118.67,-8259.289999999979,-0.03365946150990896,Budget
2026-08-01,PC20,3000,400000,Revenue,247622.76,238470.91,-9151.850000000006,-0.03695884013246604,Budget
2026-09-01,PC20,3000,400000,Revenue,252697.32,243041.28,-9656.040000000008,-0.03821188131318531,Budget
2026-10-01,PC20,3000,400000,Revenue,254692.18,245871.15,-8821.029999999999,-0.03463408260120118,Budget
2026-11-01,PC20,3000,400000,Revenue,258584.17,248876.08,-9708.090000000026,-0.03754324945722712,Budget
2026-12-01,PC20,3000,400000,Revenue,261669.7,252690.72,-8978.98000000001,-0.034314175466246224,Budget
2026-01-01,PC30,1000,400100,Revenue,233476.49,192593.08,-40883.41,-0.17510718102709188,Budget
2026-02-01,PC30,1000,400100,Revenue,249568.02,194210.88,-55357.139999999985,-0.22181183310265468,Budget
2026-03-01,PC30,1000,400100,Revenue,228749.63,201746.31,-27003.320000000007,-0.11804749148665293,Budget
2026-04-01,PC30,1000,400100,Revenue,219179.9,257484.95,38305.05000000002,0.1747653411649518,Budget
2026-05-01,PC30,1000,400100,Revenue,213527.11,238199.96,24672.850000000006,0.1155490279431029,Budget
2026-06-01,PC30,1000,400100,Revenue,256703.54,227149.85,-29553.690000000002,-0.11512770723769529,Budget
2026-07-01,PC30,1000,400100,Revenue,232675.38,173432.94,-59242.44,-0.2546141323589973,Budget
2026-08-01,PC30,1000,400100,Revenue,237371.41,227757.2,-9614.209999999992,-0.04050281371290667,Budget
2026-09-01,PC30,1000,400100,Revenue,265994.36,198136.23,-67858.12999999998,-0.25511116100356407,Budget
2026-10-01,PC30,1000,400100,Revenue,229438.92,195237.59,-34201.330000000016,-0.14906507579446424,Budget
2026-11-01,PC30,1000,400100,Revenue,244627.24,218349.05,-26278.190000000002,-0.10742135667311623,Budget
2026-12-01,PC30,1000,400100,Revenue,227582.3,276842.33,49260.03000000003,0.21644930207665547,Budget
2026-01-01,PC30,2000,400100,Revenue,127350.8,105050.77,-22300.03,-0.1751071057268584,Budget
2026-02-01,PC30,2000,400100,Revenue,136128.01,105933.21,-30194.800000000003,-0.2218118078711354,Budget
2026-03-01,PC30,2000,400100,Revenue,124772.53,110043.44,-14729.089999999997,-0.11804753818809313,Budget
2026-04-01,PC30,2000,400100,Revenue,119552.68,140446.34,20893.660000000003,0.17476530011706978,Budget
2026-05-01,PC30,2000,400100,Revenue,116469.34,129927.25,13457.910000000003,0.11554895047915618,Budget
2026-06-01,PC30,2000,400100,Revenue,140020.12,123899.92,-16120.199999999997,-0.11512774021333504,Budget
2026-07-01,PC30,2000,400100,Revenue,126913.85,94599.78,-32314.070000000007,-0.254614212712009,Budget
2026-08-01,PC30,2000,400100,Revenue,129475.32,124231.2,-5244.12000000001,-0.04050285413467223,Budget
2026-09-01,PC30,2000,400100,Revenue,145087.84,108074.31,-37013.53,-0.25511117954475027,Budget
2026-10-01,PC30,2000,400100,Revenue,125148.5,106493.23,-18655.270000000004,-0.14906507069601316,Budget
2026-11-01,PC30,2000,400100,Revenue,133433.04,119099.48,-14333.560000000012,-0.10742137029929028,Budget
2026-12-01,PC30,2000,400100,Revenue,124135.8,151004.91,26869.11,0.21644932404672948,Budget
2026-01-01,PC30,3000,400100,Revenue,63675.41,52525.39,-11150.020000000004,-0.17510715675014898,Budget
2026-02-01,PC30,3000,400100,Revenue,68064.0,52966.6,-15097.400000000001,-0.22181182416549133,Budget
2026-03-01,PC30,3000,400100,Revenue,62386.26,55021.72,-7364.540000000001,-0.11804746750326114,Budget
2026-04-01,PC30,3000,400100,Revenue,59776.33,70223.17,10446.839999999997,0.17476549664390564,Budget
2026-05-01,PC30,3000,400100,Revenue,58234.67,64963.62,6728.950000000004,0.1155488646196502,Budget
2026-06-01,PC30,3000,400100,Revenue,70010.05,61949.96,-8060.090000000004,-0.11512761382115859,Budget
2026-07-01,PC30,3000,400100,Revenue,63456.92,47299.89,-16157.029999999999,-0.2546141539803697,Budget
2026-08-01,PC30,3000,400100,Revenue,64737.66,62115.6,-2622.060000000005,-0.04050285413467223,Budget
2026-09-01,PC30,3000,400100,Revenue,72543.91,54037.15,-18506.760000000002,-0.2551111457874272,Budget
2026-10-01,PC30,3000,400100,Revenue,62574.25,53246.61,-9327.64,-0.1490651506010859,Budget
2026-11-01,PC30,3000,400100,Revenue,66716.52,59549.74,-7166.780000000006,-0.10742137029929028,Budget
2026-12-01,PC30,3000,400100,Revenue,62067.9,75502.45,13434.549999999996,0.21644924348979094,Budget
2026-01-01,PC40,1000,400200,Revenue,465355.0,422363.09,-42991.909999999974,-0.09238518980133441,Budget
2026-02-01,PC40,1000,400200,Revenue,472668.19,429934.18,-42734.01000000001,-0.0904101670137777,Budget
2026-03-01,PC40,1000,400200,Revenue,479846.22,429849.19,-49997.02999999997,-0.1041938602746521,Budget
2026-04-01,PC40,1000,400200,Revenue,483438.71,424019.5,-59419.21000000002,-0.12290949973782617,Budget
2026-05-01,PC40,1000,400200,Revenue,483309.53,422704.97,-60604.560000000056,-0.1253949203112135,Budget
2026-06-01,PC40,1000,400200,Revenue,488937.83,430406.43,-58531.40000000002,-0.11971133426104505,Budget
2026-07-01,PC40,1000,400200,Revenue,493756.81,428088.12,-65668.69,-0.13299804411811555,Budget
2026-08-01,PC40,1000,400200,Revenue,495634.33,428894.62,-66739.71000000002,-0.13465513980841484,Budget
2026-09-01,PC40,1000,400200,Revenue,500234.95,431432.15,-68802.79999999999,-0.13754096949843267,Budget
2026-10-01,PC40,1000,400200,Revenue,502027.12,433494.2,-68532.91999999998,-0.1365123860240857,Budget
2026-11-01,PC40,1000,400200,Revenue,501172.54,433712.54,-67460.0,-0.13460434204954647,Budget
2026-12-01,PC40,1000,400200,Revenue,507060.74,446077.53,-60983.20999999996,-0.12026805703790036,Budget
2026-01-01,PC40,2000,400200,Revenue,253830.0,230379.87,-23450.130000000005,-0.09238517905684909,Budget
2026-02-01,PC40,2000,400200,Revenue,257819.02,234509.55,-23309.47,-0.09041020325032653,Budget
2026-03-01,PC40,2000,400200,Revenue,261734.3,234463.19,-27271.109999999986,-0.10419387141845753,Budget
2026-04-01,PC40,2000,400200,Revenue,263693.83,231283.36,-32410.47000000003,-0.12290947421864223,Budget
2026-05-01,PC40,2000,400200,Revenue,263623.38,230566.35,-33057.03,-0.12539490996587632,Budget
2026-06-01,PC40,2000,400200,Revenue,266693.36,234767.14,-31926.219999999972,-0.11971134189467625,Budget
2026-07-01,PC40,2000,400200,Revenue,269321.9,233502.61,-35819.29000000004,-0.1329980591997904,Budget
2026-08-01,PC40,2000,400200,Revenue,270346.0,233942.52,-36403.48000000001,-0.13465514562819503,Budget
2026-09-01,PC40,2000,400200,Revenue,272855.42,235326.63,-37528.78999999998,-0.13754093651502317,Budget
2026-10-01,PC40,2000,400200,Revenue,273832.97,236451.38,-37381.58999999997,-0.13651237833048363,Budget
2026-11-01,PC40,2000,400200,Revenue,273366.84,236570.48,-36796.360000000015,-0.13460432874740774,Budget
2026-12-01,PC40,2000,400200,Revenue,276578.59,243315.02,-33263.570000000036,-0.120268058348262,Budget
2026-01-01,PC40,3000,400200,Revenue,126915.0,115189.93,-11725.070000000007,-0.09238521845329557,Budget
2026-02-01,PC40,3000,400200,Revenue,128909.51,117254.78,-11654.729999999996,-0.09041016446342862,Budget
2026-03-01,PC40,3000,400200,Revenue,130867.15,117231.6,-13635.549999999988,-0.10419383321177231,Budget
2026-04-01,PC40,3000,400200,Revenue,131846.92,115641.68,-16205.24000000002,-0.12290950748034174,Budget
2026-05-01,PC40,3000,400200,Revenue,131811.68,115283.17,-16528.509999999995,-0.12539488154615733,Budget
2026-06-01,PC40,3000,400200,Revenue,133346.68,117383.57,-15963.109999999986,-0.11971134189467625,Budget
2026-07-01,PC40,3000,400200,Revenue,134660.95,116751.31,-17909.640000000014,-0.13299802206950131,Budget
2026-08-01,PC40,3000,400200,Revenue,135173.0,116971.26,-18201.740000000005,-0.13465514562819503,Budget
2026-09-01,PC40,3000,400200,Revenue,136427.71,117663.31,-18764.399999999994,-0.13754097316446925,Budget
2026-10-01,PC40,3000,400200,Revenue,136916.48,118225.69,-18690.790000000008,-0.13651234679711316,Budget
2026-11-01,PC40,3000,400200,Revenue,136683.42,118285.24,-18398.180000000008,-0.13460432874740774,Budget
2026-12-01,PC40,3000,400200,Revenue,138289.3,121657.51,-16631.789999999994,-0.12026809015592671,Budget
2026-01-01,CC100,1000,600000,Opex,255607.23,259915.62,4308.389999999985,0.016855509134072556,Budget
2026-02-01,CC100,1000,600000,Opex,269156.05,255880.47,-13275.579999999987,-0.04932298568061163,Budget
2026-03-01,CC100,1000,600000,Opex,266101.05,264173.54,-1927.5100000000093,-0.007243526472368333,Budget
2026-04-01,CC100,1000,600000,Opex,290293.69,266063.67,-24230.02000000002,-0.08346726379068047,Budget
2026-05-01,CC100,1000,600000,Opex,279926.51,267276.44,-12650.070000000007,-0.045190682368740305,Budget
2026-06-01,CC100,1000,600000,Opex,279906.58,276162.27,-3744.3099999999977,-0.013376998854403485,Budget
2026-07-01,CC100,1000,600000,Opex,278691.28,278871.24,179.95999999996275,0.0006457324391346681,Budget
2026-08-01,CC100,1000,600000,Opex,280730.01,279304.77,-1425.2399999999907,-0.005076906455423098,Budget
2026-09-01,CC100,1000,600000,Opex,287984.11,294728.16,6744.049999999988,0.023418132340704452,Budget
2026-10-01,CC100,1000,600000,Opex,289878.61,292510.67,2632.0599999999977,0.009079869673723073,Budget
2026-11-01,CC100,1000,600000,Opex,296885.99,295591.17,-1294.820000000007,-0.004361337495245253,Budget
2026-12-01,CC100,1000,600000,Opex,302770.57,292211.55,-10559.020000000019,-0.03487465773176045,Budget
2026-01-01,CC100,1000,600100,Opex,54045.86,53653.33,-392.52999999999884,-0.007262905983918081,Budget
2026-02-01,CC100,1000,600100,Opex,55068.1,52789.19,-2278.909999999996,-0.04138348699156129,Budget
2026-03-01,CC100,1000,600100,Opex,55863.18,55173.49,-689.6900000000023,-0.01234605691978155,Budget
2026-04-01,CC100,1000,600100,Opex,56002.42,53940.61,-2061.8099999999977,-0.03681644471792465,Budget
2026-05-01,CC100,1000,600100,Opex,60038.62,57951.28,-2087.340000000004,-0.03476662188438048,Budget
2026-06-01,CC100,1000,600100,Opex,56406.76,55935.24,-471.5200000000041,-0.008359281759845877,Budget
2026-07-01,CC100,1000,600100,Opex,57289.3,57007.83,-281.47000000000116,-0.004913133866184456,Budget
2026-08-01,CC100,1000,600100,Opex,58639.25,58499.92,-139.33000000000175,-0.0023760535818585973,Budget
2026-09-01,CC100,1000,600100,Opex,58488.46,59629.82,1141.3600000000006,0.01951427683341296,Budget
2026-10-01,CC100,1000,600100,Opex,60300.16,57398.44,-2901.720000000001,-0.04812126534987637,Budget
2026-11-01,CC100,1000,600100,Opex,58081.57,60933.7,2852.1299999999974,0.04910559408087621,Budget
2026-12-01,CC100,1000,600100,Opex,60473.13,60919.46,446.33000000000175,0.007380633349059355,Budget
2026-01-01,CC100,1000,600200,Opex,20503.71,20722.49,218.78000000000247,0.010670264064406026,Budget
2026-02-01,CC100,1000,600200,Opex,21111.9,19414.73,-1697.170000000002,-0.08038925913821124,Budget
2026-03-01,CC100,1000,600200,Opex,20859.41,19880.35,-979.0600000000013,-0.04693613098357055,Budget
2026-04-01,CC100,1000,600200,Opex,21280.99,21058.69,-222.3000000000029,-0.010445942599475067,Budget
2026-05-01,CC100,1000,600200,Opex,21337.09,20632.78,-704.3100000000013,-0.033008718620955405,Budget
2026-06-01,CC100,1000,600200,Opex,21890.04,21483.28,-406.76000000000204,-0.018581966958488978,Budget
2026-07-01,CC100,1000,600200,Opex,22690.57,21322.81,-1367.7599999999984,-0.06027878541614417,Budget
2026-08-01,CC100,1000,600200,Opex,22252.08,20588.45,-1663.630000000001,-0.07476289856948208,Budget
2026-09-01,CC100,1000,600200,Opex,22042.73,21581.42,-461.3100000000013,-0.020927988502331667,Budget
2026-10-01,CC100,1000,600200,Opex,22542.85,22202.52,-340.3299999999981,-0.015097026329856168,Budget
2026-11-01,CC100,1000,600200,Opex,22978.42,22209.94,-768.4799999999996,-0.03344355268987161,Budget
2026-12-01,CC100,1000,600200,Opex,23770.72,23104.17,-666.5500000000029,-0.028040799773839532,Budget
2026-01-01,CC100,1000,610000,Opex,124503.68,112650.78,-11852.899999999994,-0.09520120208495038,Budget
2026-02-01,CC100,1000,610000,Opex,117588.27,116829.71,-758.5599999999977,-0.006450983588754199,Budget
2026-03-01,CC100,1000,610000,Opex,132406.03,113594.48,-18811.550000000003,-0.14207472272977298,Budget
2026-04-01,CC100,1000,610000,Opex,130250.44,125833.85,-4416.5899999999965,-0.03390844591388709,Budget
2026-05-01,CC100,1000,610000,Opex,121083.86,125242.54,4158.679999999993,0.03434545281262088,Budget
2026-06-01,CC100,1000,610000,Opex,126098.39,114700.49,-11397.899999999994,-0.09038894152415423,Budget
2026-07-01,CC100,1000,610000,Opex,127157.72,129436.36,2278.6399999999994,0.01791979283680141,Budget
2026-08-01,CC100,1000,610000,Opex,124587.67,159062.93,34475.259999999995,0.2767148627147453,Budget
2026-09-01,CC100,1000,610000,Opex,124376.19,110728.25,-13647.940000000002,-0.10973113101470629,Budget
2026-10-01,CC100,1000,610000,Opex,137258.76,119394.31,-17864.45000000001,-0.13015162019531584,Budget
2026-11-01,CC100,1000,610000,Opex,125306.37,122718.87,-2587.5,-0.020649389173112268,Budget
2026-12-01,CC100,1000,610000,Opex,108512.11,161653.49,53141.37999999999,0.48972764422330367,Budget
2026-01-01,CC100,1000,620000,Opex,16153.82,17128.2,974.380000000001,0.06031885956386793,Budget
2026-02-01,CC100,1000,620000,Opex,17179.23,15851.72,-1327.5100000000002,-0.07727412695446771,Budget
2026-03-01,CC100,1000,620000,Opex,15789.61,15290.43,-499.1800000000003,-0.031614460395158604,Budget
2026-04-01,CC100,1000,620000,Opex,17767.0,17440.93,-326.0699999999997,-0.01835256374176843,Budget
2026-05-01,CC100,1000,620000,Opex,21613.83,18894.21,-2719.6200000000026,-0.12582776860926556,Budget
2026-06-01,CC100,1000,620000,Opex,19031.28,20455.17,1423.8899999999994,0.07481840422714602,Budget
2026-07-01,CC100,1000,620000,Opex,19584.83,15271.87,-4312.960000000001,-0.22021942493246052,Budget
2026-08-01,CC100,1000,620000,Opex,20142.68,19069.19,-1073.4900000000016,-0.0532942984746817,Budget
2026-09-01,CC100,1000,620000,Opex,18064.23,17550.57,-513.6599999999999,-0.028435200393263364,Budget
2026-10-01,CC100,1000,620000,Opex,17046.75,20102.69,3055.9399999999987,0.179268188950973,Budget
2026-11-01,CC100,1000,620000,Opex,22582.0,17690.68,-4891.32,-0.21660260384376936,Budget
2026-12-01,CC100,1000,620000,Opex,21678.39,16460.87,-5217.52,-0.2406783898619778,Budget
2026-01-01,CC100,1000,630000,Opex,13664.17,12652.63,-1011.5400000000009,-0.07402864572088907,Budget
2026-02-01,CC100,1000,630000,Opex,14968.57,12184.79,-2783.779999999999,-0.18597501297719146,Budget
2026-03-01,CC100,1000,630000,Opex,15182.95,13917.9,-1265.050000000001,-0.08332043509331197,Budget
2026-04-01,CC100,1000,630000,Opex,12886.86,14339.17,1452.3099999999995,0.11269696419453609,Budget
2026-05-01,CC100,1000,630000,Opex,13219.58,13207.02,-12.55999999999949,-0.0009501058278704385,Budget
2026-06-01,CC100,1000,630000,Opex,13725.99,13848.4,122.40999999999985,0.008918118110241947,Budget
2026-07-01,CC100,1000,630000,Opex,13382.04,16209.45,2827.41,0.21128392980442443,Budget
2026-08-01,CC100,1000,630000,Opex,16678.38,14701.76,-1976.6200000000008,-0.11851390842515884,Budget
2026-09-01,CC100,1000,630000,Opex,15004.46,15238.21,233.75,0.015578701266156864,Budget
2026-10-01,CC100,1000,630000,Opex,11994.9,16443.09,4448.1900000000005,0.3708401070454944,Budget
2026-11-01,CC100,1000,630000,Opex,13977.68,15819.93,1842.25,0.1317994116334041,Budget
2026-12-01,CC100,1000,630000,Opex,14988.45,17149.5,2161.0499999999993,0.14418101938492633,Budget
2026-01-01,CC100,1000,640000,Opex,7671.64,9152.37,1480.7300000000005,0.19301348864128146,Budget
2026-02-01,CC100,1000,640000,Opex,8457.35,10047.52,1590.17,0.18802225283333432,Budget
2026-03-01,CC100,1000,640000,Opex,12036.14,11323.23,-712.9099999999999,-0.05923078329098863,Budget
2026-04-01,CC100,1000,640000,Opex,11920.38,10687.92,-1232.4599999999991,-0.10339099928022422,Budget
2026-05-01,CC100,1000,640000,Opex,10219.6,11400.2,1180.6000000000004,0.11552311245058518,Budget
2026-06-01,CC100,1000,640000,Opex,12202.39,10084.48,-2117.91,-0.17356517862484316,Budget
2026-07-01,CC100,1000,640000,Opex,10048.57,10059.56,10.989999999999782,0.0010936879575899638,Budget
2026-08-01,CC100,1000,640000,Opex,9921.38,12148.3,2226.92,0.22445667840562505,Budget
2026-09-01,CC100,1000,640000,Opex,9924.98,11215.85,1290.8700000000008,0.1300627306049988,Budget
2026-10-01,CC100,1000,640000,Opex,10680.4,8828.4,-1852.0,-0.1734017452529868,Budget
2026-11-01,CC100,1000,640000,Opex,9443.99,12425.14,2981.1499999999996,0.31566636559335615,Budget
2026-12-01,CC100,1000,640000,Opex,12487.75,11687.97,-799.7800000000007,-0.06404516426097581,Budget
2026-01-01,CC100,2000,600000,Opex,143100.49,139990.0,-3110.4899999999907,-0.021736403558086984,Budget
2026-02-01,CC100,2000,600000,Opex,152066.73,144666.74,-7399.99000000002,-0.048662781135623945,Budget
2026-03-01,CC100,2000,600000,Opex,152468.67,147483.88,-4984.790000000008,-0.03269386425421044,Budget
2026-04-01,CC100,2000,600000,Opex,159684.52,150520.74,-9163.779999999999,-0.05738677737829565,Budget
2026-05-01,CC100,2000,600000,Opex,152488.11,145909.59,-6578.5199999999895,-0.04314119966468199,Budget
2026-06-01,CC100,2000,600000,Opex,151519.68,150160.95,-1358.7299999999814,-0.00896734998384356,Budget
2026-07-01,CC100,2000,600000,Opex,157905.02,154961.48,-2943.539999999979,-0.018641205960393023,Budget
2026-08-01,CC100,2000,600000,Opex,152303.96,161140.62,8836.660000000003,0.05801989652796949,Budget
2026-09-01,CC100,2000,600000,Opex,153017.8,158986.1,5968.3000000000175,0.039003959016532835,Budget
2026-10-01,CC100,2000,600000,Opex,160644.87,157904.77,-2740.100000000006,-0.017056878317994257,Budget
2026-11-01,CC100,2000,600000,Opex,159202.73,158705.54,-497.1900000000023,-0.0031229992098753727,Budget
2026-12-01,CC100,2000,600000,Opex,163253.28,165634.39,2381.110000000015,0.014585373108583271,Budget
2026-01-01,CC100,2000,600100,Opex,30015.34,28777.58,-1237.7599999999984,-0.04123758051716217,Budget
2026-02-01,CC100,2000,600100,Opex,30436.05,30694.12,258.0699999999997,0.00847908976361912,Budget
2026-03-01,CC100,2000,600100,Opex,31021.79,28450.52,-2571.2700000000004,-0.08288593275887692,Budget
2026-04-01,CC100,2000,600100,Opex,31426.09,30882.77,-543.3199999999997,-0.01728881957634563,Budget
2026-05-01,CC100,2000,600100,Opex,31899.37,31575.66,-323.7099999999991,-0.010147849314892399,Budget
2026-06-01,CC100,2000,600100,Opex,32718.94,31542.15,-1176.7899999999972,-0.03596662972577954,Budget
2026-07-01,CC100,2000,600100,Opex,30848.94,30538.66,-310.27999999999884,-0.010058044133769227,Budget
2026-08-01,CC100,2000,600100,Opex,31684.47,32124.36,439.8899999999994,0.013883457731816231,Budget
2026-09-01,CC100,2000,600100,Opex,31149.47,32317.79,1168.3199999999997,0.03750689819120517,Budget
2026-10-01,CC100,2000,600100,Opex,33205.95,33132.08,-73.86999999999534,-0.0022246013139210095,Budget
2026-11-01,CC100,2000,600100,Opex,31665.16,33418.49,1753.329999999998,0.055370950281002786,Budget
2026-12-01,CC100,2000,600100,Opex,34196.5,33348.18,-848.3199999999997,-0.02480721711286242,Budget
2026-01-01,CC100,2000,600200,Opex,10935.44,10974.26,38.81999999999971,0.0035499257460147654,Budget
2026-02-01,CC100,2000,600200,Opex,11303.16,10713.73,-589.4300000000003,-0.052147364099950834,Budget
2026-03-01,CC100,2000,600200,Opex,11338.98,11657.64,318.65999999999985,0.028103056888714846,Budget
2026-04-01,CC100,2000,600200,Opex,11526.49,11411.54,-114.94999999999891,-0.009972680321589565,Budget
2026-05-01,CC100,2000,600200,Opex,11813.35,11509.95,-303.39999999999964,-0.025682808009582347,Budget
2026-06-01,CC100,2000,600200,Opex,11448.74,11623.97,175.22999999999956,0.015305614416957635,Budget
2026-07-01,CC100,2000,600200,Opex,11790.53,11907.64,117.10999999999876,0.009932547561475078,Budget
2026-08-01,CC100,2000,600200,Opex,11988.44,12065.12,76.68000000000029,0.0063961616357090904,Budget
2026-09-01,CC100,2000,600200,Opex,11630.17,12162.04,531.8700000000008,0.04573191965379705,Budget
2026-10-01,CC100,2000,600200,Opex,12286.77,12106.51,-180.26000000000022,-0.014671064893377203,Budget
2026-11-01,CC100,2000,600200,Opex,12548.6,12338.82,-209.78000000000065,-0.01671740273815411,Budget
2026-12-01,CC100,2000,600200,Opex,12440.8,12320.0,-120.79999999999927,-0.009709986496045212,Budget
2026-01-01,CC100,2000,610000,Opex,65452.18,78490.17,13037.989999999998,0.19919871270903425,Budget
2026-02-01,CC100,2000,610000,Opex,65888.95,71917.12,6028.169999999998,0.09148984769069773,Budget
2026-03-01,CC100,2000,610000,Opex,61762.9,67263.73,5500.8299999999945,0.08906366119466531,Budget
2026-04-01,CC100,2000,610000,Opex,57869.31,71420.21,13550.900000000009,0.23416384263092146,Budget
2026-05-01,CC100,2000,610000,Opex,59755.18,63119.11,3363.9300000000003,0.05629520319409966,Budget
2026-06-01,CC100,2000,610000,Opex,72211.84,63656.41,-8555.429999999993,-0.11847683150020819,Budget
2026-07-01,CC100,2000,610000,Opex,69590.01,73150.15,3560.1399999999994,0.05115877983061074,Budget
2026-08-01,CC100,2000,610000,Opex,65858.93,69971.87,4112.940000000002,0.06245075648814827,Budget
2026-09-01,CC100,2000,610000,Opex,61554.39,71870.43,10316.039999999994,0.1675922708355975,Budget
2026-10-01,CC100,2000,610000,Opex,73702.65,76053.98,2351.3300000000017,0.031902923436267244,Budget
2026-11-01,CC100,2000,610000,Opex,57224.12,70906.77,13682.650000000001,0.23910634187122495,Budget
2026-12-01,CC100,2000,610000,Opex,65102.87,78587.0,13484.129999999997,0.20712036197482533,Budget
2026-01-01,CC100,2000,620000,Opex,9710.87,8429.77,-1281.1000000000004,-0.13192432809830637,Budget
2026-02-01,CC100,2000,620000,Opex,9461.77,10102.38,640.6099999999988,0.06770509111931475,Budget
2026-03-01,CC100,2000,620000,Opex,10844.19,8608.76,-2235.4300000000003,-0.2061407998199958,Budget
2026-04-01,CC100,2000,620000,Opex,10034.64,9890.81,-143.82999999999993,-0.014333349278100652,Budget
2026-05-01,CC100,2000,620000,Opex,9281.98,9302.03,20.05000000000109,0.002160099461537419,Budget
2026-06-01,CC100,2000,620000,Opex,10356.18,11335.57,979.3899999999994,0.09457058490678989,Budget
2026-07-01,CC100,2000,620000,Opex,10018.06,10168.26,150.20000000000073,0.014992922781456763,Budget
2026-08-01,CC100,2000,620000,Opex,11271.92,9727.39,-1544.5300000000007,-0.13702457079184385,Budget
2026-09-01,CC100,2000,620000,Opex,10171.91,8560.96,-1610.9500000000007,-0.15837241973238073,Budget
2026-10-01,CC100,2000,620000,Opex,10478.78,10482.17,3.389999999999418,0.0003235109430677443,Budget
2026-11-01,CC100,2000,620000,Opex,10331.73,10040.2,-291.52999999999884,-0.02821695882490143,Budget
2026-12-01,CC100,2000,620000,Opex,11932.46,11126.0,-806.4599999999991,-0.06758539312094901,Budget
2026-01-01,CC100,2000,630000,Opex,7181.65,6961.31,-220.33999999999924,-0.030680971643006726,Budget
2026-02-01,CC100,2000,630000,Opex,6282.61,6791.38,508.77000000000044,0.08098067522892563,Budget
2026-03-01,CC100,2000,630000,Opex,8312.69,7584.13,-728.5600000000004,-0.0876443124909025,Budget
2026-04-01,CC100,2000,630000,Opex,8689.7,7178.71,-1510.9900000000007,-0.17388287282644976,Budget
2026-05-01,CC100,2000,630000,Opex,7366.61,8291.66,925.0500000000002,0.1255733641390002,Budget
2026-06-01,CC100,2000,630000,Opex,7279.73,7108.27,-171.45999999999913,-0.02355307133643681,Budget
2026-07-01,CC100,2000,630000,Opex,7784.23,7054.64,-729.5899999999992,-0.09372667559925635,Budget
2026-08-01,CC100,2000,630000,Opex,8280.28,7518.05,-762.2300000000005,-0.09205365035964973,Budget
2026-09-01,CC100,2000,630000,Opex,7294.71,7798.14,503.4300000000003,0.06901302450680018,Budget
2026-10-01,CC100,2000,630000,Opex,7627.27,8378.04,750.7700000000004,0.09843233555387451,Budget
2026-11-01,CC100,2000,630000,Opex,6529.41,8818.26,2288.8500000000004,0.3505446893364026,Budget
2026-12-01,CC100,2000,630000,Opex,8263.77,9166.15,902.3799999999992,0.10919713399574275,Budget
2026-01-01,CC100,2000,640000,Opex,5672.37,5413.57,-258.8000000000002,-0.04562466834850339,Budget
2026-02-01,CC100,2000,640000,Opex,6550.36,5636.16,-914.1999999999998,-0.13956484834421312,Budget
2026-03-01,CC100,2000,640000,Opex,5761.2,5698.77,-62.42999999999938,-0.010836284107477502,Budget
2026-04-01,CC100,2000,640000,Opex,6148.27,6071.36,-76.91000000000076,-0.012509209907827853,Budget
2026-05-01,CC100,2000,640000,Opex,5836.8,5417.09,-419.71000000000004,-0.07190755208333334,Budget
2026-06-01,CC100,2000,640000,Opex,6183.44,5851.12,-332.3199999999997,-0.05374354728112503,Budget
2026-07-01,CC100,2000,640000,Opex,6179.93,6021.85,-158.07999999999993,-0.02557957776220765,Budget
2026-08-01,CC100,2000,640000,Opex,5981.06,5431.14,-549.9200000000001,-0.09194356853133057,Budget
2026-09-01,CC100,2000,640000,Opex,6315.9,6597.72,281.8200000000006,0.04462071913741519,Budget
2026-10-01,CC100,2000,640000,Opex,5978.52,5911.09,-67.43000000000029,-0.011278711119139901,Budget
2026-11-01,CC100,2000,640000,Opex,5983.45,6354.58,371.1300000000001,0.06202608862779836,Budget
2026-12-01,CC100,2000,640000,Opex,6407.86,6257.23,-150.6300000000001,-0.02350706788225712,Budget
2026-01-01,CC100,3000,600000,Opex,71108.71,71384.14,275.429999999993,0.003873365161595436,Budget
2026-02-01,CC100,3000,600000,Opex,73669.15,71153.37,-2515.779999999999,-0.03414970852792518,Budget
2026-03-01,CC100,3000,600000,Opex,74091.52,71830.39,-2261.1300000000047,-0.0305180673847696,Budget
2026-04-01,CC100,3000,600000,Opex,75824.22,71737.47,-4086.75,-0.05389768599004381,Budget
2026-05-01,CC100,3000,600000,Opex,77599.2,73672.55,-3926.649999999994,-0.05060168146063354,Budget
2026-06-01,CC100,3000,600000,Opex,79085.35,76783.77,-2301.5800000000017,-0.029102482318153763,Budget
2026-07-01,CC100,3000,600000,Opex,78351.07,74982.79,-3368.2800000000134,-0.04298958520923853,Budget
2026-08-01,CC100,3000,600000,Opex,75224.17,75905.33,681.1600000000035,0.009055068337743088,Budget
2026-09-01,CC100,3000,600000,Opex,77670.39,77892.87,222.47999999999593,0.0028644120365559633,Budget
2026-10-01,CC100,3000,600000,Opex,81373.58,77065.31,-4308.270000000004,-0.05294433402094395,Budget
2026-11-01,CC100,3000,600000,Opex,83496.97,83646.28,149.30999999999767,0.0017882086020606217,Budget
2026-12-01,CC100,3000,600000,Opex,84003.27,80053.86,-3949.4100000000035,-0.047014955489232776,Budget
2026-01-01,CC100,3000,600100,Opex,14811.31,14604.47,-206.84000000000015,-0.013965003770767079,Budget
2026-02-01,CC100,3000,600100,Opex,15232.92,14785.09,-447.8299999999999,-0.029398828327070577,Budget
2026-03-01,CC100,3000,600100,Opex,14705.4,14992.72,287.3199999999997,0.019538400859548173,Budget
2026-04-01,CC100,3000,600100,Opex,15371.11,15456.63,85.51999999999862,0.005563684080069599,Budget
2026-05-01,CC100,3000,600100,Opex,15915.37,15274.28,-641.0900000000001,-0.04028118730510193,Budget
2026-06-01,CC100,3000,600100,Opex,15116.55,15040.41,-76.13999999999942,-0.005036863570060591,Budget
2026-07-01,CC100,3000,600100,Opex,16085.26,15674.2,-411.0599999999995,-0.02555507340260583,Budget
2026-08-01,CC100,3000,600100,Opex,15468.76,15360.82,-107.94000000000051,-0.00697793488295122,Budget
2026-09-01,CC100,3000,600100,Opex,15294.51,16155.44,860.9300000000003,0.056290132864668455,Budget
2026-10-01,CC100,3000,600100,Opex,15848.31,15839.07,-9.239999999999782,-0.0005830274647580583,Budget
2026-11-01,CC100,3000,600100,Opex,16702.17,16131.51,-570.659999999998,-0.03416681784462726,Budget
2026-12-01,CC100,3000,600100,Opex,16469.09,16102.53,-366.5599999999995,-0.02225745320476113,Budget
2026-01-01,CC100,3000,600200,Opex,5645.36,5587.88,-57.47999999999956,-0.01018181302875274,Budget
2026-02-01,CC100,3000,600200,Opex,5769.93,5690.62,-79.3100000000004,-0.013745400724098975,Budget
2026-03-01,CC100,3000,600200,Opex,5624.29,5532.06,-92.22999999999956,-0.016398514301360627,Budget
2026-04-01,CC100,3000,600200,Opex,5705.51,5540.97,-164.53999999999996,-0.02883878917046854,Budget
2026-05-01,CC100,3000,600200,Opex,5708.52,5617.92,-90.60000000000036,-0.015871013852977716,Budget
2026-06-01,CC100,3000,600200,Opex,5991.34,5886.38,-104.96000000000004,-0.017518618539425244,Budget
2026-07-01,CC100,3000,600200,Opex,5827.42,6029.32,201.89999999999964,0.034646550274392375,Budget
2026-08-01,CC100,3000,600200,Opex,5991.05,5911.23,-79.82000000000062,-0.013323207117283384,Budget
2026-09-01,CC100,3000,600200,Opex,6048.72,5959.7,-89.02000000000044,-0.014717163300665336,Budget
2026-10-01,CC100,3000,600200,Opex,6252.93,6162.14,-90.78999999999996,-0.014519593214700942,Budget
2026-11-01,CC100,3000,600200,Opex,6111.07,6217.98,106.90999999999985,0.01749448132651072,Budget
2026-12-01,CC100,3000,600200,Opex,6381.16,6334.9,-46.26000000000022,-0.007249465614402432,Budget
2026-01-01,CC100,3000,610000,Opex,33044.89,24068.76,-8976.130000000001,-0.27163443424989464,Budget
2026-02-01,CC100,3000,610000,Opex,29656.54,34174.15,4517.610000000001,0.15233098668961384,Budget
2026-03-01,CC100,3000,610000,Opex,39934.72,31346.33,-8588.39,-0.21506072910990734,Budget
2026-04-01,CC100,3000,610000,Opex,36865.6,34059.81,-2805.790000000001,-0.07610862158760473,Budget
2026-05-01,CC100,3000,610000,Opex,38199.47,39671.14,1471.6699999999983,0.03852592719218351,Budget
2026-06-01,CC100,3000,610000,Opex,25974.45,30422.07,4447.619999999999,0.1712305746608686,Budget
2026-07-01,CC100,3000,610000,Opex,33691.64,37207.08,3515.4400000000023,0.10434161115339005,Budget
2026-08-01,CC100,3000,610000,Opex,27341.17,28716.67,1375.5,0.050308746845873824,Budget
2026-09-01,CC100,3000,610000,Opex,37651.76,31384.88,-6266.880000000001,-0.1664432154034765,Budget
2026-10-01,CC100,3000,610000,Opex,34196.42,35511.94,1315.520000000004,0.038469524002805094,Budget
2026-11-01,CC100,3000,610000,Opex,36161.16,33999.76,-2161.4000000000015,-0.059771312645943916,Budget
2026-12-01,CC100,3000,610000,Opex,34615.41,37898.93,3283.519999999997,0.09485717488251609,Budget
2026-01-01,CC100,3000,620000,Opex,4375.14,3456.31,-918.8300000000004,-0.21001156534419477,Budget
2026-02-01,CC100,3000,620000,Opex,4941.89,4837.37,-104.52000000000044,-0.021149803010589153,Budget
2026-03-01,CC100,3000,620000,Opex,4176.22,4346.48,170.2599999999993,0.04076892500873979,Budget
2026-04-01,CC100,3000,620000,Opex,5304.92,4330.69,-974.2300000000005,-0.18364650173800934,Budget
2026-05-01,CC100,3000,620000,Opex,5056.87,4522.9,-533.9700000000003,-0.10559298538423971,Budget
2026-06-01,CC100,3000,620000,Opex,4465.74,5258.41,792.6700000000001,0.17750025751611156,Budget
2026-07-01,CC100,3000,620000,Opex,5545.73,4930.55,-615.1799999999994,-0.11092858830126952,Budget
2026-08-01,CC100,3000,620000,Opex,5467.37,5027.7,-439.6700000000001,-0.08041709267892974,Budget
2026-09-01,CC100,3000,620000,Opex,4480.93,4936.63,455.6999999999998,0.10169763865983172,Budget
2026-10-01,CC100,3000,620000,Opex,5716.8,4993.15,-723.6500000000005,-0.12658305345647924,Budget
2026-11-01,CC100,3000,620000,Opex,5191.38,4682.69,-508.6900000000005,-0.09798743301395785,Budget
2026-12-01,CC100,3000,620000,Opex,5185.59,4692.34,-493.25,-0.09511935960999617,Budget
2026-01-01,CC100,3000,630000,Opex,3801.56,3451.87,-349.69000000000005,-0.09198592156904009,Budget
2026-02-01,CC100,3000,630000,Opex,3673.75,3524.13,-149.6199999999999,-0.0407267778155835,Budget
2026-03-01,CC100,3000,630000,Opex,3904.19,3198.53,-705.6599999999999,-0.18074427730207798,Budget
2026-04-01,CC100,3000,630000,Opex,3287.53,3993.82,706.29,0.21483910412984822,Budget
2026-05-01,CC100,3000,630000,Opex,4492.16,4154.54,-337.6199999999999,-0.0751576079213563,Budget
2026-06-01,CC100,3000,630000,Opex,4598.72,3512.75,-1085.9700000000003,-0.23614614501426487,Budget
2026-07-01,CC100,3000,630000,Opex,4317.65,3554.54,-763.1099999999997,-0.17674197769620043,Budget
2026-08-01,CC100,3000,630000,Opex,3908.9,3932.47,23.56999999999971,0.006029829363759551,Budget
2026-09-01,CC100,3000,630000,Opex,4147.58,4122.2,-25.38000000000011,-0.006119230973242255,Budget
2026-10-01,CC100,3000,630000,Opex,3470.11,3878.92,408.80999999999995,0.11780894553774951,Budget
2026-11-01,CC100,3000,630000,Opex,4341.58,4098.35,-243.22999999999956,-0.05602338319229395,Budget
2026-12-01,CC100,3000,630000,Opex,4234.43,3931.39,-303.0400000000004,-0.07156571250439855,Budget
2026-01-01,CC100,3000,640000,Opex,2987.93,3022.88,34.95000000000027,0.011697061176132064,Budget
2026-02-01,CC100,3000,640000,Opex,3070.82,2352.06,-718.7600000000002,-0.23406126051022208,Budget
2026-03-01,CC100,3000,640000,Opex,3163.2,2840.89,-322.30999999999995,-0.10189365199797672,Budget
2026-04-01,CC100,3000,640000,Opex,3380.12,2828.66,-551.46,-0.16314805391524562,Budget
2026-05-01,CC100,3000,640000,Opex,3090.83,2936.93,-153.9000000000001,-0.04979245057152936,Budget
2026-06-01,CC100,3000,640000,Opex,2793.3,3117.15,323.8499999999999,0.1159381376866072,Budget
2026-07-01,CC100,3000,640000,Opex,2564.26,3144.54,580.2799999999997,0.22629530546824414,Budget
2026-08-01,CC100,3000,640000,Opex,3944.84,3003.6,-941.2400000000002,-0.23860029811095004,Budget
2026-09-01,CC100,3000,640000,Opex,2729.56,2802.33,72.76999999999998,0.026659974501384832,Budget
2026-10-01,CC100,3000,640000,Opex,3206.1,2945.25,-260.8499999999999,-0.08136053148685315,Budget
2026-11-01,CC100,3000,640000,Opex,2684.24,3119.37,435.1300000000001,0.16210547492027544,Budget
2026-12-01,CC100,3000,640000,Opex,2680.01,2970.92,290.90999999999985,0.10854810243245355,Budget
2026-01-01,CC200,1000,600000,Opex,486220.01,503209.58,16989.570000000007,0.03494214481218082,Budget
2026-02-01,CC200,1000,600000,Opex,489998.24,523776.74,33778.5,0.06893596189243455,Budget
2026-03-01,CC200,1000,600000,Opex,505962.77,533267.2,27304.429999999935,0.05396529471921409,Budget
2026-04-01,CC200,1000,600000,Opex,532274.47,513468.06,-18806.409999999974,-0.03533216612850129,Budget
2026-05-01,CC200,1000,600000,Opex,546505.07,524234.35,-22270.719999999972,-0.04075116814561295,Budget
2026-06-01,CC200,1000,600000,Opex,526906.56,553299.53,26392.969999999972,0.050090418308703484,Budget
2026-07-01,CC200,1000,600000,Opex,555690.94,552475.77,-3215.1699999999255,-0.005785896023426126,Budget
2026-08-01,CC200,1000,600000,Opex,588846.81,555199.92,-33646.890000000014,-0.057140311246655154,Budget
2026-09-01,CC200,1000,600000,Opex,577557.26,570461.48,-7095.780000000028,-0.012285846774742348,Budget
2026-10-01,CC200,1000,600000,Opex,566730.2,588634.08,21903.880000000005,0.038649572583215094,Budget
2026-11-01,CC200,1000,600000,Opex,594570.61,618459.89,23889.280000000028,0.04017904618595263,Budget
2026-12-01,CC200,1000,600000,Opex,585816.5,575677.91,-10138.589999999967,-0.01730676756288013,Budget
2026-01-01,CC200,1000,600100,Opex,106412.28,100149.35,-6262.929999999993,-0.05885533135837324,Budget
2026-02-01,CC200,1000,600100,Opex,104770.68,110494.87,5724.190000000002,0.05463541899317636,Budget
2026-03-01,CC200,1000,600100,Opex,106852.47,109235.87,2383.399999999994,0.0223055208737804,Budget
2026-04-01,CC200,1000,600100,Opex,110966.73,109712.29,-1254.4400000000023,-0.01130464960083083,Budget
2026-05-01,CC200,1000,600100,Opex,110711.06,109682.16,-1028.8999999999942,-0.00929356109497998,Budget
2026-06-01,CC200,1000,600100,Opex,110243.78,112954.58,2710.800000000003,0.024589142353428038,Budget
2026-07-01,CC200,1000,600100,Opex,108713.8,108027.34,-686.4600000000064,-0.0063143777514906695,Budget
2026-08-01,CC200,1000,600100,Opex,115040.67,122171.25,7130.580000000002,0.06198312301206175,Budget
2026-09-01,CC200,1000,600100,Opex,115251.96,115362.91,110.94999999999709,0.0009626734330591608,Budget
2026-10-01,CC200,1000,600100,Opex,114651.22,117476.13,2824.9100000000035,0.024639162147598634,Budget
2026-11-01,CC200,1000,600100,Opex,114015.24,119426.21,5410.970000000001,0.04745830469681071,Budget
2026-12-01,CC200,1000,600100,Opex,125367.41,119707.09,-5660.320000000007,-0.045149851943180504,Budget
2026-01-01,CC200,1000,600200,Opex,38738.23,40416.17,1677.939999999995,0.0433148339508541,Budget
2026-02-01,CC200,1000,600200,Opex,38892.4,39223.45,331.04999999999563,0.00851194577860959,Budget
2026-03-01,CC200,1000,600200,Opex,40671.07,41210.82,539.75,0.013271104005869528,Budget
2026-04-01,CC200,1000,600200,Opex,39392.86,40327.26,934.4000000000015,0.023720034544331168,Budget
2026-05-01,CC200,1000,600200,Opex,42240.32,41780.72,-459.59999999999854,-0.01088059938939853,Budget
2026-06-01,CC200,1000,600200,Opex,43222.33,41849.85,-1372.4800000000032,-0.031753956808899544,Budget
2026-07-01,CC200,1000,600200,Opex,42486.91,43146.62,659.7099999999991,0.015527370665459058,Budget
2026-08-01,CC200,1000,600200,Opex,43205.29,44332.38,1127.0899999999965,0.026086851864667415,Budget
2026-09-01,CC200,1000,600200,Opex,42750.71,45076.44,2325.730000000003,0.05440213741479389,Budget
2026-10-01,CC200,1000,600200,Opex,44440.01,43161.37,-1278.6399999999994,-0.028772270753314396,Budget
2026-11-01,CC200,1000,600200,Opex,44631.09,43934.34,-696.75,-0.015611314892824711,Budget
2026-12-01,CC200,1000,600200,Opex,46587.17,44601.6,-1985.5699999999997,-0.04262053264879579,Budget
2026-01-01,CC200,1000,620000,Opex,8412.73,9005.38,592.6499999999996,0.07044681096386068,Budget
2026-02-01,CC200,1000,620000,Opex,9145.32,9118.84,-26.479999999999563,-0.0028954700327598775,Budget
2026-03-01,CC200,1000,620000,Opex,8315.19,10987.6,2672.41,0.32138892797398494,Budget
2026-04-01,CC200,1000,620000,Opex,10628.66,10603.02,-25.639999999999418,-0.002412345488518724,Budget
2026-05-01,CC200,1000,620000,Opex,12620.0,11334.45,-1285.5499999999993,-0.10186608557844685,Budget
2026-06-01,CC200,1000,620000,Opex,11930.23,11941.51,11.280000000000655,0.0009454972787616546,Budget
2026-07-01,CC200,1000,620000,Opex,9726.4,9457.19,-269.2099999999991,-0.02767827767724946,Budget
2026-08-01,CC200,1000,620000,Opex,9051.28,10133.58,1082.2999999999993,0.11957424806215244,Budget
2026-09-01,CC200,1000,620000,Opex,10644.38,12707.42,2063.040000000001,0.1938149521155766,Budget
2026-10-01,CC200,1000,620000,Opex,9403.49,11122.54,1719.050000000001,0.18280978657923824,Budget
2026-11-01,CC200,1000,620000,Opex,11325.71,11134.26,-191.4499999999989,-0.01690401749647474,Budget
2026-12-01,CC200,1000,620000,Opex,11107.23,9552.85,-1554.3799999999992,-0.13994308211858394,Budget
2026-01-01,CC200,1000,630000,Opex,47436.61,47755.55,318.9400000000023,0.006723499002142065,Budget
2026-02-01,CC200,1000,630000,Opex,47913.5,42222.13,-5691.370000000003,-0.11878426748202496,Budget
2026-03-01,CC200,1000,630000,Opex,46634.11,48837.82,2203.709999999999,0.047255324482444266,Budget
2026-04-01,CC200,1000,630000,Opex,40775.76,51792.77,11017.009999999995,0.27018527674284903,Budget
2026-05-01,CC200,1000,630000,Opex,50494.51,47088.16,-3406.3499999999985,-0.06745980899705727,Budget
2026-06-01,CC200,1000,630000,Opex,39553.73,47456.97,7903.239999999998,0.19981023281495822,Budget
2026-07-01,CC200,1000,630000,Opex,58919.62,49441.84,-9477.780000000006,-0.16085948958937626,Budget
2026-08-01,CC200,1000,630000,Opex,55542.64,44084.99,-11457.650000000001,-0.2062856572896067,Budget
2026-09-01,CC200,1000,630000,Opex,49750.66,49923.14,172.47999999999593,0.0034668886804716946,Budget
2026-10-01,CC200,1000,630000,Opex,56832.05,55590.59,-1241.4600000000064,-0.021844364227579443,Budget
2026-11-01,CC200,1000,630000,Opex,50159.07,53873.83,3714.760000000002,0.07405958683045763,Budget
2026-12-01,CC200,1000,630000,Opex,53070.63,51046.42,-2024.2099999999991,-0.038141812147321395,Budget
2026-01-01,CC200,1000,640000,Opex,21834.92,17801.62,-4033.2999999999993,-0.18471787393771077,Budget
2026-02-01,CC200,1000,640000,Opex,20608.72,20485.04,-123.68000000000029,-0.006001343120776073,Budget
2026-03-01,CC200,1000,640000,Opex,25686.75,19192.97,-6493.779999999999,-0.25280660262586735,Budget
2026-04-01,CC200,1000,640000,Opex,19938.21,20402.12,463.90999999999985,0.023267384584674346,Budget
2026-05-01,CC200,1000,640000,Opex,20365.04,23021.83,2656.790000000001,0.1304583737620943,Budget
2026-06-01,CC200,1000,640000,Opex,18571.09,19620.15,1049.0600000000013,0.0564888759895085,Budget
2026-07-01,CC200,1000,640000,Opex,19211.77,23794.94,4583.169999999998,0.23856052825949917,Budget
2026-08-01,CC200,1000,640000,Opex,25335.83,22081.7,-3254.130000000001,-0.12843984191557967,Budget
2026-09-01,CC200,1000,640000,Opex,21896.13,25247.31,3351.1800000000003,0.15304896344696528,Budget
2026-10-01,CC200,1000,640000,Opex,20254.02,21721.13,1467.1100000000006,0.0724354967557058,Budget
2026-11-01,CC200,1000,640000,Opex,24031.59,17812.4,-6219.189999999999,-0.2587922813263708,Budget
2026-12-01,CC200,1000,640000,Opex,23444.38,21132.66,-2311.720000000001,-0.09860444166149845,Budget
2026-01-01,CC200,1000,660000,Opex,18808.54,19011.08,202.54000000000087,0.010768512601190782,Budget
2026-02-01,CC200,1000,660000,Opex,18982.61,19427.98,445.369999999999,0.02346200022020149,Budget
2026-03-01,CC200,1000,660000,Opex,21017.77,18896.92,-2120.850000000002,-0.10090747020259533,Budget
2026-04-01,CC200,1000,660000,Opex,22057.61,19422.72,-2634.8899999999994,-0.11945491827990427,Budget
2026-05-01,CC200,1000,660000,Opex,21480.64,21512.86,32.220000000001164,0.0014999553085942117,Budget
2026-06-01,CC200,1000,660000,Opex,22680.49,20092.09,-2588.4000000000015,-0.11412451847380728,Budget
2026-07-01,CC200,1000,660000,Opex,22034.3,17867.04,-4167.259999999998,-0.18912604439442135,Budget
2026-08-01,CC200,1000,660000,Opex,19715.06,20484.6,769.5399999999972,0.03903310464183204,Budget
2026-09-01,CC200,1000,660000,Opex,20857.91,21955.42,1097.5099999999984,0.052618407117491564,Budget
2026-10-01,CC200,1000,660000,Opex,22021.72,23957.9,1936.1800000000003,0.08792137943811837,Budget
2026-11-01,CC200,1000,660000,Opex,21011.95,22493.2,1481.25,0.07049559893298812,Budget
2026-12-01,CC200,1000,660000,Opex,24440.39,25125.84,685.4500000000007,0.028045788140041987,Budget
2026-01-01,CC200,2000,600000,Opex,274953.14,283976.9,9023.76000000001,0.03281926513005092,Budget
2026-02-01,CC200,2000,600000,Opex,277758.3,284752.88,6994.580000000016,0.025182253779635087,Budget
2026-03-01,CC200,2000,600000,Opex,281664.84,281558.65,-106.19000000000233,-0.00037700836213707864,Budget
2026-04-01,CC200,2000,600000,Opex,290976.78,286084.97,-4891.810000000056,-0.016811685111093936,Budget
2026-05-01,CC200,2000,600000,Opex,295803.71,288520.5,-7283.210000000021,-0.024621766914282518,Budget
2026-06-01,CC200,2000,600000,Opex,293704.52,288951.94,-4752.580000000016,-0.0161815010541888,Budget
2026-07-01,CC200,2000,600000,Opex,291809.3,302815.66,11006.359999999986,0.03771764642182407,Budget
2026-08-01,CC200,2000,600000,Opex,302866.5,297926.39,-4940.109999999986,-0.01631118000835347,Budget
2026-09-01,CC200,2000,600000,Opex,312236.28,305940.13,-6296.150000000023,-0.02016469706851498,Budget
2026-10-01,CC200,2000,600000,Opex,313649.15,314955.49,1306.3399999999674,0.004164972230914598,Budget
2026-11-01,CC200,2000,600000,Opex,313535.81,324108.2,10572.390000000014,0.0337198803543366,Budget
2026-12-01,CC200,2000,600000,Opex,324191.61,332222.58,8030.97000000003,0.024772294384793087,Budget
2026-01-01,CC200,2000,600100,Opex,55838.8,57395.11,1556.3099999999977,0.027871480046132754,Budget
2026-02-01,CC200,2000,600100,Opex,56078.44,57300.96,1222.5199999999968,0.02180017846430815,Budget
2026-03-01,CC200,2000,600100,Opex,58872.87,57680.89,-1191.9800000000032,-0.020246677289556345,Budget
2026-04-01,CC200,2000,600100,Opex,58570.73,58839.32,268.5899999999965,0.004585737620138873,Budget
2026-05-01,CC200,2000,600100,Opex,58458.03,58442.78,-15.25,-0.00026087091884553754,Budget
2026-06-01,CC200,2000,600100,Opex,58875.88,61333.08,2457.2000000000044,0.04173525729042189,Budget
2026-07-01,CC200,2000,600100,Opex,60982.48,62131.45,1148.969999999994,0.018840985148521245,Budget
2026-08-01,CC200,2000,600100,Opex,63642.29,63338.96,-303.33000000000175,-0.0047661704190719995,Budget
2026-09-01,CC200,2000,600100,Opex,64912.6,61376.76,-3535.8399999999965,-0.054470780711294825,Budget
2026-10-01,CC200,2000,600100,Opex,65157.79,65006.65,-151.13999999999942,-0.0023195998513761656,Budget
2026-11-01,CC200,2000,600100,Opex,65868.2,66718.05,849.8500000000058,0.012902280614925045,Budget
2026-12-01,CC200,2000,600100,Opex,67077.99,65446.95,-1631.0400000000081,-0.02431557654008428,Budget
2026-01-01,CC200,2000,600200,Opex,22011.15,22011.57,0.41999999999825377,1.908123837229103e-05,Budget
2026-02-01,CC200,2000,600200,Opex,21774.01,21660.83,-113.17999999999665,-0.005197940113006133,Budget
2026-03-01,CC200,2000,600200,Opex,21933.56,22532.08,598.5200000000004,0.0272878638944157,Budget
2026-04-01,CC200,2000,600200,Opex,21618.08,22650.57,1032.489999999998,0.04776048566755225,Budget
2026-05-01,CC200,2000,600200,Opex,21916.36,22124.92,208.55999999999767,0.009516178781512882,Budget
2026-06-01,CC200,2000,600200,Opex,23588.46,22336.44,-1252.0200000000004,-0.053077648985987234,Budget
2026-07-01,CC200,2000,600200,Opex,23437.83,22380.96,-1056.8700000000026,-0.04509248509780993,Budget
2026-08-01,CC200,2000,600200,Opex,23825.34,23227.64,-597.7000000000007,-0.02508673538341953,Budget
2026-09-01,CC200,2000,600200,Opex,24190.08,23311.16,-878.9200000000019,-0.03633390216154729,Budget
2026-10-01,CC200,2000,600200,Opex,24628.15,23665.83,-962.3199999999997,-0.03907398647482656,Budget
2026-11-01,CC200,2000,600200,Opex,24563.9,24294.22,-269.6800000000003,-0.010978712663705693,Budget
2026-12-01,CC200,2000,600200,Opex,25612.03,25066.87,-545.1599999999999,-0.021285310067183268,Budget
2026-01-01,CC200,2000,620000,Opex,5426.96,4835.46,-591.5,-0.10899287999174492,Budget
2026-02-01,CC200,2000,620000,Opex,5152.7,4640.33,-512.3699999999999,-0.09943718827022724,Budget
2026-03-01,CC200,2000,620000,Opex,4425.57,6104.97,1679.4000000000005,0.37947654200475883,Budget
2026-04-01,CC200,2000,620000,Opex,6416.34,6166.76,-249.57999999999993,-0.03889756465523958,Budget
2026-05-01,CC200,2000,620000,Opex,5278.61,4383.88,-894.7299999999996,-0.1695010618325657,Budget
2026-06-01,CC200,2000,620000,Opex,5200.06,5400.44,200.3799999999992,0.038534170759568005,Budget
2026-07-01,CC200,2000,620000,Opex,6221.3,5614.07,-607.2300000000005,-0.09760500216996455,Budget
2026-08-01,CC200,2000,620000,Opex,4531.73,6695.98,2164.25,0.4775769959816671,Budget
2026-09-01,CC200,2000,620000,Opex,6762.2,6074.12,-688.0799999999999,-0.10175386708467658,Budget
2026-10-01,CC200,2000,620000,Opex,6177.77,5116.88,-1060.8900000000003,-0.17172701476422725,Budget
2026-11-01,CC200,2000,620000,Opex,6578.89,5443.24,-1135.6500000000005,-0.17262030524906186,Budget
2026-12-01,CC200,2000,620000,Opex,5301.54,5722.54,421.0,0.07941088815702607,Budget
2026-01-01,CC200,2000,630000,Opex,22692.13,18169.89,-4522.240000000002,-0.1992867130586684,Budget
2026-02-01,CC200,2000,630000,Opex,24059.95,27586.05,3526.0999999999985,0.14655475177629207,Budget
2026-03-01,CC200,2000,630000,Opex,23505.6,28157.54,4651.940000000002,0.19790773262541703,Budget
2026-04-01,CC200,2000,630000,Opex,28916.89,30338.43,1421.5400000000009,0.049159505050508576,Budget
2026-05-01,CC200,2000,630000,Opex,27013.57,26645.95,-367.619999999999,-0.01360871591574157,Budget
2026-06-01,CC200,2000,630000,Opex,30624.09,23964.98,-6659.110000000001,-0.2174467878065928,Budget
2026-07-01,CC200,2000,630000,Opex,25307.85,24380.53,-927.3199999999997,-0.0366415953943144,Budget
2026-08-01,CC200,2000,630000,Opex,30467.03,30132.25,-334.77999999999884,-0.010988271584069693,Budget
2026-09-01,CC200,2000,630000,Opex,28762.64,24171.66,-4590.98,-0.15961608531066687,Budget
2026-10-01,CC200,2000,630000,Opex,28029.78,27655.71,-374.0699999999997,-0.013345449018864926,Budget
2026-11-01,CC200,2000,630000,Opex,27041.0,28200.39,1159.3899999999994,0.04287526348877628,Budget
2026-12-01,CC200,2000,630000,Opex,26940.37,30300.46,3360.09,0.12472323134389024,Budget
2026-01-01,CC200,2000,640000,Opex,10045.6,9964.29,-81.30999999999949,-0.008094090945289428,Budget
2026-02-01,CC200,2000,640000,Opex,7594.28,9601.54,2007.2600000000011,0.26431208751850094,Budget
2026-03-01,CC200,2000,640000,Opex,11119.77,11565.22,445.4499999999989,0.04005928180169184,Budget
2026-04-01,CC200,2000,640000,Opex,9970.97,10237.99,267.02000000000044,0.026779741589835336,Budget
2026-05-01,CC200,2000,640000,Opex,11411.67,11811.18,399.5100000000002,0.03500889878519097,Budget
2026-06-01,CC200,2000,640000,Opex,12088.29,9710.59,-2377.7000000000007,-0.19669448697872077,Budget
2026-07-01,CC200,2000,640000,Opex,11307.49,14773.23,3465.74,0.3064994972359029,Budget
2026-08-01,CC200,2000,640000,Opex,10380.35,12944.38,2564.029999999999,0.24700804886155078,Budget
2026-09-01,CC200,2000,640000,Opex,11294.68,13664.56,2369.879999999999,0.2098226775791788,Budget
2026-10-01,CC200,2000,640000,Opex,14326.86,12857.32,-1469.5400000000009,-0.10257237105688202,Budget
2026-11-01,CC200,2000,640000,Opex,11709.91,11330.61,-379.2999999999993,-0.0323913676535515,Budget
2026-12-01,CC200,2000,640000,Opex,14470.54,13950.27,-520.2700000000004,-0.03595373773197133,Budget
2026-01-01,CC200,2000,660000,Opex,9997.17,10758.41,761.2399999999998,0.07614554919042087,Budget
2026-02-01,CC200,2000,660000,Opex,10150.74,10697.66,546.9200000000001,0.053879815658759864,Budget
2026-03-01,CC200,2000,660000,Opex,11198.72,10543.0,-655.7199999999993,-0.05855312035661213,Budget
2026-04-01,CC200,2000,660000,Opex,10878.65,9926.59,-952.0599999999995,-0.08751637381476557,Budget
2026-05-01,CC200,2000,660000,Opex,11327.28,11195.36,-131.92000000000007,-0.011646220451864885,Budget
2026-06-01,CC200,2000,660000,Opex,11292.0,11301.99,9.989999999999782,0.0008846971307119891,Budget
2026-07-01,CC200,2000,660000,Opex,11824.87,12005.41,180.53999999999905,0.015267821126151835,Budget
2026-08-01,CC200,2000,660000,Opex,12301.49,11272.46,-1029.0300000000007,-0.08365084229633976,Budget
2026-09-01,CC200,2000,660000,Opex,11393.98,12243.08,849.1000000000004,0.07452180888504284,Budget
2026-10-01,CC200,2000,660000,Opex,11875.24,12240.35,365.1100000000006,0.030745483880746882,Budget
2026-11-01,CC200,2000,660000,Opex,11982.99,12460.83,477.84000000000015,0.039876524974150875,Budget
2026-12-01,CC200,2000,660000,Opex,13539.15,13146.2,-392.9499999999989,-0.02902324001137434,Budget
2026-01-01,CC200,3000,600000,Opex,137180.3,140150.69,2970.390000000014,0.021653181980211548,Budget
2026-02-01,CC200,3000,600000,Opex,135234.13,145149.35,9915.220000000001,0.07331891734727025,Budget
2026-03-01,CC200,3000,600000,Opex,142163.56,144361.27,2197.709999999992,0.015459024802136298,Budget
2026-04-01,CC200,3000,600000,Opex,148656.15,141291.44,-7364.709999999992,-0.04954191266220733,Budget
2026-05-01,CC200,3000,600000,Opex,150238.61,146602.08,-3636.529999999999,-0.02420502958593666,Budget
2026-06-01,CC200,3000,600000,Opex,146684.71,148253.36,1568.6499999999942,0.010694025300932825,Budget
2026-07-01,CC200,3000,600000,Opex,151971.18,149144.54,-2826.639999999985,-0.01859984241748985,Budget
2026-08-01,CC200,3000,600000,Opex,151406.62,155070.71,3664.0899999999965,0.024200328889185933,Budget
2026-09-01,CC200,3000,600000,Opex,158288.28,149185.83,-9102.450000000012,-0.057505520939389904,Budget
2026-10-01,CC200,3000,600000,Opex,152035.77,157860.11,5824.3399999999965,0.03830901109653338,Budget
2026-11-01,CC200,3000,600000,Opex,159636.52,154921.59,-4714.929999999993,-0.02953540956668307,Budget
2026-12-01,CC200,3000,600000,Opex,161534.9,159732.67,-1802.2299999999814,-0.011156907888016654,Budget
2026-01-01,CC200,3000,600100,Opex,28544.1,29525.32,981.2200000000012,0.034375580242501994,Budget
2026-02-01,CC200,3000,600100,Opex,27966.22,29229.08,1262.8600000000006,0.04515662109502108,Budget
2026-03-01,CC200,3000,600100,Opex,29359.17,29333.92,-25.25,-0.0008600379370397733,Budget
2026-04-01,CC200,3000,600100,Opex,29954.73,29122.66,-832.0699999999997,-0.02777758303947322,Budget
2026-05-01,CC200,3000,600100,Opex,30284.58,29811.04,-473.5400000000009,-0.01563634034218077,Budget
2026-06-01,CC200,3000,600100,Opex,30385.72,30839.61,453.8899999999994,0.014937608850473164,Budget
2026-07-01,CC200,3000,600100,Opex,30797.79,29701.26,-1096.5300000000025,-0.03560417809199954,Budget
2026-08-01,CC200,3000,600100,Opex,30305.96,31908.37,1602.4099999999999,0.05287441810125797,Budget
2026-09-01,CC200,3000,600100,Opex,32915.93,31257.09,-1658.8400000000001,-0.0503962670962054,Budget
2026-10-01,CC200,3000,600100,Opex,32056.21,32343.1,286.8899999999994,0.008949591982333515,Budget
2026-11-01,CC200,3000,600100,Opex,34227.39,32338.99,-1888.3999999999978,-0.05517218812185205,Budget
2026-12-01,CC200,3000,600100,Opex,33222.14,32243.6,-978.5400000000009,-0.029454454168214357,Budget
2026-01-01,CC200,3000,600200,Opex,10565.7,10492.83,-72.8700000000008,-0.006896845452738654,Budget
2026-02-01,CC200,3000,600200,Opex,10776.99,10902.0,125.01000000000022,0.011599713834753509,Budget
2026-03-01,CC200,3000,600200,Opex,11100.89,11214.61,113.72000000000116,0.010244223661346178,Budget
2026-04-01,CC200,3000,600200,Opex,11052.17,10833.32,-218.85000000000036,-0.019801541235793547,Budget
2026-05-01,CC200,3000,600200,Opex,10945.33,11531.86,586.5300000000007,0.05358723766208974,Budget
2026-06-01,CC200,3000,600200,Opex,11648.24,11468.52,-179.71999999999935,-0.01542894033776771,Budget
2026-07-01,CC200,3000,600200,Opex,11714.1,11584.34,-129.76000000000022,-0.011077248785651498,Budget
2026-08-01,CC200,3000,600200,Opex,11877.18,11704.12,-173.0599999999995,-0.014570798792305875,Budget
2026-09-01,CC200,3000,600200,Opex,12174.42,12222.2,47.780000000000655,0.003924622281800748,Budget
2026-10-01,CC200,3000,600200,Opex,12003.26,12370.04,366.78000000000065,0.030556698763502636,Budget
2026-11-01,CC200,3000,600200,Opex,11951.14,11985.14,34.0,0.0028449168865898986,Budget
2026-12-01,CC200,3000,600200,Opex,12045.85,12603.19,557.3400000000001,0.04626821685476742,Budget
2026-01-01,CC200,3000,620000,Opex,2256.41,3230.37,973.96,0.43164141268652423,Budget
2026-02-01,CC200,3000,620000,Opex,2525.32,2887.16,361.8399999999997,0.14328481142983845,Budget
2026-03-01,CC200,3000,620000,Opex,2478.26,2906.08,427.8199999999997,0.1726291833786607,Budget
2026-04-01,CC200,3000,620000,Opex,2889.3,2724.04,-165.26000000000022,-0.05719724500744132,Budget
2026-05-01,CC200,3000,620000,Opex,2691.66,2749.69,58.0300000000002,0.021559186524301065,Budget
2026-06-01,CC200,3000,620000,Opex,3219.48,2981.98,-237.5,-0.0737696770907103,Budget
2026-07-01,CC200,3000,620000,Opex,2762.55,2872.67,110.11999999999989,0.03986172195978349,Budget
2026-08-01,CC200,3000,620000,Opex,2825.16,3021.25,196.09000000000015,0.06940845828200887,Budget
2026-09-01,CC200,3000,620000,Opex,3326.95,3171.87,-155.07999999999993,-0.04661326440132853,Budget
2026-10-01,CC200,3000,620000,Opex,2664.83,2728.64,63.809999999999945,0.023945242285624203,Budget
2026-11-01,CC200,3000,620000,Opex,2866.65,2659.22,-207.4300000000003,-0.07235972302164558,Budget
2026-12-01,CC200,3000,620000,Opex,2939.59,2733.2,-206.39000000000033,-0.07021047152834249,Budget
2026-01-01,CC200,3000,630000,Opex,12293.37,12772.29,478.9200000000001,0.038957584454059384,Budget
2026-02-01,CC200,3000,630000,Opex,14212.58,12895.23,-1317.3500000000004,-0.09268901212869166,Budget
2026-03-01,CC200,3000,630000,Opex,13148.88,12717.55,-431.3299999999999,-0.03280355437117077,Budget
2026-04-01,CC200,3000,630000,Opex,12258.07,10933.14,-1324.9300000000003,-0.10808634638242401,Budget
2026-05-01,CC200,3000,630000,Opex,12922.04,13668.3,746.2599999999984,0.05775094334950196,Budget
2026-06-01,CC200,3000,630000,Opex,14367.76,12987.69,-1380.0699999999997,-0.09605324699187623,Budget
2026-07-01,CC200,3000,630000,Opex,13398.19,13201.05,-197.14000000000124,-0.014713927776811736,Budget
2026-08-01,CC200,3000,630000,Opex,14912.53,12721.61,-2190.92,-0.1469180615227597,Budget
2026-09-01,CC200,3000,630000,Opex,13783.26,14412.45,629.1900000000005,0.04564885230344639,Budget
2026-10-01,CC200,3000,630000,Opex,15452.56,14611.28,-841.2799999999988,-0.05444275899915605,Budget
2026-11-01,CC200,3000,630000,Opex,11693.94,15050.83,3356.8899999999994,0.287062358794384,Budget
2026-12-01,CC200,3000,630000,Opex,13941.33,16364.61,2423.2800000000007,0.17381985793321014,Budget
2026-01-01,CC200,3000,640000,Opex,5036.74,5753.29,716.5500000000002,0.1422646394294723,Budget
2026-02-01,CC200,3000,640000,Opex,5545.12,4541.61,-1003.5100000000002,-0.1809717373113657,Budget
2026-03-01,CC200,3000,640000,Opex,5515.9,5301.66,-214.23999999999978,-0.03884044308272445,Budget
2026-04-01,CC200,3000,640000,Opex,5352.36,5797.18,444.8200000000006,0.08310726483270943,Budget
2026-05-01,CC200,3000,640000,Opex,5149.65,6357.2,1207.5500000000002,0.23449166448205222,Budget
2026-06-01,CC200,3000,640000,Opex,5050.09,5562.0,511.90999999999985,0.1013665102998164,Budget
2026-07-01,CC200,3000,640000,Opex,6080.19,5579.55,-500.6399999999994,-0.08233953215277803,Budget
2026-08-01,CC200,3000,640000,Opex,5849.14,6859.01,1009.8699999999999,0.1726527318545974,Budget
2026-09-01,CC200,3000,640000,Opex,5710.69,5916.18,205.4900000000007,0.03598339254976206,Budget
2026-10-01,CC200,3000,640000,Opex,6321.72,6954.94,633.2199999999993,0.10016577766810288,Budget
2026-11-01,CC200,3000,640000,Opex,6632.67,7215.71,583.04,0.08790426781371603,Budget
2026-12-01,CC200,3000,640000,Opex,5608.67,7819.15,2210.4799999999996,0.39411839170427204,Budget
2026-01-01,CC200,3000,660000,Opex,5403.77,5317.79,-85.98000000000047,-0.015911113907512806,Budget
2026-02-01,CC200,3000,660000,Opex,5499.29,5607.61,108.31999999999971,0.019697088169563653,Budget
2026-03-01,CC200,3000,660000,Opex,5241.85,5755.47,513.6199999999999,0.09798449020860953,Budget
2026-04-01,CC200,3000,660000,Opex,5562.64,5672.87,110.22999999999956,0.019816130470424034,Budget
2026-05-01,CC200,3000,660000,Opex,5484.64,5884.24,399.59999999999945,0.07285801802853048,Budget
2026-06-01,CC200,3000,660000,Opex,5748.48,6035.52,287.0400000000009,0.04993319973279909,Budget
2026-07-01,CC200,3000,660000,Opex,5760.94,5888.76,127.82000000000062,0.022187351369741853,Budget
2026-08-01,CC200,3000,660000,Opex,5874.23,6095.96,221.73000000000047,0.03774622376039081,Budget
2026-09-01,CC200,3000,660000,Opex,5600.25,6495.68,895.4300000000003,0.15989107629123706,Budget
2026-10-01,CC200,3000,660000,Opex,6094.33,6100.51,6.180000000000291,0.001014057328697378,Budget
2026-11-01,CC200,3000,660000,Opex,6052.83,5547.77,-505.0599999999995,-0.08344196020704356,Budget
2026-12-01,CC200,3000,660000,Opex,6216.56,6428.7,212.13999999999942,0.034124982305326325,Budget
2026-01-01,CC300,1000,600000,Opex,94534.72,85070.64,-9464.080000000002,-0.10011221274046193,Budget
2026-02-01,CC300,1000,600000,Opex,90690.13,84747.24,-5942.889999999999,-0.06552962268330632,Budget
2026-03-01,CC300,1000,600000,Opex,93909.13,84485.26,-9423.87000000001,-0.10035094564287848,Budget
2026-04-01,CC300,1000,600000,Opex,91674.85,88511.04,-3163.810000000012,-0.034511209999252924,Budget
2026-05-01,CC300,1000,600000,Opex,93766.05,90352.82,-3413.229999999996,-0.036401554720498476,Budget
2026-06-01,CC300,1000,600000,Opex,96181.06,87899.54,-8281.520000000004,-0.08610343866037663,Budget
2026-07-01,CC300,1000,600000,Opex,93201.64,86851.85,-6349.789999999994,-0.06812959514446305,Budget
2026-08-01,CC300,1000,600000,Opex,94584.86,85862.81,-8722.050000000003,-0.09221401818430564,Budget
2026-09-01,CC300,1000,600000,Opex,94481.23,87096.1,-7385.12999999999,-0.07816504929074262,Budget
2026-10-01,CC300,1000,600000,Opex,97856.28,88572.71,-9283.569999999992,-0.09486943505312069,Budget
2026-11-01,CC300,1000,600000,Opex,95256.35,88388.33,-6868.020000000004,-0.07210039015771656,Budget
2026-12-01,CC300,1000,600000,Opex,98834.59,88820.93,-10013.660000000003,-0.10131736267636668,Budget
2026-01-01,CC300,1000,600100,Opex,18741.09,16712.38,-2028.7099999999991,-0.10824930673722816,Budget
2026-02-01,CC300,1000,600100,Opex,18514.67,17880.16,-634.5099999999984,-0.034270662129003565,Budget
2026-03-01,CC300,1000,600100,Opex,19357.35,17543.64,-1813.7099999999991,-0.09369619291896873,Budget
2026-04-01,CC300,1000,600100,Opex,18968.08,18003.94,-964.140000000003,-0.050829604261475224,Budget
2026-05-01,CC300,1000,600100,Opex,18932.09,18417.84,-514.25,-0.027162875308536987,Budget
2026-06-01,CC300,1000,600100,Opex,20032.85,17816.49,-2216.359999999997,-0.11063627991024727,Budget
2026-07-01,CC300,1000,600100,Opex,19490.8,17417.67,-2073.130000000001,-0.10636454121944718,Budget
2026-08-01,CC300,1000,600100,Opex,19019.89,17470.62,-1549.2700000000004,-0.08145525552461137,Budget
2026-09-01,CC300,1000,600100,Opex,19607.1,17970.1,-1637.0,-0.08349016427722611,Budget
2026-10-01,CC300,1000,600100,Opex,20412.38,17750.23,-2662.1500000000015,-0.13041840294958262,Budget
2026-11-01,CC300,1000,600100,Opex,19746.74,18182.05,-1564.6900000000023,-0.07923788939338859,Budget
2026-12-01,CC300,1000,600100,Opex,19975.29,18658.05,-1317.2400000000016,-0.0659434731610906,Budget
2026-01-01,CC300,1000,600200,Opex,7056.98,6190.67,-866.3099999999995,-0.12275931063996207,Budget
2026-02-01,CC300,1000,600200,Opex,6878.25,6424.61,-453.6400000000003,-0.06595282230218447,Budget
2026-03-01,CC300,1000,600200,Opex,7022.7,6447.48,-575.2200000000003,-0.08190866760647618,Budget
2026-04-01,CC300,1000,600200,Opex,7147.89,6804.15,-343.7400000000007,-0.04808971598611628,Budget
2026-05-01,CC300,1000,600200,Opex,7263.75,6583.13,-680.6199999999999,-0.09370091206332816,Budget
2026-06-01,CC300,1000,600200,Opex,7136.01,6610.54,-525.4700000000003,-0.07363638784138478,Budget
2026-07-01,CC300,1000,600200,Opex,7195.54,6766.19,-429.35000000000036,-0.059668906016782666,Budget
2026-08-01,CC300,1000,600200,Opex,7225.32,6638.76,-586.5599999999995,-0.08118117951869253,Budget
2026-09-01,CC300,1000,600200,Opex,7595.05,6755.37,-839.6800000000003,-0.11055621753642178,Budget
2026-10-01,CC300,1000,600200,Opex,7559.49,6931.89,-627.5999999999995,-0.08302147367084281,Budget
2026-11-01,CC300,1000,600200,Opex,7681.68,6845.94,-835.7400000000007,-0.10879651326272387,Budget
2026-12-01,CC300,1000,600200,Opex,7505.66,6686.24,-819.4200000000001,-0.10917361031541531,Budget
2026-01-01,CC300,1000,630000,Opex,4089.05,4332.06,243.01000000000022,0.05942945182866441,Budget
2026-02-01,CC300,1000,630000,Opex,4510.85,4449.58,-61.27000000000044,-0.013582805901326897,Budget
2026-03-01,CC300,1000,630000,Opex,4278.65,4479.3,200.65000000000055,0.04689563296834295,Budget
2026-04-01,CC300,1000,630000,Opex,4975.76,3945.76,-1030.0,-0.20700355322603983,Budget
2026-05-01,CC300,1000,630000,Opex,3432.67,4331.89,899.2200000000003,0.26195934942770505,Budget
2026-06-01,CC300,1000,630000,Opex,4606.93,4795.89,188.96000000000004,0.04101646866785474,Budget
2026-07-01,CC300,1000,630000,Opex,5002.24,3551.39,-1450.85,-0.2900400620522006,Budget
2026-08-01,CC300,1000,630000,Opex,5043.92,4000.39,-1043.5300000000002,-0.20688868974924268,Budget
2026-09-01,CC300,1000,630000,Opex,4462.74,3544.47,-918.27,-0.20576372363167023,Budget
2026-10-01,CC300,1000,630000,Opex,4981.52,4526.82,-454.7000000000007,-0.09127736112672451,Budget
2026-11-01,CC300,1000,630000,Opex,5390.35,4452.91,-937.4400000000005,-0.1739107850139602,Budget
2026-12-01,CC300,1000,630000,Opex,4535.16,4236.23,-298.9300000000003,-0.06591388175940878,Budget
2026-01-01,CC300,1000,640000,Opex,4110.69,3633.97,-476.7199999999998,-0.11597079808985836,Budget
2026-02-01,CC300,1000,640000,Opex,3576.05,3175.81,-400.24000000000024,-0.1119223724500497,Budget
2026-03-01,CC300,1000,640000,Opex,3941.91,3494.0,-447.90999999999985,-0.11362765765834326,Budget
2026-04-01,CC300,1000,640000,Opex,3218.73,3713.1,494.3699999999999,0.15359163396743433,Budget
2026-05-01,CC300,1000,640000,Opex,4388.7,3529.7,-859.0,-0.19572994280766515,Budget
2026-06-01,CC300,1000,640000,Opex,3076.99,3567.14,490.1500000000001,0.15929528532754417,Budget
2026-07-01,CC300,1000,640000,Opex,3734.89,3598.18,-136.71000000000004,-0.03660348765291616,Budget
2026-08-01,CC300,1000,640000,Opex,3726.64,3354.31,-372.3299999999999,-0.09991037502951719,Budget
2026-09-01,CC300,1000,640000,Opex,3590.8,3594.61,3.8099999999999454,0.0010610448925030482,Budget
2026-10-01,CC300,1000,640000,Opex,3858.03,3572.65,-285.3800000000001,-0.07397039421673758,Budget
2026-11-01,CC300,1000,640000,Opex,3194.76,3533.31,338.5499999999997,0.10597040153250939,Budget
2026-12-01,CC300,1000,640000,Opex,4400.78,3471.62,-929.1599999999999,-0.21113529874249562,Budget
2026-01-01,CC300,1000,650000,Opex,18779.96,17627.38,-1152.579999999998,-0.06137286767383946,Budget
2026-02-01,CC300,1000,650000,Opex,14518.46,18285.45,3766.9900000000016,0.2594620917094514,Budget
2026-03-01,CC300,1000,650000,Opex,17721.9,12353.65,-5368.250000000002,-0.3029161658738624,Budget
2026-04-01,CC300,1000,650000,Opex,14043.66,16672.76,2629.0999999999985,0.1872090324032338,Budget
2026-05-01,CC300,1000,650000,Opex,17185.21,16398.51,-786.7000000000007,-0.04577773562266628,Budget
2026-06-01,CC300,1000,650000,Opex,18180.27,14424.38,-3755.8900000000012,-0.2065915412697392,Budget
2026-07-01,CC300,1000,650000,Opex,16248.35,13486.88,-2761.470000000001,-0.16995387223933514,Budget
2026-08-01,CC300,1000,650000,Opex,19280.48,16579.89,-2700.59,-0.140068608250417,Budget
2026-09-01,CC300,1000,650000,Opex,19232.65,20848.02,1615.369999999999,0.08399102567768867,Budget
2026-10-01,CC300,1000,650000,Opex,19981.95,20957.48,975.5299999999988,0.04882056055590164,Budget
2026-11-01,CC300,1000,650000,Opex,20101.96,16279.77,-3822.1899999999987,-0.19014016543660414,Budget
2026-12-01,CC300,1000,650000,Opex,16606.33,15047.35,-1558.9800000000014,-0.09387865952320598,Budget
2026-01-01,CC300,1000,660000,Opex,3548.2,3027.62,-520.5799999999999,-0.14671664505946677,Budget
2026-02-01,CC300,1000,660000,Opex,3503.4,3283.15,-220.25,-0.0628675001427185,Budget
2026-03-01,CC300,1000,660000,Opex,3645.53,3336.61,-308.9200000000001,-0.08473939317465501,Budget
2026-04-01,CC300,1000,660000,Opex,3362.56,3258.99,-103.57000000000016,-0.030800937381043066,Budget
2026-05-01,CC300,1000,660000,Opex,3839.39,3480.55,-358.8399999999997,-0.09346276361609519,Budget
2026-06-01,CC300,1000,660000,Opex,3712.38,3469.58,-242.80000000000018,-0.06540278743016614,Budget
2026-07-01,CC300,1000,660000,Opex,3800.24,3435.45,-364.78999999999996,-0.09599130581226449,Budget
2026-08-01,CC300,1000,660000,Opex,3482.68,3074.15,-408.52999999999975,-0.11730334110512587,Budget
2026-09-01,CC300,1000,660000,Opex,3591.96,3345.41,-246.55000000000018,-0.06863940578402883,Budget
2026-10-01,CC300,1000,660000,Opex,3945.84,3415.27,-530.5700000000002,-0.13446313079090894,Budget
2026-11-01,CC300,1000,660000,Opex,3507.63,3585.36,77.73000000000002,0.022160262057286547,Budget
2026-12-01,CC300,1000,660000,Opex,3592.78,3334.01,-258.77,-0.0720250057058879,Budget
2026-01-01,CC300,2000,600000,Opex,51913.71,46446.17,-5467.540000000001,-0.10531977005688865,Budget
2026-02-01,CC300,2000,600000,Opex,49131.88,46709.52,-2422.3600000000006,-0.049303222266276,Budget
2026-03-01,CC300,2000,600000,Opex,52455.05,45081.18,-7373.870000000003,-0.14057502566483118,Budget
2026-04-01,CC300,2000,600000,Opex,48897.69,46863.18,-2034.510000000002,-0.04160748697944631,Budget
2026-05-01,CC300,2000,600000,Opex,51173.52,47055.75,-4117.769999999997,-0.0804668117416976,Budget
2026-06-01,CC300,2000,600000,Opex,54269.92,47837.23,-6432.689999999995,-0.11853140745370538,Budget
2026-07-01,CC300,2000,600000,Opex,51340.41,47257.27,-4083.1400000000067,-0.07953072443324871,Budget
2026-08-01,CC300,2000,600000,Opex,51711.23,46349.84,-5361.390000000007,-0.10367941354324789,Budget
2026-09-01,CC300,2000,600000,Opex,51273.96,48050.81,-3223.1500000000015,-0.06286134326274002,Budget
2026-10-01,CC300,2000,600000,Opex,51567.31,47678.02,-3889.290000000001,-0.07542161885116755,Budget
2026-11-01,CC300,2000,600000,Opex,50079.28,46575.01,-3504.269999999997,-0.06997444851443545,Budget
2026-12-01,CC300,2000,600000,Opex,54971.07,49212.39,-5758.68,-0.10475837563285562,Budget
2026-01-01,CC300,2000,600100,Opex,10161.22,9781.81,-379.40999999999985,-0.03733902031448978,Budget
2026-02-01,CC300,2000,600100,Opex,9970.65,9836.38,-134.27000000000044,-0.01346652424866989,Budget
2026-03-01,CC300,2000,600100,Opex,10175.93,9555.1,-620.8299999999999,-0.06100965710259405,Budget
2026-04-01,CC300,2000,600100,Opex,10008.18,9761.41,-246.77000000000044,-0.024656830712477238,Budget
2026-05-01,CC300,2000,600100,Opex,10580.72,9830.49,-750.2299999999996,-0.07090538262046435,Budget
2026-06-01,CC300,2000,600100,Opex,10209.75,10114.91,-94.84000000000015,-0.00928915987169129,Budget
2026-07-01,CC300,2000,600100,Opex,10709.65,9434.09,-1275.5599999999995,-0.11910379891032849,Budget
2026-08-01,CC300,2000,600100,Opex,10182.54,9856.02,-326.52000000000044,-0.032066655274617176,Budget
2026-09-01,CC300,2000,600100,Opex,10878.07,9617.96,-1260.1100000000006,-0.11583948255526952,Budget
2026-10-01,CC300,2000,600100,Opex,10791.64,9560.41,-1231.2299999999996,-0.11409109273474649,Budget
2026-11-01,CC300,2000,600100,Opex,10714.78,9869.25,-845.5300000000007,-0.07891249283699718,Budget
2026-12-01,CC300,2000,600100,Opex,10861.52,10168.15,-693.3700000000008,-0.06383728980842468,Budget
2026-01-01,CC300,2000,600200,Opex,4007.77,3565.7,-442.07000000000016,-0.1103032359641397,Budget
2026-02-01,CC300,2000,600200,Opex,3857.44,3523.23,-334.21000000000004,-0.08664036252022067,Budget
2026-03-01,CC300,2000,600200,Opex,3854.84,3448.39,-406.4500000000003,-0.10543887684054339,Budget
2026-04-01,CC300,2000,600200,Opex,3787.2,3606.53,-180.66999999999962,-0.04770542881284316,Budget
2026-05-01,CC300,2000,600200,Opex,3873.33,3532.72,-340.6100000000001,-0.08793725295804905,Budget
2026-06-01,CC300,2000,600200,Opex,3972.37,3653.56,-318.80999999999995,-0.0802568743596392,Budget
2026-07-01,CC300,2000,600200,Opex,4027.5,3587.83,-439.6700000000001,-0.10916697703289883,Budget
2026-08-01,CC300,2000,600200,Opex,4006.52,3691.11,-315.40999999999985,-0.07872417958727271,Budget
2026-09-01,CC300,2000,600200,Opex,3891.19,3651.21,-239.98000000000002,-0.061672650268940865,Budget
2026-10-01,CC300,2000,600200,Opex,4012.38,3668.12,-344.2600000000002,-0.0857994507000833,Budget
2026-11-01,CC300,2000,600200,Opex,4162.3,3744.42,-417.8800000000001,-0.10039641544338469,Budget
2026-12-01,CC300,2000,600200,Opex,4093.15,3781.12,-312.0300000000002,-0.07623224167206191,Budget
2026-01-01,CC300,2000,630000,Opex,2720.68,2359.36,-361.3199999999997,-0.13280503403560864,Budget
2026-02-01,CC300,2000,630000,Opex,2737.89,2649.28,-88.60999999999967,-0.032364338961755106,Budget
2026-03-01,CC300,2000,630000,Opex,2756.88,2144.39,-612.4900000000002,-0.22216781288993362,Budget
2026-04-01,CC300,2000,630000,Opex,3102.05,2533.33,-568.7200000000003,-0.1833368256475557,Budget
2026-05-01,CC300,2000,630000,Opex,3145.86,2328.54,-817.3200000000002,-0.25980812877877596,Budget
2026-06-01,CC300,2000,630000,Opex,2682.58,2449.99,-232.59000000000015,-0.08670384480611953,Budget
2026-07-01,CC300,2000,630000,Opex,2436.46,2039.03,-397.43000000000006,-0.16311780205708284,Budget
2026-08-01,CC300,2000,630000,Opex,2269.18,2183.92,-85.25999999999976,-0.03757304400708616,Budget
2026-09-01,CC300,2000,630000,Opex,2888.21,3194.99,306.77999999999975,0.10621803816204492,Budget
2026-10-01,CC300,2000,630000,Opex,3051.14,2903.12,-148.01999999999998,-0.048513014807580114,Budget
2026-11-01,CC300,2000,630000,Opex,2662.46,2915.96,253.5,0.09521269803114413,Budget
2026-12-01,CC300,2000,630000,Opex,3075.69,2594.46,-481.23,-0.15646245232777037,Budget
2026-01-01,CC300,2000,640000,Opex,1978.82,1490.27,-488.54999999999995,-0.24688956044511373,Budget
2026-02-01,CC300,2000,640000,Opex,1714.56,1693.16,-21.399999999999864,-0.01248133631952213,Budget
2026-03-01,CC300,2000,640000,Opex,1900.22,2030.75,130.52999999999997,0.06869204618412603,Budget
2026-04-01,CC300,2000,640000,Opex,1844.01,1900.78,56.76999999999998,0.030786167103215266,Budget
2026-05-01,CC300,2000,640000,Opex,2014.21,1851.0,-163.21000000000004,-0.08102928691645858,Budget
2026-06-01,CC300,2000,640000,Opex,1964.98,1732.42,-232.55999999999995,-0.11835234964223551,Budget
2026-07-01,CC300,2000,640000,Opex,2021.56,1685.2,-336.3599999999999,-0.16638635509210703,Budget
2026-08-01,CC300,2000,640000,Opex,1879.18,1636.18,-243.0,-0.12931172106982833,Budget
2026-09-01,CC300,2000,640000,Opex,2218.7,1975.05,-243.64999999999986,-0.1098165592464055,Budget
2026-10-01,CC300,2000,640000,Opex,1916.03,1838.91,-77.11999999999989,-0.040249891703156994,Budget
2026-11-01,CC300,2000,640000,Opex,2037.53,1745.78,-291.75,-0.14318807575839373,Budget
2026-12-01,CC300,2000,640000,Opex,2023.81,1640.82,-382.99,-0.18924207311951222,Budget
2026-01-01,CC300,2000,650000,Opex,10417.29,9084.54,-1332.75,-0.12793634428915773,Budget
2026-02-01,CC300,2000,650000,Opex,8272.78,8315.5,42.719999999999345,0.005163923131039305,Budget
2026-03-01,CC300,2000,650000,Opex,9935.25,10256.84,321.59000000000015,0.03236858659822351,Budget
2026-04-01,CC300,2000,650000,Opex,9041.82,8800.63,-241.1900000000005,-0.026674939337434336,Budget
2026-05-01,CC300,2000,650000,Opex,11597.11,10530.71,-1066.4000000000015,-0.09195394369804213,Budget
2026-06-01,CC300,2000,650000,Opex,10573.89,10104.26,-469.6299999999992,-0.044414118172214696,Budget
2026-07-01,CC300,2000,650000,Opex,10401.98,8859.32,-1542.6599999999999,-0.14830445742060647,Budget
2026-08-01,CC300,2000,650000,Opex,11406.8,8760.37,-2646.4299999999985,-0.23200459375109572,Budget
2026-09-01,CC300,2000,650000,Opex,11611.53,9786.98,-1824.550000000001,-0.15713260870875767,Budget
2026-10-01,CC300,2000,650000,Opex,10574.66,8006.86,-2567.8,-0.2428257740674405,Budget
2026-11-01,CC300,2000,650000,Opex,10738.21,8465.54,-2272.6699999999983,-0.21164328132901092,Budget
2026-12-01,CC300,2000,650000,Opex,11327.66,10852.88,-474.78000000000065,-0.041913334263210644,Budget
2026-01-01,CC300,2000,660000,Opex,1909.55,1887.84,-21.710000000000036,-0.011369170747034661,Budget
2026-02-01,CC300,2000,660000,Opex,1833.86,1881.45,47.590000000000146,0.02595072688209577,Budget
2026-03-01,CC300,2000,660000,Opex,1857.33,1889.57,32.24000000000001,0.01735825082241713,Budget
2026-04-01,CC300,2000,660000,Opex,1963.66,1754.34,-209.32000000000016,-0.10659686503773573,Budget
2026-05-01,CC300,2000,660000,Opex,2084.62,1812.22,-272.39999999999986,-0.13067129740672154,Budget
2026-06-01,CC300,2000,660000,Opex,1858.37,1899.29,40.92000000000007,0.022019296480248862,Budget
2026-07-01,CC300,2000,660000,Opex,2028.07,1879.03,-149.03999999999996,-0.07348858767202314,Budget
2026-08-01,CC300,2000,660000,Opex,2028.99,1789.5,-239.49,-0.11803409578164506,Budget
2026-09-01,CC300,2000,660000,Opex,1954.17,1749.91,-204.26,-0.10452519483975294,Budget
2026-10-01,CC300,2000,660000,Opex,1794.14,1828.14,34.0,0.018950583566499826,Budget
2026-11-01,CC300,2000,660000,Opex,1971.74,1860.39,-111.34999999999991,-0.056472962966719706,Budget
2026-12-01,CC300,2000,660000,Opex,2006.75,1995.51,-11.240000000000009,-0.005601096299987547,Budget
2026-01-01,CC300,3000,600000,Opex,25740.02,22703.3,-3036.720000000001,-0.11797659830878146,Budget
2026-02-01,CC300,3000,600000,Opex,24452.87,23816.34,-636.5299999999988,-0.026030891261434704,Budget
2026-03-01,CC300,3000,600000,Opex,25692.38,22667.07,-3025.3100000000013,-0.11775125543059853,Budget
2026-04-01,CC300,3000,600000,Opex,25505.4,23645.49,-1859.9099999999999,-0.0729222047095909,Budget
2026-05-01,CC300,3000,600000,Opex,25447.05,24477.83,-969.2199999999975,-0.038087715471930836,Budget
2026-06-01,CC300,3000,600000,Opex,25531.89,24176.78,-1355.1100000000006,-0.05307519341498027,Budget
2026-07-01,CC300,3000,600000,Opex,26321.73,24717.28,-1604.4500000000007,-0.06095533994156162,Budget
2026-08-01,CC300,3000,600000,Opex,27036.1,24392.67,-2643.4300000000003,-0.09777408723891391,Budget
2026-09-01,CC300,3000,600000,Opex,26353.22,23928.67,-2424.550000000003,-0.09200203997841641,Budget
2026-10-01,CC300,3000,600000,Opex,26271.37,24614.23,-1657.1399999999994,-0.06307779152743079,Budget
2026-11-01,CC300,3000,600000,Opex,26655.73,24504.63,-2151.0999999999985,-0.08069934681961434,Budget
2026-12-01,CC300,3000,600000,Opex,26574.53,23992.14,-2582.3899999999994,-0.09717537807818236,Budget
2026-01-01,CC300,3000,600100,Opex,5170.68,4762.26,-408.4200000000001,-0.07898767666921953,Budget
2026-02-01,CC300,3000,600100,Opex,5115.75,4686.85,-428.89999999999964,-0.08383912427307817,Budget
2026-03-01,CC300,3000,600100,Opex,5253.63,4627.67,-625.96,-0.11914809379419564,Budget
2026-04-01,CC300,3000,600100,Opex,5203.91,5003.38,-200.52999999999975,-0.038534486568753065,Budget
2026-05-01,CC300,3000,600100,Opex,5062.61,4630.02,-432.58999999999924,-0.08544801989487621,Budget
2026-06-01,CC300,3000,600100,Opex,5134.14,4954.16,-179.98000000000047,-0.035055530234859286,Budget
2026-07-01,CC300,3000,600100,Opex,5173.28,4888.14,-285.1399999999994,-0.05511783626635315,Budget
2026-08-01,CC300,3000,600100,Opex,5361.8,5031.66,-330.1400000000003,-0.06157260621433107,Budget
2026-09-01,CC300,3000,600100,Opex,5266.63,4905.51,-361.1199999999999,-0.06856756597672513,Budget
2026-10-01,CC300,3000,600100,Opex,5533.07,4849.56,-683.5099999999993,-0.12353178253663867,Budget
2026-11-01,CC300,3000,600100,Opex,5528.95,4912.52,-616.4299999999994,-0.11149133198889472,Budget
2026-12-01,CC300,3000,600100,Opex,5494.18,5072.47,-421.71000000000004,-0.07675576701163778,Budget
2026-01-01,CC300,3000,600200,Opex,1857.51,1712.74,-144.76999999999998,-0.07793766924538763,Budget
2026-02-01,CC300,3000,600200,Opex,1975.64,1795.95,-179.69000000000005,-0.09095280516693327,Budget
2026-03-01,CC300,3000,600200,Opex,1906.51,1788.04,-118.47000000000003,-0.062139721270803736,Budget
2026-04-01,CC300,3000,600200,Opex,1943.35,1855.04,-88.30999999999995,-0.045442148866647776,Budget
2026-05-01,CC300,3000,600200,Opex,1934.56,1840.11,-94.45000000000005,-0.048822471259614614,Budget
2026-06-01,CC300,3000,600200,Opex,1869.27,1847.64,-21.62999999999988,-0.011571362082524132,Budget
2026-07-01,CC300,3000,600200,Opex,2030.95,1876.53,-154.42000000000007,-0.0760333833920087,Budget
2026-08-01,CC300,3000,600200,Opex,2000.77,1834.08,-166.69000000000005,-0.08331292452405827,Budget
2026-09-01,CC300,3000,600200,Opex,2011.93,1789.73,-222.20000000000005,-0.11044121813383172,Budget
2026-10-01,CC300,3000,600200,Opex,2059.58,1831.79,-227.78999999999996,-0.11060021946222044,Budget
2026-11-01,CC300,3000,600200,Opex,1976.08,1795.39,-180.68999999999983,-0.09143860572446451,Budget
2026-12-01,CC300,3000,600200,Opex,2082.97,1926.96,-156.00999999999976,-0.07489786218716533,Budget
2026-01-01,CC300,3000,630000,Opex,1265.1,1347.82,82.72000000000003,0.06538613548336103,Budget
2026-02-01,CC300,3000,630000,Opex,1418.3,1270.35,-147.95000000000005,-0.10431502502996548,Budget
2026-03-01,CC300,3000,630000,Opex,1446.24,1195.87,-250.37000000000012,-0.17311787808385892,Budget
2026-04-01,CC300,3000,630000,Opex,1485.84,1369.04,-116.79999999999995,-0.0786087331071986,Budget
2026-05-01,CC300,3000,630000,Opex,1241.3,1171.48,-69.81999999999994,-0.05624748247804716,Budget
2026-06-01,CC300,3000,630000,Opex,1428.16,1523.47,95.30999999999995,0.06673622003136899,Budget
2026-07-01,CC300,3000,630000,Opex,1301.04,1313.64,12.600000000000136,0.00968456004427238,Budget
2026-08-01,CC300,3000,630000,Opex,1366.56,1268.06,-98.5,-0.07207879639386489,Budget
2026-09-01,CC300,3000,630000,Opex,1531.2,1328.29,-202.91000000000008,-0.13251698014629054,Budget
2026-10-01,CC300,3000,630000,Opex,1320.42,1367.8,47.37999999999988,0.035882522227775916,Budget
2026-11-01,CC300,3000,630000,Opex,1488.33,1370.77,-117.55999999999995,-0.07898785887538379,Budget
2026-12-01,CC300,3000,630000,Opex,1448.76,1059.1,-389.6600000000001,-0.2689610425467297,Budget
2026-01-01,CC300,3000,640000,Opex,996.75,853.3,-143.45000000000005,-0.14391773263105095,Budget
2026-02-01,CC300,3000,640000,Opex,1019.51,903.57,-115.93999999999994,-0.11372129748604716,Budget
2026-03-01,CC300,3000,640000,Opex,984.09,844.94,-139.14999999999998,-0.1413996687294861,Budget
2026-04-01,CC300,3000,640000,Opex,1149.05,1023.49,-125.55999999999995,-0.10927287759453458,Budget
2026-05-01,CC300,3000,640000,Opex,953.98,1079.23,125.25,0.13129206063020188,Budget
2026-06-01,CC300,3000,640000,Opex,982.5,1031.55,49.049999999999955,0.049923664122137355,Budget
2026-07-01,CC300,3000,640000,Opex,938.53,849.97,-88.55999999999995,-0.09436032945137603,Budget
2026-08-01,CC300,3000,640000,Opex,1221.58,849.96,-371.6199999999999,-0.3042125771541773,Budget
2026-09-01,CC300,3000,640000,Opex,904.08,809.93,-94.15000000000009,-0.10413901424652695,Budget
2026-10-01,CC300,3000,640000,Opex,888.53,976.82,88.29000000000008,0.0993663691715531,Budget
2026-11-01,CC300,3000,640000,Opex,978.66,900.72,-77.93999999999994,-0.07963950708111085,Budget
2026-12-01,CC300,3000,640000,Opex,1190.89,848.31,-342.58000000000015,-0.287667206878889,Budget
2026-01-01,CC300,3000,650000,Opex,4293.89,3898.7,-395.1900000000005,-0.0920354270836003,Budget
2026-02-01,CC300,3000,650000,Opex,5094.4,3918.48,-1175.9199999999996,-0.23082600502512557,Budget
2026-03-01,CC300,3000,650000,Opex,5513.35,4064.21,-1449.1400000000003,-0.2628420107557112,Budget
2026-04-01,CC300,3000,650000,Opex,4284.29,5544.87,1260.58,0.29423311680581843,Budget
2026-05-01,CC300,3000,650000,Opex,4940.9,4553.1,-387.7999999999993,-0.07848772490841735,Budget
2026-06-01,CC300,3000,650000,Opex,5471.05,4594.13,-876.9200000000001,-0.16028367498012266,Budget
2026-07-01,CC300,3000,650000,Opex,6180.94,3736.84,-2444.0999999999995,-0.39542529129873444,Budget
2026-08-01,CC300,3000,650000,Opex,4073.49,4096.99,23.5,0.005769008884273682,Budget
2026-09-01,CC300,3000,650000,Opex,5334.11,4487.81,-846.2999999999993,-0.1586581454075749,Budget
2026-10-01,CC300,3000,650000,Opex,5312.31,4682.46,-629.8500000000004,-0.11856424041518668,Budget
2026-11-01,CC300,3000,650000,Opex,5258.18,4460.82,-797.3600000000006,-0.15164182283603841,Budget
2026-12-01,CC300,3000,650000,Opex,5118.37,4883.69,-234.6800000000003,-0.045850534447490175,Budget
2026-01-01,CC300,3000,660000,Opex,964.05,948.24,-15.809999999999945,-0.01639956433794922,Budget
2026-02-01,CC300,3000,660000,Opex,915.45,906.86,-8.590000000000032,-0.00938336337320447,Budget
2026-03-01,CC300,3000,660000,Opex,974.91,808.74,-166.16999999999996,-0.17044650275410034,Budget
2026-04-01,CC300,3000,660000,Opex,891.31,854.67,-36.639999999999986,-0.04110803199784586,Budget
2026-05-01,CC300,3000,660000,Opex,970.86,879.53,-91.33000000000004,-0.09407123581154857,Budget
2026-06-01,CC300,3000,660000,Opex,988.64,955.65,-32.99000000000001,-0.03336907266547986,Budget
2026-07-01,CC300,3000,660000,Opex,1031.12,938.48,-92.63999999999987,-0.08984405306850791,Budget
2026-08-01,CC300,3000,660000,Opex,1028.5,902.24,-126.25999999999999,-0.12276130286825473,Budget
2026-09-01,CC300,3000,660000,Opex,998.05,976.86,-21.18999999999994,-0.02123140123240313,Budget
2026-10-01,CC300,3000,660000,Opex,1045.09,941.71,-103.37999999999988,-0.09891971026418767,Budget
2026-11-01,CC300,3000,660000,Opex,1056.81,892.67,-164.14,-0.15531647126730444,Budget
2026-12-01,CC300,3000,660000,Opex,1042.75,995.86,-46.889999999999986,-0.04496763366099255,Budget
2026-01-01,CC400,1000,600000,Opex,153809.07,145782.35,-8026.720000000001,-0.052186259236857754,Budget
2026-02-01,CC400,1000,600000,Opex,149484.04,143750.63,-5733.4100000000035,-0.03835466314664765,Budget
2026-03-01,CC400,1000,600000,Opex,153275.95,140760.57,-12515.380000000005,-0.08165260107668557,Budget
2026-04-01,CC400,1000,600000,Opex,150359.41,152025.04,1665.6300000000047,0.011077657194850689,Budget
2026-05-01,CC400,1000,600000,Opex,156741.18,154499.44,-2241.7399999999907,-0.014302176364883758,Budget
2026-06-01,CC400,1000,600000,Opex,162334.12,155619.76,-6714.359999999986,-0.041361360137967214,Budget
2026-07-01,CC400,1000,600000,Opex,161855.74,156923.84,-4931.899999999994,-0.03047096136349563,Budget
2026-08-01,CC400,1000,600000,Opex,161922.73,165112.69,3189.959999999992,0.019700507766883573,Budget
2026-09-01,CC400,1000,600000,Opex,161855.38,162762.15,906.7699999999895,0.0056023469840791795,Budget
2026-10-01,CC400,1000,600000,Opex,161552.1,161782.4,230.29999999998836,0.0014255463098281505,Budget
2026-11-01,CC400,1000,600000,Opex,174761.46,167027.02,-7734.440000000002,-0.044257126256555666,Budget
2026-12-01,CC400,1000,600000,Opex,169256.19,165191.85,-4064.3399999999965,-0.02401294747329475,Budget
2026-01-01,CC400,1000,600100,Opex,29597.83,28847.6,-750.2300000000032,-0.02534746635141844,Budget
2026-02-01,CC400,1000,600100,Opex,30385.94,28880.58,-1505.359999999997,-0.04954133391956928,Budget
2026-03-01,CC400,1000,600100,Opex,30560.71,30359.17,-201.54000000000087,-0.006594742072419158,Budget
2026-04-01,CC400,1000,600100,Opex,31311.64,30682.75,-628.8899999999994,-0.020084863009411178,Budget
2026-05-01,CC400,1000,600100,Opex,32237.79,31432.81,-804.9799999999996,-0.024970073941172753,Budget
2026-06-01,CC400,1000,600100,Opex,32745.14,32492.36,-252.77999999999884,-0.007719618850308743,Budget
2026-07-01,CC400,1000,600100,Opex,33782.12,33204.1,-578.0200000000041,-0.01711023464483591,Budget
2026-08-01,CC400,1000,600100,Opex,33443.77,33540.54,96.77000000000407,0.002893513500421875,Budget
2026-09-01,CC400,1000,600100,Opex,32372.22,32579.0,206.77999999999884,0.0063875755199982835,Budget
2026-10-01,CC400,1000,600100,Opex,35173.36,33399.6,-1773.760000000002,-0.050429074731558256,Budget
2026-11-01,CC400,1000,600100,Opex,33867.21,33416.64,-450.5699999999997,-0.013304018843004774,Budget
2026-12-01,CC400,1000,600100,Opex,33455.98,34054.62,598.6399999999994,0.017893363159590583,Budget
2026-01-01,CC400,1000,600200,Opex,11583.05,11431.99,-151.0599999999995,-0.013041470079124194,Budget
2026-02-01,CC400,1000,600200,Opex,11883.39,11315.13,-568.2600000000002,-0.047819687816355455,Budget
2026-03-01,CC400,1000,600200,Opex,11668.24,11206.02,-462.21999999999935,-0.039613514977408705,Budget
2026-04-01,CC400,1000,600200,Opex,11580.15,11391.34,-188.8099999999995,-0.016304624724204738,Budget
2026-05-01,CC400,1000,600200,Opex,11820.38,11999.21,178.82999999999993,0.015128955245093638,Budget
2026-06-01,CC400,1000,600200,Opex,12445.61,12067.78,-377.8299999999999,-0.030358495887304833,Budget
2026-07-01,CC400,1000,600200,Opex,12061.87,11919.02,-142.85000000000036,-0.011843105588105356,Budget
2026-08-01,CC400,1000,600200,Opex,12458.38,12412.12,-46.2599999999984,-0.003713163348685656,Budget
2026-09-01,CC400,1000,600200,Opex,12635.9,12364.11,-271.78999999999905,-0.02150935034307007,Budget
2026-10-01,CC400,1000,600200,Opex,12782.16,12475.5,-306.65999999999985,-0.02399125030511274,Budget
2026-11-01,CC400,1000,600200,Opex,12826.87,12485.98,-340.89000000000124,-0.026576241904689237,Budget
2026-12-01,CC400,1000,600200,Opex,12258.28,12943.7,685.4200000000001,0.05591485918089651,Budget
2026-01-01,CC400,1000,620000,Opex,4142.45,4005.45,-137.0,-0.033072215717751575,Budget
2026-02-01,CC400,1000,620000,Opex,4203.28,3615.62,-587.6599999999999,-0.13980986277383375,Budget
2026-03-01,CC400,1000,620000,Opex,4227.76,4040.65,-187.11000000000013,-0.04425747913788865,Budget
2026-04-01,CC400,1000,620000,Opex,3649.34,4202.33,552.9899999999998,0.15153150980725275,Budget
2026-05-01,CC400,1000,620000,Opex,3508.41,3615.35,106.94000000000005,0.030481044119700963,Budget
2026-06-01,CC400,1000,620000,Opex,4609.47,3860.49,-748.9800000000005,-0.16248722738188998,Budget
2026-07-01,CC400,1000,620000,Opex,4367.89,3930.7,-437.1900000000005,-0.10009180634127701,Budget
2026-08-01,CC400,1000,620000,Opex,4495.68,4211.53,-284.15000000000055,-0.06320512136095108,Budget
2026-09-01,CC400,1000,620000,Opex,4081.4,4436.25,354.8499999999999,0.08694320576272845,Budget
2026-10-01,CC400,1000,620000,Opex,3955.1,4160.88,205.7800000000002,0.052029025814770855,Budget
2026-11-01,CC400,1000,620000,Opex,4319.14,4528.99,209.84999999999945,0.04858606111401794,Budget
2026-12-01,CC400,1000,620000,Opex,4272.12,4368.56,96.44000000000051,0.02257427225827002,Budget
2026-01-01,CC400,1000,630000,Opex,7875.12,8807.55,932.4299999999994,0.11840200530277627,Budget
2026-02-01,CC400,1000,630000,Opex,8491.69,7409.06,-1082.63,-0.12749287833163953,Budget
2026-03-01,CC400,1000,630000,Opex,7626.07,8922.06,1295.9899999999998,0.16994205403307336,Budget
2026-04-01,CC400,1000,630000,Opex,10337.82,9759.83,-577.9899999999998,-0.05591024026342109,Budget
2026-05-01,CC400,1000,630000,Opex,9342.2,9102.53,-239.67000000000007,-0.02565455674252318,Budget
2026-06-01,CC400,1000,630000,Opex,9884.1,9979.45,95.35000000000036,0.009646806487186528,Budget
2026-07-01,CC400,1000,630000,Opex,11065.08,10743.78,-321.2999999999993,-0.02903729570866178,Budget
2026-08-01,CC400,1000,630000,Opex,9540.04,8999.4,-540.6400000000012,-0.05667062192611364,Budget
2026-09-01,CC400,1000,630000,Opex,9653.39,11984.16,2330.7700000000004,0.24144575118170927,Budget
2026-10-01,CC400,1000,630000,Opex,9920.11,9288.01,-632.1000000000004,-0.06371905150245313,Budget
2026-11-01,CC400,1000,630000,Opex,9822.88,10669.35,846.4700000000012,0.08617330151645966,Budget
2026-12-01,CC400,1000,630000,Opex,11201.32,11365.01,163.6900000000005,0.014613456271225223,Budget
2026-01-01,CC400,1000,640000,Opex,5720.39,5629.96,-90.43000000000029,-0.015808362716528118,Budget
2026-02-01,CC400,1000,640000,Opex,6304.48,6128.36,-176.1199999999999,-0.027935690175874918,Budget
2026-03-01,CC400,1000,640000,Opex,4920.17,6331.6,1411.4300000000003,0.2868661042199762,Budget
2026-04-01,CC400,1000,640000,Opex,7182.21,6047.57,-1134.6400000000003,-0.15797922923445573,Budget
2026-05-01,CC400,1000,640000,Opex,6628.7,6493.37,-135.32999999999993,-0.020415767797607363,Budget
2026-06-01,CC400,1000,640000,Opex,6308.36,5923.7,-384.65999999999985,-0.060976228369972525,Budget
2026-07-01,CC400,1000,640000,Opex,6098.63,5969.57,-129.0600000000004,-0.021162129855393817,Budget
2026-08-01,CC400,1000,640000,Opex,6371.23,6843.93,472.7000000000007,0.07419289524942606,Budget
2026-09-01,CC400,1000,640000,Opex,5961.9,6205.05,243.15000000000055,0.04078397826196356,Budget
2026-10-01,CC400,1000,640000,Opex,6260.24,5545.64,-714.5999999999995,-0.11414897831393038,Budget
2026-11-01,CC400,1000,640000,Opex,6656.27,7809.57,1153.2999999999993,0.17326520709045745,Budget
2026-12-01,CC400,1000,640000,Opex,6136.49,6242.07,105.57999999999993,0.017205275328404337,Budget
2026-01-01,CC400,2000,600000,Opex,82801.59,77123.34,-5678.25,-0.06857658168158365,Budget
2026-02-01,CC400,2000,600000,Opex,85304.83,80056.35,-5248.479999999996,-0.06152617618486545,Budget
2026-03-01,CC400,2000,600000,Opex,84954.43,80176.74,-4777.689999999988,-0.056238267974960086,Budget
2026-04-01,CC400,2000,600000,Opex,86235.58,80737.61,-5497.970000000001,-0.06375523884688897,Budget
2026-05-01,CC400,2000,600000,Opex,82370.92,83761.32,1390.4000000000087,0.016879743482287303,Budget
2026-06-01,CC400,2000,600000,Opex,87308.42,79264.25,-8044.169999999998,-0.09213509991361656,Budget
2026-07-01,CC400,2000,600000,Opex,88548.68,85895.21,-2653.4699999999866,-0.029966228745589282,Budget
2026-08-01,CC400,2000,600000,Opex,88175.34,87140.22,-1035.1199999999953,-0.011739336644463128,Budget
2026-09-01,CC400,2000,600000,Opex,86941.13,87567.37,626.2399999999907,0.007203034973205325,Budget
2026-10-01,CC400,2000,600000,Opex,88896.73,88314.4,-582.3300000000017,-0.006550634652140768,Budget
2026-11-01,CC400,2000,600000,Opex,90668.91,91256.16,587.25,0.006476861804117861,Budget
2026-12-01,CC400,2000,600000,Opex,91757.53,90101.05,-1656.479999999996,-0.018052796320912255,Budget
2026-01-01,CC400,2000,600100,Opex,16552.57,16377.61,-174.95999999999913,-0.010569959831011083,Budget
2026-02-01,CC400,2000,600100,Opex,16742.41,16996.49,254.08000000000175,0.015175831914282456,Budget
2026-03-01,CC400,2000,600100,Opex,16806.16,16424.0,-382.15999999999985,-0.02273928131113829,Budget
2026-04-01,CC400,2000,600100,Opex,17351.41,17108.07,-243.34000000000015,-0.014024220510033486,Budget
2026-05-01,CC400,2000,600100,Opex,18046.42,16510.47,-1535.949999999997,-0.08511106357936905,Budget
2026-06-01,CC400,2000,600100,Opex,17387.02,17433.23,46.20999999999913,0.002657729731719359,Budget
2026-07-01,CC400,2000,600100,Opex,18413.09,17385.45,-1027.6399999999994,-0.05581029582758784,Budget
2026-08-01,CC400,2000,600100,Opex,17728.18,18496.9,768.7200000000012,0.04336147308973629,Budget
2026-09-01,CC400,2000,600100,Opex,18117.59,18075.99,-41.599999999998545,-0.002296111127362886,Budget
2026-10-01,CC400,2000,600100,Opex,18732.27,17912.58,-819.6899999999987,-0.043758177732864126,Budget
2026-11-01,CC400,2000,600100,Opex,18148.72,18841.71,692.989999999998,0.038183960080931216,Budget
2026-12-01,CC400,2000,600100,Opex,18708.2,18917.68,209.47999999999956,0.011197229022567621,Budget
2026-01-01,CC400,2000,600200,Opex,6477.97,6390.37,-87.60000000000036,-0.013522754813622225,Budget
2026-02-01,CC400,2000,600200,Opex,6420.45,6260.41,-160.03999999999996,-0.024926601717948114,Budget
2026-03-01,CC400,2000,600200,Opex,6317.34,6263.27,-54.06999999999971,-0.008558982103226944,Budget
2026-04-01,CC400,2000,600200,Opex,6612.31,6241.04,-371.27000000000044,-0.05614830520650127,Budget
2026-05-01,CC400,2000,600200,Opex,6798.2,6319.92,-478.27999999999975,-0.07035391721337998,Budget
2026-06-01,CC400,2000,600200,Opex,6728.46,6446.44,-282.02000000000044,-0.04191449455001597,Budget
2026-07-01,CC400,2000,600200,Opex,6883.65,6629.84,-253.8099999999995,-0.036871427222476376,Budget
2026-08-01,CC400,2000,600200,Opex,6957.09,6928.45,-28.640000000000327,-0.004116663720032417,Budget
2026-09-01,CC400,2000,600200,Opex,6765.75,6698.85,-66.89999999999964,-0.009888039020064241,Budget
2026-10-01,CC400,2000,600200,Opex,6896.75,7126.88,230.1300000000001,0.033367890673143163,Budget
2026-11-01,CC400,2000,600200,Opex,6976.14,6835.58,-140.5600000000004,-0.020148678208866278,Budget
2026-12-01,CC400,2000,600200,Opex,7182.49,7051.68,-130.8099999999995,-0.018212346971593345,Budget
2026-01-01,CC400,2000,620000,Opex,2228.31,2028.76,-199.54999999999995,-0.08955217182528462,Budget
2026-02-01,CC400,2000,620000,Opex,1979.76,2050.46,70.70000000000005,0.0357113993615388,Budget
2026-03-01,CC400,2000,620000,Opex,2053.81,2113.21,59.40000000000009,0.028921857425954735,Budget
2026-04-01,CC400,2000,620000,Opex,2037.95,2043.3,5.349999999999909,0.00262518707524714,Budget
2026-05-01,CC400,2000,620000,Opex,1630.96,2308.02,677.06,0.41512973953990284,Budget
2026-06-01,CC400,2000,620000,Opex,2087.69,2174.21,86.51999999999998,0.04144293453529977,Budget
2026-07-01,CC400,2000,620000,Opex,2440.16,2263.9,-176.25999999999976,-0.07223296832994548,Budget
2026-08-01,CC400,2000,620000,Opex,2135.14,2320.0,184.86000000000013,0.08657980272956346,Budget
2026-09-01,CC400,2000,620000,Opex,2100.02,2716.77,616.75,0.29368767916496036,Budget
2026-10-01,CC400,2000,620000,Opex,2723.36,1943.33,-780.0300000000002,-0.28642191998119976,Budget
2026-11-01,CC400,2000,620000,Opex,2419.71,2316.17,-103.53999999999996,-0.042790251724380175,Budget
2026-12-01,CC400,2000,620000,Opex,2166.47,2576.39,409.9200000000001,0.18921102069264753,Budget
2026-01-01,CC400,2000,630000,Opex,5811.95,5352.72,-459.22999999999956,-0.07901478849611569,Budget
2026-02-01,CC400,2000,630000,Opex,6478.84,4777.91,-1700.9300000000003,-0.2625361947509122,Budget
2026-03-01,CC400,2000,630000,Opex,4954.96,4466.48,-488.4800000000005,-0.09858404507806329,Budget
2026-04-01,CC400,2000,630000,Opex,5996.47,5382.19,-614.2800000000007,-0.10244026902494312,Budget
2026-05-01,CC400,2000,630000,Opex,5345.76,5529.74,183.97999999999956,0.034416060578851194,Budget
2026-06-01,CC400,2000,630000,Opex,5111.24,6289.06,1177.8200000000006,0.23043723245239917,Budget
2026-07-01,CC400,2000,630000,Opex,4993.57,5491.8,498.2300000000005,0.09977430976235449,Budget
2026-08-01,CC400,2000,630000,Opex,6025.85,6564.58,538.7299999999996,0.08940315474165463,Budget
2026-09-01,CC400,2000,630000,Opex,5451.98,4453.0,-998.9799999999996,-0.1832325136922732,Budget
2026-10-01,CC400,2000,630000,Opex,5307.01,5629.47,322.46000000000004,0.06076114422245295,Budget
2026-11-01,CC400,2000,630000,Opex,6636.09,5164.21,-1471.88,-0.2217992824087678,Budget
2026-12-01,CC400,2000,630000,Opex,5903.79,5662.51,-241.27999999999975,-0.040868662333856685,Budget
2026-01-01,CC400,2000,640000,Opex,3117.27,3389.88,272.6100000000001,0.08745152008007011,Budget
2026-02-01,CC400,2000,640000,Opex,2679.28,3052.79,373.50999999999976,0.13940685557313895,Budget
2026-03-01,CC400,2000,640000,Opex,3622.07,3271.74,-350.3300000000004,-0.09672093581846855,Budget
2026-04-01,CC400,2000,640000,Opex,2975.19,3091.65,116.46000000000004,0.0391437185524286,Budget
2026-05-01,CC400,2000,640000,Opex,3187.9,2977.44,-210.46000000000004,-0.06601838200696385,Budget
2026-06-01,CC400,2000,640000,Opex,3072.28,2868.01,-204.26999999999998,-0.06648808051349485,Budget
2026-07-01,CC400,2000,640000,Opex,3360.93,3343.88,-17.049999999999727,-0.0050730006278023425,Budget
2026-08-01,CC400,2000,640000,Opex,3729.79,3575.27,-154.51999999999998,-0.04142860590006407,Budget
2026-09-01,CC400,2000,640000,Opex,3506.09,3436.63,-69.46000000000004,-0.019811242723375623,Budget
2026-10-01,CC400,2000,640000,Opex,3452.5,3345.71,-106.78999999999996,-0.0309312092686459,Budget
2026-11-01,CC400,2000,640000,Opex,3807.9,3489.73,-318.1700000000001,-0.08355524042122957,Budget
2026-12-01,CC400,2000,640000,Opex,3859.78,3442.23,-417.5500000000002,-0.10817974081424334,Budget
2026-01-01,CC400,3000,600000,Opex,41136.84,40304.78,-832.0599999999977,-0.02022663870146559,Budget
2026-02-01,CC400,3000,600000,Opex,39222.5,38277.58,-944.9199999999983,-0.024091274141117936,Budget
2026-03-01,CC400,3000,600000,Opex,39558.67,40856.46,1297.7900000000009,0.03280671468479605,Budget
2026-04-01,CC400,3000,600000,Opex,41786.6,41720.46,-66.13999999999942,-0.0015828040568028846,Budget
2026-05-01,CC400,3000,600000,Opex,42547.0,39435.61,-3111.3899999999994,-0.07312830516840199,Budget
2026-06-01,CC400,3000,600000,Opex,42558.13,41923.7,-634.4300000000003,-0.014907374924603133,Budget
2026-07-01,CC400,3000,600000,Opex,43643.78,43438.03,-205.75,-0.004714302931597584,Budget
2026-08-01,CC400,3000,600000,Opex,44026.66,44780.44,753.7799999999988,0.017120989872954222,Budget
2026-09-01,CC400,3000,600000,Opex,46039.63,44697.87,-1341.7599999999948,-0.029143587817712584,Budget
2026-10-01,CC400,3000,600000,Opex,45349.06,44187.29,-1161.7699999999968,-0.025618392090155713,Budget
2026-11-01,CC400,3000,600000,Opex,44546.68,43571.47,-975.2099999999991,-0.021891867138022388,Budget
2026-12-01,CC400,3000,600000,Opex,45458.11,44561.83,-896.2799999999988,-0.019716613823143964,Budget
2026-01-01,CC400,3000,600100,Opex,8223.66,8267.46,43.79999999999927,0.0053260956800255934,Budget
2026-02-01,CC400,3000,600100,Opex,8479.14,7955.89,-523.2499999999991,-0.061710267786591465,Budget
2026-03-01,CC400,3000,600100,Opex,8757.58,7948.05,-809.5299999999997,-0.09243763688142155,Budget
2026-04-01,CC400,3000,600100,Opex,8705.72,8253.52,-452.1999999999989,-0.05194286055604808,Budget
2026-05-01,CC400,3000,600100,Opex,8562.18,8679.92,117.73999999999978,0.013751170846676871,Budget
2026-06-01,CC400,3000,600100,Opex,9299.15,8428.21,-870.9400000000005,-0.09365802250743353,Budget
2026-07-01,CC400,3000,600100,Opex,8952.62,8932.38,-20.2400000000016,-0.002260790695908192,Budget
2026-08-01,CC400,3000,600100,Opex,8979.22,9013.0,33.780000000000655,0.0037620194181677983,Budget
2026-09-01,CC400,3000,600100,Opex,9167.27,9085.83,-81.44000000000051,-0.008883778922187358,Budget
2026-10-01,CC400,3000,600100,Opex,9050.05,9271.11,221.0600000000013,0.024426384384616806,Budget
2026-11-01,CC400,3000,600100,Opex,9319.0,9102.75,-216.25,-0.023205279536430947,Budget
2026-12-01,CC400,3000,600100,Opex,9464.03,9158.13,-305.90000000000146,-0.0323223827481529,Budget
2026-01-01,CC400,3000,600200,Opex,3181.62,3019.95,-161.67000000000007,-0.05081373639843856,Budget
2026-02-01,CC400,3000,600200,Opex,3016.92,3006.54,-10.38000000000011,-0.003440595043952146,Budget
2026-03-01,CC400,3000,600200,Opex,3223.95,3053.41,-170.53999999999996,-0.05289784270847872,Budget
2026-04-01,CC400,3000,600200,Opex,3218.27,3283.8,65.5300000000002,0.02036187144024591,Budget
2026-05-01,CC400,3000,600200,Opex,3243.29,3142.64,-100.65000000000009,-0.031033302603220833,Budget
2026-06-01,CC400,3000,600200,Opex,3434.1,3258.68,-175.42000000000007,-0.051081797268571115,Budget
2026-07-01,CC400,3000,600200,Opex,3342.25,3219.79,-122.46000000000004,-0.036639988032014376,Budget
2026-08-01,CC400,3000,600200,Opex,3368.73,3316.32,-52.409999999999854,-0.015557791808782495,Budget
2026-09-01,CC400,3000,600200,Opex,3496.43,3360.98,-135.44999999999982,-0.03873951430459063,Budget
2026-10-01,CC400,3000,600200,Opex,3460.51,3324.42,-136.09000000000015,-0.039326573250763656,Budget
2026-11-01,CC400,3000,600200,Opex,3462.22,3452.9,-9.319999999999709,-0.002691914436401993,Budget
2026-12-01,CC400,3000,600200,Opex,3478.49,3418.97,-59.51999999999998,-0.017110872821252895,Budget
2026-01-01,CC400,3000,620000,Opex,1154.33,1135.68,-18.649999999999864,-0.016156558349865173,Budget
2026-02-01,CC400,3000,620000,Opex,1090.7,1018.36,-72.34000000000003,-0.06632437883927755,Budget
2026-03-01,CC400,3000,620000,Opex,952.65,1043.86,91.20999999999992,0.09574345247467582,Budget
2026-04-01,CC400,3000,620000,Opex,983.9,990.64,6.740000000000009,0.006850289663583707,Budget
2026-05-01,CC400,3000,620000,Opex,1164.99,769.63,-395.36,-0.33936771989459136,Budget
2026-06-01,CC400,3000,620000,Opex,978.66,1179.11,200.44999999999993,0.2048208775264136,Budget
2026-07-01,CC400,3000,620000,Opex,1108.09,966.24,-141.8499999999999,-0.12801306753061567,Budget
2026-08-01,CC400,3000,620000,Opex,1194.0,1143.27,-50.73000000000002,-0.04248743718592966,Budget
2026-09-01,CC400,3000,620000,Opex,1160.74,955.19,-205.54999999999995,-0.17708530764856897,Budget
2026-10-01,CC400,3000,620000,Opex,928.79,1212.96,284.1700000000001,0.3059572131482898,Budget
2026-11-01,CC400,3000,620000,Opex,1184.22,1199.43,15.210000000000036,0.01284389724882204,Budget
2026-12-01,CC400,3000,620000,Opex,1180.53,1305.82,125.28999999999996,0.10613029740879094,Budget
2026-01-01,CC400,3000,630000,Opex,3036.72,2632.96,-403.75999999999976,-0.13295924550172547,Budget
2026-02-01,CC400,3000,630000,Opex,2515.23,2017.92,-497.30999999999995,-0.19771949284956045,Budget
2026-03-01,CC400,3000,630000,Opex,2346.48,2356.92,10.440000000000055,0.004449217551396157,Budget
2026-04-01,CC400,3000,630000,Opex,2252.69,2154.34,-98.34999999999991,-0.0436589144533868,Budget
2026-05-01,CC400,3000,630000,Opex,3148.75,2142.85,-1005.9000000000001,-0.3194601032155618,Budget
2026-06-01,CC400,3000,630000,Opex,3322.83,2768.37,-554.46,-0.16686378779534314,Budget
2026-07-01,CC400,3000,630000,Opex,3126.52,2978.86,-147.65999999999985,-0.04722822818980843,Budget
2026-08-01,CC400,3000,630000,Opex,2345.73,2666.37,320.6399999999999,0.13669092350782053,Budget
2026-09-01,CC400,3000,630000,Opex,2459.62,2789.76,330.1400000000003,0.1342239858189478,Budget
2026-10-01,CC400,3000,630000,Opex,2952.04,2359.78,-592.2599999999998,-0.20062736277286208,Budget
2026-11-01,CC400,3000,630000,Opex,2596.32,2957.5,361.17999999999984,0.13911228199913717,Budget
2026-12-01,CC400,3000,630000,Opex,2736.51,2826.86,90.34999999999991,0.0330165064260682,Budget
2026-01-01,CC400,3000,640000,Opex,1449.93,1414.62,-35.31000000000017,-0.024352899795162645,Budget
2026-02-01,CC400,3000,640000,Opex,1596.52,1482.46,-114.05999999999995,-0.07144288828201334,Budget
2026-03-01,CC400,3000,640000,Opex,1869.57,1624.84,-244.73000000000002,-0.1309017581582931,Budget
2026-04-01,CC400,3000,640000,Opex,1592.8,1638.92,46.12000000000012,0.02895529884480168,Budget
2026-05-01,CC400,3000,640000,Opex,1487.04,1741.73,254.69000000000005,0.1712731332042178,Budget
2026-06-01,CC400,3000,640000,Opex,1684.44,1486.41,-198.02999999999997,-0.11756429436489277,Budget
2026-07-01,CC400,3000,640000,Opex,1488.51,1741.12,252.6099999999999,0.16970661937104883,Budget
2026-08-01,CC400,3000,640000,Opex,1397.16,1458.79,61.62999999999988,0.04411091070457204,Budget
2026-09-01,CC400,3000,640000,Opex,1525.97,2093.94,567.97,0.3722025990026016,Budget
2026-10-01,CC400,3000,640000,Opex,2063.96,1449.82,-614.1400000000001,-0.29755421616698,Budget
2026-11-01,CC400,3000,640000,Opex,1550.77,1762.61,211.83999999999992,0.13660310684369695,Budget
2026-12-01,CC400,3000,640000,Opex,1758.27,1603.24,-155.02999999999997,-0.08817189623891665,Budget
2026-01-01,CC500,1000,500000,Opex,442833.22,484633.88,41800.66000000003,0.09439368618280272,Budget
2026-02-01,CC500,1000,500000,Opex,392153.54,455605.66,63452.119999999995,0.16180427696763874,Budget
2026-03-01,CC500,1000,500000,Opex,458161.94,502101.43,43939.48999999999,0.09590384133610048,Budget
2026-04-01,CC500,1000,500000,Opex,471205.91,477919.67,6713.760000000009,0.014248038612249174,Budget
2026-05-01,CC500,1000,500000,Opex,481067.15,489372.43,8305.27999999997,0.01726428420647714,Budget
2026-06-01,CC500,1000,500000,Opex,526192.31,489063.29,-37129.02000000008,-0.0705616925492508,Budget
2026-07-01,CC500,1000,500000,Opex,497476.92,451562.32,-45914.59999999998,-0.09229493500924621,Budget
2026-08-01,CC500,1000,500000,Opex,467502.86,552139.48,84636.62,0.18103979085817784,Budget
2026-09-01,CC500,1000,500000,Opex,525725.24,541487.77,15762.530000000028,0.029982448626586822,Budget
2026-10-01,CC500,1000,500000,Opex,502486.87,526476.24,23989.369999999995,0.047741287249953406,Budget
2026-11-01,CC500,1000,500000,Opex,440585.12,586315.01,145729.89,0.33076443888981094,Budget
2026-12-01,CC500,1000,500000,Opex,483724.84,426639.16,-57085.68000000005,-0.11801271152417984,Budget
2026-01-01,CC500,1000,500100,Opex,147646.24,183442.68,35796.44,0.2424473525367121,Budget
2026-02-01,CC500,1000,500100,Opex,173180.05,184737.65,11557.600000000006,0.0667374792881744,Budget
2026-03-01,CC500,1000,500100,Opex,172111.58,198721.77,26610.190000000002,0.154610108163553,Budget
2026-04-01,CC500,1000,500100,Opex,220851.33,192199.15,-28652.179999999993,-0.1297351480744988,Budget
2026-05-01,CC500,1000,500100,Opex,185910.08,229033.03,43122.95000000001,0.23195595419032694,Budget
2026-06-01,CC500,1000,500100,Opex,192690.02,209138.94,16448.920000000013,0.08536467015780067,Budget
2026-07-01,CC500,1000,500100,Opex,183975.16,187633.11,3657.9499999999825,0.019882847227853925,Budget
2026-08-01,CC500,1000,500100,Opex,196770.6,228176.77,31406.169999999984,0.159608041038651,Budget
2026-09-01,CC500,1000,500100,Opex,210763.14,205883.53,-4879.610000000015,-0.02315210335165824,Budget
2026-10-01,CC500,1000,500100,Opex,209922.47,196654.89,-13267.579999999987,-0.06320228606304026,Budget
2026-11-01,CC500,1000,500100,Opex,236896.26,213509.24,-23387.02000000002,-0.09872262229889159,Budget
2026-12-01,CC500,1000,500100,Opex,233889.47,210616.94,-23272.53,-0.09950225634356262,Budget
2026-01-01,CC500,1000,600000,Opex,95115.94,101004.61,5888.669999999998,0.06191044319175101,Budget
2026-02-01,CC500,1000,600000,Opex,97414.82,95959.23,-1455.590000000011,-0.014942182308605723,Budget
2026-03-01,CC500,1000,600000,Opex,96893.49,103363.07,6469.580000000002,0.06677001726328571,Budget
2026-04-01,CC500,1000,600000,Opex,99806.57,103503.17,3696.5999999999913,0.03703764191074787,Budget
2026-05-01,CC500,1000,600000,Opex,98877.41,102789.65,3912.2399999999907,0.039566570362229256,Budget
2026-06-01,CC500,1000,600000,Opex,101633.69,103685.44,2051.75,0.020187695635177666,Budget
2026-07-01,CC500,1000,600000,Opex,103737.35,106888.93,3151.579999999987,0.030380378908849967,Budget
2026-08-01,CC500,1000,600000,Opex,103177.58,106372.94,3195.3600000000006,0.030969518765607804,Budget
2026-09-01,CC500,1000,600000,Opex,103836.24,104264.84,428.59999999999127,0.004127653312562081,Budget
2026-10-01,CC500,1000,600000,Opex,111014.93,108806.93,-2208.0,-0.01988921670265432,Budget
2026-11-01,CC500,1000,600000,Opex,110029.83,109751.38,-278.4499999999971,-0.002530677362675168,Budget
2026-12-01,CC500,1000,600000,Opex,113759.26,112412.78,-1346.479999999996,-0.011836223266571846,Budget
2026-01-01,CC500,1000,600100,Opex,18869.95,20108.02,1238.0699999999997,0.06561066669493028,Budget
2026-02-01,CC500,1000,600100,Opex,19902.02,20529.96,627.9399999999987,0.03155157114704933,Budget
2026-03-01,CC500,1000,600100,Opex,19791.37,20382.65,591.2800000000025,0.029875647820236925,Budget
2026-04-01,CC500,1000,600100,Opex,21313.07,20944.0,-369.0699999999997,-0.017316604318383024,Budget
2026-05-01,CC500,1000,600100,Opex,20814.97,20936.04,121.06999999999971,0.005816486884199194,Budget
2026-06-01,CC500,1000,600100,Opex,21103.82,20674.1,-429.72000000000116,-0.020362190352268033,Budget
2026-07-01,CC500,1000,600100,Opex,21524.93,20829.61,-695.3199999999997,-0.0323030086508992,Budget
2026-08-01,CC500,1000,600100,Opex,20797.01,22362.7,1565.6900000000023,0.07528437982190721,Budget
2026-09-01,CC500,1000,600100,Opex,21623.5,21476.49,-147.0099999999984,-0.006798621869724994,Budget
2026-10-01,CC500,1000,600100,Opex,22022.91,22399.77,376.8600000000006,0.01711217999801119,Budget
2026-11-01,CC500,1000,600100,Opex,22946.12,22509.97,-436.1499999999978,-0.019007570778850534,Budget
2026-12-01,CC500,1000,600100,Opex,22989.24,22670.72,-318.52000000000044,-0.013855177465631766,Budget
2026-01-01,CC500,1000,600200,Opex,7347.27,7420.23,72.95999999999913,0.00993021897929423,Budget
2026-02-01,CC500,1000,600200,Opex,7620.27,7746.34,126.06999999999971,0.01654403321667076,Budget
2026-03-01,CC500,1000,600200,Opex,7769.81,7643.09,-126.72000000000025,-0.016309279120081475,Budget
2026-04-01,CC500,1000,600200,Opex,7475.92,7860.78,384.8599999999997,0.051479951631371076,Budget
2026-05-01,CC500,1000,600200,Opex,7823.46,8105.7,282.2399999999998,0.03607610954743806,Budget
2026-06-01,CC500,1000,600200,Opex,7878.23,8082.21,203.98000000000047,0.02589160255539639,Budget
2026-07-01,CC500,1000,600200,Opex,8240.84,8136.66,-104.18000000000029,-0.012641915144572675,Budget
2026-08-01,CC500,1000,600200,Opex,8122.63,7846.41,-276.22000000000025,-0.03400622704715101,Budget
2026-09-01,CC500,1000,600200,Opex,8426.72,8151.0,-275.71999999999935,-0.032719729621964344,Budget
2026-10-01,CC500,1000,600200,Opex,8141.2,8431.66,290.46000000000004,0.03567778705841891,Budget
2026-11-01,CC500,1000,600200,Opex,8623.3,8324.38,-298.9200000000001,-0.03466422367307181,Budget
2026-12-01,CC500,1000,600200,Opex,8349.2,8569.81,220.60999999999876,0.0264228908158864,Budget
2026-01-01,CC500,2000,500000,Opex,203524.96,251492.06,47967.100000000006,0.2356816579155697,Budget
2026-02-01,CC500,2000,500000,Opex,247083.93,223927.04,-23156.889999999985,-0.09372074501162413,Budget
2026-03-01,CC500,2000,500000,Opex,266937.46,211969.95,-54967.51000000001,-0.20591905684574957,Budget
2026-04-01,CC500,2000,500000,Opex,260281.5,224932.26,-35349.23999999999,-0.13581157323897391,Budget
2026-05-01,CC500,2000,500000,Opex,249989.44,243796.28,-6193.1600000000035,-0.024773686440515263,Budget
2026-06-01,CC500,2000,500000,Opex,218265.11,246718.05,28452.940000000002,0.13035954303461514,Budget
2026-07-01,CC500,2000,500000,Opex,252826.77,260369.34,7542.570000000007,0.029832956375624334,Budget
2026-08-01,CC500,2000,500000,Opex,243115.61,295219.51,52103.90000000002,0.21431737764596862,Budget
2026-09-01,CC500,2000,500000,Opex,266888.37,277625.8,10737.429999999993,0.0402319141894418,Budget
2026-10-01,CC500,2000,500000,Opex,305995.29,270558.91,-35436.380000000005,-0.11580694591737019,Budget
2026-11-01,CC500,2000,500000,Opex,268403.85,243207.99,-25195.859999999986,-0.09387294556318766,Budget
2026-12-01,CC500,2000,500000,Opex,257661.22,240304.84,-17356.380000000005,-0.06736124279781026,Budget
2026-01-01,CC500,2000,500100,Opex,103085.85,105700.7,2614.8499999999913,0.025365750973581642,Budget
2026-02-01,CC500,2000,500100,Opex,113312.55,107486.72,-5825.830000000002,-0.0514138107385281,Budget
2026-03-01,CC500,2000,500100,Opex,108926.84,88555.21,-20371.62999999999,-0.18702121534049818,Budget
2026-04-01,CC500,2000,500100,Opex,107599.22,105862.18,-1737.0400000000081,-0.016143611449971552,Budget
2026-05-01,CC500,2000,500100,Opex,105684.31,104278.44,-1405.8699999999953,-0.01330254226005729,Budget
2026-06-01,CC500,2000,500100,Opex,123608.52,110348.25,-13260.270000000004,-0.10727634308702995,Budget
2026-07-01,CC500,2000,500100,Opex,115891.75,118341.36,2449.6100000000006,0.02113705246490799,Budget
2026-08-01,CC500,2000,500100,Opex,113751.21,123736.36,9985.149999999994,0.08778060470741361,Budget
2026-09-01,CC500,2000,500100,Opex,91681.93,120984.26,29302.33,0.319608564086729,Budget
2026-10-01,CC500,2000,500100,Opex,121068.65,119837.14,-1231.5099999999948,-0.010171997457640726,Budget
2026-11-01,CC500,2000,500100,Opex,111516.44,111757.25,240.80999999999767,0.002159412549396283,Budget
2026-12-01,CC500,2000,500100,Opex,100548.42,129696.43,29148.009999999995,0.289890283706099,Budget
2026-01-01,CC500,2000,600000,Opex,50398.69,54221.99,3823.2999999999956,0.07586109877062272,Budget
2026-02-01,CC500,2000,600000,Opex,51872.87,55032.05,3159.1800000000003,0.060902356087102955,Budget
2026-03-01,CC500,2000,600000,Opex,54013.79,55887.14,1873.3499999999985,0.034682809704706864,Budget
2026-04-01,CC500,2000,600000,Opex,57371.91,57034.97,-336.9400000000023,-0.005872908885201875,Budget
2026-05-01,CC500,2000,600000,Opex,56553.83,54058.35,-2495.480000000003,-0.04412574709794196,Budget
2026-06-01,CC500,2000,600000,Opex,58307.59,56598.24,-1709.3499999999985,-0.029316080462251974,Budget
2026-07-01,CC500,2000,600000,Opex,60055.91,59145.14,-910.7700000000041,-0.015165368404208745,Budget
2026-08-01,CC500,2000,600000,Opex,56141.17,58047.07,1905.9000000000015,0.03394834842237883,Budget
2026-09-01,CC500,2000,600000,Opex,56660.15,57258.29,598.1399999999994,0.010556625776670188,Budget
2026-10-01,CC500,2000,600000,Opex,59995.19,59384.95,-610.2400000000052,-0.010171482080480205,Budget
2026-11-01,CC500,2000,600000,Opex,61389.58,60444.58,-945.0,-0.015393491859693452,Budget
2026-12-01,CC500,2000,600000,Opex,61455.61,60609.58,-846.0299999999988,-0.013766521884657866,Budget
2026-01-01,CC500,2000,600100,Opex,10524.19,10892.1,367.90999999999985,0.034958509871068445,Budget
2026-02-01,CC500,2000,600100,Opex,10987.04,11308.44,321.39999999999964,0.029252646754721893,Budget
2026-03-01,CC500,2000,600100,Opex,10805.63,11245.13,439.5,0.04067324163422216,Budget
2026-04-01,CC500,2000,600100,Opex,11166.15,11573.4,407.25,0.036471836756626054,Budget
2026-05-01,CC500,2000,600100,Opex,11927.75,11398.74,-529.0100000000002,-0.044351197836976816,Budget
2026-06-01,CC500,2000,600100,Opex,11851.8,11705.83,-145.96999999999935,-0.012316272633692718,Budget
2026-07-01,CC500,2000,600100,Opex,11797.99,11658.74,-139.25,-0.011802857944446469,Budget
2026-08-01,CC500,2000,600100,Opex,11485.64,12148.2,662.5600000000013,0.05768594523248172,Budget
2026-09-01,CC500,2000,600100,Opex,11943.07,12345.15,402.0799999999999,0.03366638561106985,Budget
2026-10-01,CC500,2000,600100,Opex,12266.61,12245.09,-21.520000000000437,-0.0017543559304486272,Budget
2026-11-01,CC500,2000,600100,Opex,12274.82,12223.54,-51.279999999998836,-0.004177658002316844,Budget
2026-12-01,CC500,2000,600100,Opex,12619.21,12615.96,-3.25,-0.00025754385575642216,Budget
2026-01-01,CC500,2000,600200,Opex,3945.16,4103.6,158.4400000000005,0.04016060185138259,Budget
2026-02-01,CC500,2000,600200,Opex,4125.83,4209.47,83.64000000000033,0.02027228460697613,Budget
2026-03-01,CC500,2000,600200,Opex,4228.06,4095.68,-132.38000000000056,-0.03130986788266972,Budget
2026-04-01,CC500,2000,600200,Opex,4262.94,4342.88,79.94000000000051,0.018752316476422497,Budget
2026-05-01,CC500,2000,600200,Opex,4376.47,4139.17,-237.30000000000018,-0.05422178148142228,Budget
2026-06-01,CC500,2000,600200,Opex,4593.69,4493.26,-100.42999999999938,-0.02186259847747658,Budget
2026-07-01,CC500,2000,600200,Opex,4513.2,4358.5,-154.69999999999982,-0.03427723123282811,Budget
2026-08-01,CC500,2000,600200,Opex,4451.48,4506.88,55.400000000000546,0.01244529909153822,Budget
2026-09-01,CC500,2000,600200,Opex,4523.43,4582.16,58.72999999999956,0.012983510300811456,Budget
2026-10-01,CC500,2000,600200,Opex,4628.82,4606.96,-21.859999999999673,-0.004722585885819642,Budget
2026-11-01,CC500,2000,600200,Opex,4525.29,4944.81,419.52000000000044,0.09270566085267473,Budget
2026-12-01,CC500,2000,600200,Opex,4849.45,4701.31,-148.13999999999942,-0.030547794079740884,Budget
2026-01-01,CC500,3000,500000,Opex,125490.81,118248.21,-7242.599999999991,-0.057714186401378646,Budget
2026-02-01,CC500,3000,500000,Opex,126903.77,113776.76,-13127.01000000001,-0.10344066216472536,Budget
2026-03-01,CC500,3000,500000,Opex,108335.86,134702.31,26366.449999999997,0.24337693908554375,Budget
2026-04-01,CC500,3000,500000,Opex,131523.56,117800.84,-13722.720000000001,-0.1043365918623249,Budget
2026-05-01,CC500,3000,500000,Opex,123953.25,133536.02,9582.76999999999,0.07730955017314987,Budget
2026-06-01,CC500,3000,500000,Opex,132386.89,143165.96,10779.069999999978,0.08142097756054226,Budget
2026-07-01,CC500,3000,500000,Opex,139556.4,101062.7,-38493.7,-0.27582898383735893,Budget
2026-08-01,CC500,3000,500000,Opex,136180.55,130553.15,-5627.399999999994,-0.04132308174698953,Budget
2026-09-01,CC500,3000,500000,Opex,100607.07,150825.28,50218.20999999999,0.4991518985693549,Budget
2026-10-01,CC500,3000,500000,Opex,175782.29,112772.01,-63010.28000000001,-0.3584563609906323,Budget
2026-11-01,CC500,3000,500000,Opex,133032.52,158518.53,25486.01000000001,0.19157729252967629,Budget
2026-12-01,CC500,3000,500000,Opex,136273.51,131319.89,-4953.619999999995,-0.03635057172887082,Budget
2026-01-01,CC500,3000,500100,Opex,56735.01,48666.71,-8068.300000000003,-0.1422102507781351,Budget
2026-02-01,CC500,3000,500100,Opex,59687.32,51633.5,-8053.82,-0.1349335168675692,Budget
2026-03-01,CC500,3000,500100,Opex,55019.11,59431.85,4412.739999999998,0.08020376919946538,Budget
2026-04-01,CC500,3000,500100,Opex,53433.9,56851.55,3417.6500000000015,0.06396033229840983,Budget
2026-05-01,CC500,3000,500100,Opex,53154.41,64990.62,11836.21,0.2226759736398165,Budget
2026-06-01,CC500,3000,500100,Opex,53643.41,53840.72,197.30999999999767,0.0036781778041328405,Budget
2026-07-01,CC500,3000,500100,Opex,53278.43,52442.39,-836.0400000000009,-0.015691903834253392,Budget
2026-08-01,CC500,3000,500100,Opex,52857.78,51450.95,-1406.8300000000017,-0.02661538187945089,Budget
2026-09-01,CC500,3000,500100,Opex,54355.42,57739.89,3384.470000000001,0.062265547759542676,Budget
2026-10-01,CC500,3000,500100,Opex,50844.82,57703.62,6858.800000000003,0.1348967308764197,Budget
2026-11-01,CC500,3000,500100,Opex,57504.66,60448.46,2943.7999999999956,0.05119237293116759,Budget
2026-12-01,CC500,3000,500100,Opex,62367.25,60645.72,-1721.5299999999988,-0.027603109003523467,Budget
2026-01-01,CC500,3000,600000,Opex,25439.33,25639.51,200.17999999999665,0.007868917931407652,Budget
2026-02-01,CC500,3000,600000,Opex,25722.85,27402.58,1679.7300000000032,0.06530108444437546,Budget
2026-03-01,CC500,3000,600000,Opex,27577.35,28051.8,474.4500000000007,0.017204336167180704,Budget
2026-04-01,CC500,3000,600000,Opex,27385.16,27577.7,192.54000000000087,0.007030815229854449,Budget
2026-05-01,CC500,3000,600000,Opex,27303.34,28152.08,848.7400000000016,0.031085574145873787,Budget
2026-06-01,CC500,3000,600000,Opex,29198.35,28109.4,-1088.949999999997,-0.037294915637356124,Budget
2026-07-01,CC500,3000,600000,Opex,29086.4,28713.05,-373.3500000000022,-0.01283589581385122,Budget
2026-08-01,CC500,3000,600000,Opex,28160.8,28047.68,-113.11999999999898,-0.004016931337177885,Budget
2026-09-01,CC500,3000,600000,Opex,28219.03,30301.49,2082.4600000000028,0.07379629987281643,Budget
2026-10-01,CC500,3000,600000,Opex,29160.42,30359.79,1199.3700000000026,0.041130066027855655,Budget
2026-11-01,CC500,3000,600000,Opex,30914.9,30167.66,-747.2400000000016,-0.024170869063137892,Budget
2026-12-01,CC500,3000,600000,Opex,30812.34,30993.37,181.02999999999884,0.005875243490108146,Budget
2026-01-01,CC500,3000,600100,Opex,5172.03,5355.17,183.14000000000033,0.035409694065966425,Budget
2026-02-01,CC500,3000,600100,Opex,5583.98,5424.28,-159.69999999999982,-0.02859967263493061,Budget
2026-03-01,CC500,3000,600100,Opex,5814.09,5814.02,-0.06999999999970896,-1.2039717307387564e-05,Budget
2026-04-01,CC500,3000,600100,Opex,5677.68,5576.7,-100.98000000000047,-0.017785433486917274,Budget
2026-05-01,CC500,3000,600100,Opex,5774.12,5708.51,-65.60999999999967,-0.011362770430818838,Budget
2026-06-01,CC500,3000,600100,Opex,5741.16,5791.71,50.55000000000018,0.0088048408335598,Budget
2026-07-01,CC500,3000,600100,Opex,6010.89,6044.37,33.47999999999956,0.005569890648472948,Budget
2026-08-01,CC500,3000,600100,Opex,5901.99,5988.64,86.65000000000055,0.014681488785985837,Budget
2026-09-01,CC500,3000,600100,Opex,5885.91,6190.86,304.9499999999998,0.05181017038996516,Budget
2026-10-01,CC500,3000,600100,Opex,6276.39,6172.38,-104.01000000000022,-0.01657162795810971,Budget
2026-11-01,CC500,3000,600100,Opex,6281.25,6210.87,-70.38000000000011,-0.011204776119403003,Budget
2026-12-01,CC500,3000,600100,Opex,6279.45,6356.11,76.65999999999985,0.012208075548017717,Budget
2026-01-01,CC500,3000,600200,Opex,1917.64,2092.44,174.79999999999995,0.09115370976825679,Budget
2026-02-01,CC500,3000,600200,Opex,2088.16,2145.05,56.89000000000033,0.027244080913340133,Budget
2026-03-01,CC500,3000,600200,Opex,2106.08,2208.4,102.32000000000016,0.048583149737901773,Budget
2026-04-01,CC500,3000,600200,Opex,2003.83,2149.56,145.73000000000002,0.07272573022661605,Budget
2026-05-01,CC500,3000,600200,Opex,2088.81,2165.41,76.59999999999991,0.0366715977039558,Budget
2026-06-01,CC500,3000,600200,Opex,2239.91,2214.6,-25.309999999999945,-0.011299561143081617,Budget
2026-07-01,CC500,3000,600200,Opex,2247.0,2238.49,-8.510000000000218,-0.0037872719181131368,Budget
2026-08-01,CC500,3000,600200,Opex,2262.74,2210.54,-52.19999999999982,-0.023069376066185168,Budget
2026-09-01,CC500,3000,600200,Opex,2233.75,2193.81,-39.940000000000055,-0.017880246222719665,Budget
2026-10-01,CC500,3000,600200,Opex,2366.39,2317.44,-48.94999999999982,-0.020685516757592712,Budget
2026-11-01,CC500,3000,600200,Opex,2277.44,2345.54,68.09999999999991,0.029901995222706156,Budget
2026-12-01,CC500,3000,600200,Opex,2331.87,2373.68,41.809999999999945,0.01792981598459603,Budget
